key,11,12,13
#,Name,Impression,Description
offset,0,4,8
int32,str,str,str
2162688,梭魚埠頭,某位商人所見的風景。向下望去，三艘紅帆軍艦列隊停泊，彰顯著利姆薩·羅敏薩作為海之都的深厚實力。,軍用埠頭，利姆薩·羅敏薩引以為傲的旗艦艦隊「黑渦艦隊」在此停泊。一般市民是禁止進入的，不過，可以從視野好的地方看到旗艦凱旋號及整個艦隊的英姿。
2162689,阿斯塔利西亞號海盜船,某個海盜所見的景色。喝酒之後就會情緒高漲，便會非常囂張地到不好惹的傢伙們的地盤上去張望。結果第二天醒來時發現自己被吊起來了。,三大海盜之首的海盜團「斷罪黨」擁有的大型帆船。雖然表面上對外宣稱這是一艘外國籍的商務船，但其實每個人心裡都清楚，那是大海盜希爾菲厄的私有船。船內則是各路海盜們的社交場所。
2162690,海詞石窟的紀念碑,某位水手所見的風景。其在出海打漁之前固定會做的儀式，在遠離陽光的洞穴中為逝去的同伴們祈禱。悄然的雨聲，為祈禱伴上了一曲安穩的鎮魂歌。,船員們的紀念碑。紀念碑上刻有傳說會運送靈魂的黑尾鷗，以及一首鎮魂歌：「我是支撐船隻的波浪，我是指引海員的微風。我是夜晚的星星，我是早晨的天空。我生於大海之中，亦將逝於大海之中。」
2162691,天梯,某位運貨人所見的風景。辛苦勞動的工作中抽空看看美景可以說是最好的休息。藍天下的氣球真是美妙。,第七靈災時，天地巨變導致這裡的地形發生了極大的變化。為了跨越這新生的橫斷崖，利姆薩·羅敏薩的運貨人共同搭建起了能夠運送貨物的升降機。除升降機外，有時他們還會使用氣球上下傳遞物資。
2162692,拉撒格蘭東路,某位警備兵所見的風景。灰色的天空有如灰色的心情，只有登高遠望前人開拓出的道路，回顧開拓者的辛勞，才能讓心緒得到舒展。,連接中拉諾西亞和拉諾西亞低地、並通往東拉諾西亞的一條道路。這條路是以一位精靈族的冒險者「拉撒格蘭」的名字命名。在人們遷入到這個島嶼的早期時候，他曾與建國船加拉迪翁號的領航員德內維爾一起，在島上探索並記錄下地形的結構。
2162693,砂鹽灘,某位捕魚人所見的風景。在放浪神的守護下，低垂的釣竿探索著水中的魚群。每次看到眼前這些鹽柱都讓人回想起5年前的慘劇。,靈災之時，墜落的衛月碎片貫穿了沙灘的地脈，使得大量的乙太噴出形成偏屬性水晶。也因此使得海水中的鹽分結晶化，形成了巨大的鹽柱。
2162694,赤血雄雞農場的田地,某位農夫所見的風景。農夫每天都要起得很早，每天早起之後都有一項必做的事：站在大門之上，望向晨霧中的田地。雖然簡單卻能振奮一天的心情。,由一名園藝工建立的實驗農場。這裡不僅栽培農作物，也會飼養一些渡渡鳥和綿羊之類的家禽和家畜。農場的名字也頗有來歷，當初人們為了取樂而讓白雞和紅雞相鬥，可最終卻由於戰鬥慘烈而使兩隻雞渾身上下都染成了血紅色。
2162695,釀酒師燈塔,某位燈塔看守人所見的風景。藍色的天空，藍色的大海。引導船隻的燈光熄滅之後，喝上一大口小麥酒，放眼張望遼闊的大海，簡直人生一大樂事。,在雨燕塔坍塌之後，人們建造了這座新的燈塔來指引航船。因為這裡主要指引的是出入小麥酒港的船隻，所以人們給其冠上了釀酒師的名號。在燈塔上可以一覽為警戒水神利維亞桑海嘯而設定的緩衝帶。
2162696,製革匠公會,某位製革匠所見的風景。小的時候經常在公會內尋找特別的立足點，能夠居高臨下俯視工匠的工作也別有一番樂趣。尤其是在陰天的午後，屋子高處的風稍微有些涼颼颼的。,格里達尼亞的製革匠在整個艾歐澤亞都頗有名氣，他們組成的工作室每天都在沉迷於對森林的恩惠進行加工。飛·烏爾工作室是其中尤為著名的一家工作室，技術不夠的公會成員甚至沒有資格冠上這個品牌，他們提供的商品一直都是供不應求。
2162697,碧企鵝瀑布,某個少年所見的風景。小瀑布的潺潺流水最能引起少年的興趣。在假裝睡了之後偷偷從家中溜出來，經過別人都不知道的秘密路線登到大人都無法觸及的高點，成就感油然而生。,據說很久以前，人們在這個活水湧流形成的小瀑布試養過碧企鵝這種鳥類，瀑布的名字也由此而來。第六星曆末期，賢人路易索瓦造訪格里達尼亞時喜歡來此進行思索，也讓這裡更加有名。
2162698,彎枝牧場,某個牧童所見的風景。氣球上的莫古力彷彿很享受陽光的照射。這樣的天氣實在是讓人想要坐下休息片刻啊。,由「莫古力禮峰」經營的牧場，致力於讓陸行鳥能夠安定地進行繁殖，為此還專門從該項手藝的發源地伊修加德招來了飼養員。印有莫古力圖案的氣球是這裡最顯著的標誌。
2162699,十二神大聖堂,某位園藝工所見的風景。陽光下的泉水閃閃發光，庭院中充滿了莊嚴的感覺。在如此環境下，相信即使是毫無信仰的人，也會誠心獻上一份祈禱吧。,在大冰雪時代之後，人們飽受飢餓和病痛的折磨，這座大聖堂就是當時的人們希冀得到所有十二神的加護而建造的。在第七靈災後的困難時代，為了再次得到神的加護，格里達尼亞的人民們對這裡進行了修繕。
2162700,妖精暫留地,某位博物學家所見的風景。為了更多了解妖精族在空中飛行時是什麼樣的感受而爬到了樹屋的屋頂上。映入眼中的，則是黑暗中的燈火通明。,在妖精族內部也並沒有對召喚雷神拉姆達成一致，暫留地的妖精們就是反對召喚的一派，他們離開了妖精領，來到這附近搭建起了一個暫時居住的村落。這裡的住房是植物的枝葉和果實被施加了魔法後變化而成的，懸掛於樹木之上，造型非常奇妙。因為妖精族可以飛行，所以房屋上完全沒有設立梯子。
2162701,御道,某位近衛騎士所見的景色。漫長的夜巡結束了，回到三塊銀板上與同僚敬禮交接。天色漸明，該回宿捨去好好睡一覺了。,烏爾達哈政府層的步行道。通向皇宮正門的這條道路上，有近衛兵團「銀胄團」的騎士看守在兩側。在王權強大的時期，路上聚滿了為拜見王族而來的民眾。可現今，這條路也不過就是富裕階層的人拿來散步用的道路罷了。
2162702,黃金廣場,某位雜技演員所見的景色。小氣的市民不見到騰雲駕霧的真功夫是不會投錢的，華麗地跳上通風庭院東側的路燈上，俯視這些來往的傢伙們吧。,黃金廣場在烏爾達哈的中心部，廣場中間配有噴水池，廣大市民都可以在這裡乘涼歇息。雖然黃金廣場曾是王族舞會專用的場所，可是近年來國家經濟困難難以維護，所以廣場的管理權也就移交給了普通市民。
2162703,貿易城邦烏爾達哈,某位冒險者所見的風景。站在豐饒神井的篷子上遙望沙之都，天上的星光與城中的燈光遙相呼應，真不愧於「荒野的寶石」這一美名。,屹立在荒涼沙漠薩納蘭的貿易城邦。高大的城牆內，無數圓形屋頂的建築物坐落其中。這個光景曾治癒過無數旅途勞累的旅行者。城市因貿易的緣故非常富裕，因此享有「荒野的寶石」這一美名。
2162704,希拉狄哈遺跡,某位冒險者所見的風景。滿天濃霧干擾了前行的路線，一不小心從懸崖上跌落，出現在眼前的竟然是昔日王國的廢墟，真是令人膽戰心驚。,古都希拉狄哈的遺跡。約400年前，這座城市因敗北於烏爾達哈而滅亡，時過百年，已被埋入沙中。烏爾達哈遷都之後，與埋在沙中的希拉狄哈有一部分重疊。
2162705,古菩猩猩的遺骸,某位園藝工所見的風景。慈悲的雨水降臨到乾涸的大地之上，令美麗的鮮花重新盛開。這一定是在慰藉這頭生物的遺骸吧。,被有很多罕見花草所簇擁的古菩猩猩遺骸。在靈災之時，陷入恐慌的古菩猩猩從庫爾札斯山上跑了下來，在穿過黑衣森林的時候，黏上了很多奇花異草的種子，然後在這裡筋疲力竭。
2162706,消逝王都,某位冒險者所見的風景。討伐任務結束後，站在已經倒塌的建築物上向上望去，低垂的雲層下，古老的廢墟依舊挺立在岩石後面。,火牆周邊的地面因為衛月碎片的墜落而產生了巨大的裂痕。在裂痕之下顯露出的是壯麗的遺跡。經研究表明，這裡很可能是貝拉哈迪亞後期塔塔梅夫一世的墓地。
2162707,跨天橋,某位商人所見的景色，從沙之都走向森之都的路，途中在石橋停泊一晚，第二天清晨所見的古老王像莊重而威嚴。,跨天橋是薩納蘭與黑衣森林相互往來用的石橋。作為格里達尼亞重要的貿易道路，由銅刃團蘭花聯隊旗下的防禦部隊駐守。另外，這裡對調查消逝王都的學者們來說也是重要的地點。
2162708,輕聲谷,聽某位農夫所說的傳聞。舉辦酒宴的好地方，飛濺的水花閃著晶瑩的光芒，即使在陽光下也令人感到清涼舒爽。,在源自奧·哥摩羅的尼姆河常年的侵蝕下形成的溪谷。無數細小的瀑布與潺潺流水共同演奏出清澈的交響樂。由於溪谷遮蔽了陽光，所以這裡成為了酒宴避暑的好地方，也因此受當地人喜愛。
2162709,盛夏農莊,從酒館聽到的傳聞。海賊們雖然放棄了原本的行當，可是一沾酒就又會回到從前那種動手打架的樣子，這時候還是登上坡道看戲比較好。,依照梅爾維布提督推行的遷入政策而開發的村落。目前由一些金盆洗手的海盜和資深農夫協力開拓。依靠無賴川豐富的水資源恩惠，使得拉諾西亞香橙的栽培取得了很大成功。
2162710,灰艦風車群,聽某位商人所說的傳聞。原本是為了避雨而躲在了小屋裡，可是蠻族卻突然出現了，沒辦法只好慌慌張張地跑到房頂上伺機逃跑。,這裡的風車主要用來研磨赤血雄雞農場的小麥和對羊毛進行縮絨。風車的扇葉都是利用的帆布，遠遠看去給人一種艦隊的感覺。
2162711,隱秘瀑布,聽某位女性所說的傳聞。坐在椅子上的客人的視線甚至比天上的太陽更加火熱。,由永恆川的流水形成的瀑布。富豪格格魯玖在瀑布潭所在的海岸準備了住宿設施，用來接待貴賓。或許還有專屬的舞女進行的特別招待。
2162712,白鷗塔,聽某位傭兵所說的傳聞。雨天的時候視野很不好，所以為了警惕來自大海的威脅，一定要站到高處進行監視。,由拉諾西亞特有的白色火山岩建成的小塔。既能夠作為燈塔，提示靠近的船隻已航行到深度較淺的海域；同時也能夠作為監視塔，監視著魚人族以及海盜的動向。塔的周圍棲息著大量白色海鷗，白鷗塔因此得名。
2162713,小麥酒港的利姆萊茵像,聽某位釀造師所說的傳聞。載滿酒桶的船隻總是會慢悠悠地駛出港口。而送行的人們則會對美麗的女神獻上祈禱。,對於長期航海的船隻來說，小麥酒港是補充必要物資的重要海港。在其中心部，豎立著航海女神利姆萊茵的雕像。這座由魯加族著名雕刻家雕刻而成的美麗女神像，至今仍在守護著出行的航船。
2162714,船舶墓場,聽某位燈塔看守所說的傳聞。散亂的漂浮物總是散發著令人毛骨悚然的氣息。太陽落山之後千萬不要到那裡去。,在海上遇難的船隻隨著洋流漂到了這裡，久而久之便成為了遇難船沉眠的墓場。根據當地人的傳言，很多船都是受到傳說中的魔物「塞壬」的魅惑而遇難的。
2162715,骷髏谷營地,從酒館聽到的傳聞。為了保持警戒，防衛據點總是會選在視野良好的地方，不過一般人很少有勇氣走進去。,黑渦團的軍事據點。起初為了警告南下的地靈族，曾將地靈族頭骨排列在山谷間，因而命名骷髏谷。如今，骷髏谷營地則是作為防禦二分石地一帶的魚人族的重要據點，發揮著無可替代的作用。
2162716,南北防波堤,從酒館聽到的傳聞。為了尋找重要的設備而爬到了篷子頂上，沒想到意外地還挺結實。,黑渦團的防禦壁。建造在被魚人族佔領的二分石地與骷髏谷的邊界間。因為魚人族的攻勢經常被比做「海浪」，所以這座高大的牆壁也就得到了防波堤的名字。現在的防波堤仍然在堅守其職責，抵擋著魚人族一波又一波的猛攻。
2162717,石綠湖營地,從酒館聽到的傳聞。泡澡泡暈了的時候，出來到高處吹吹涼風會有些緩解的效果。而且吹風的時候能夠看到的景色也是人間絕品。,受到靈災的影響，石綠湖水位大幅下降，原本潛藏在湖底的古代尼姆遺跡也得以重見天日。人們見有溫水湧出，於是將這裡建設成了面向傷兵的溫泉療養地。同時也建起了面向一般人的溫酒療養院。
2162718,撒拉奧斯的遺骸,聽某位博物學家所說的傳聞。要感受其輝煌的過去，一定要在晴朗的日子攀到其身軀的最高處。,露出地表的巨大古代生物化石。與曾經女神利姆萊茵解放的海蛇撒拉奧斯有淵源，所以被稱作撒拉奧斯的遺骸。另外，在這附近發現的海洋生物化石，也揭示了這座島嶼曾經處於海底深處。
2162719,吉吉盧恩交易站,從酒館聽到的傳聞。為了躲避魔貝的追趕，爬到了徹夜發光的燈上。可是等到準備下來的時候卻需要相當的勇氣。,盧恩族的商人吉吉盧恩經營的交易站。與他的兄弟梅梅盧恩經營的交易站是競爭關係。至於為什麼要在人煙稀少的地方開店，那就不得而知了。
2162720,尼姆浮游遺跡,聽某位冒險者所說的傳聞。漂浮在空中的神秘遺跡令人難以忘懷，水晶所發出光輝猶如地上的繁星。,古代尼姆城邦的遺跡。在第五星曆時代，尼姆文明曾在威爾布蘭德島繁榮一時。由於地脈的乙太偏屬性水晶化，導致風屬性的力量強化，使得一部分遺跡漂浮起來。這個景觀可以說是如夢似幻。
2162721,瞭望陣營地,從酒館聽到的傳聞。為了防備運輸路線上的意外，可以躲在牆上那些植物中進行監視。,在拉諾西亞外地設立的黑渦團營地。由海盜兵組成的「紅燕陸戰隊」鎮守於此，在高台上時刻監視著地靈族的動向。同時，從這裡向南望去，尼姆時代的「放浪神古神殿」遺跡風光也盡收眼底。
2162722,武伽瑪羅武裝礦山,聽某位士兵所說的傳聞。白天對敵人據點發動強襲作戰時，他登上了最高的熔爐，給了敵人一個下馬威。,地靈族開拓的武裝礦山。周邊有豐富的硫磺資源，滲出的地下水和工業廢水相互交融，形成了獨特的光景。憑藉人口劇增帶來的勞動力增加，使得擴張作業穩步進行。
2162723,隱者庵,聽某位冒險者所說的傳聞。一個不喜歡他人的怪人總是不在自己的房子裡。即使隨便進去坐坐也沒問題。,遙望著北方奧·哥摩羅山的山間小屋。由於火山地帶溫泉豐富，主人在房屋邊上還做出了一個天然的溫泉浴池。不過小屋的主人幾乎很少在家，可能是個喜歡在外面漂泊的人吧。
2162724,魔女咖啡館和大水車,從酒館聽到的傳聞。在為離開的人送行之時，讓人印象最深的便是壯大的水車在不斷地迴轉。,魔女咖啡館的名字據說是得自一種叫做魔女草的植物。在這家咖啡館的旁邊就是全艾歐澤亞最大的木造水車——「斐加加大水車」。這座水車向刻木匠公會的工房輸送動力，迴轉起來會發出很有韻律的聲音。
2162725,槍術師公會,聽某位衛兵所說的傳聞。因為有人告訴他可以去偷學一些技巧，於是他便找了一個自認為的最佳位置，可是卻被訓斥了。,槍術師公會是由著名槍術師米斯塔爾所創設。維持格里達尼亞治安的鬼哭隊現在也駐紮在這裡，在道場裡可以看到鬼哭隊士兵和槍術師公會的成員們一起努力練習的場景。
2162726,烤餅練兵所,聽某位衛兵所說的傳聞。要找到不見了的部下其實很簡單，跑到殘樁的最高處往下看就可以了。,雙蛇黨為訓練新兵而設立的練兵所。這裡的訓練場設立在黑衣森林獨有的巨大樹木「天柱樹」的樹樁上。樹樁的切面很像是扁平的圓形烤餅，練兵所也因此得到了這個奇妙的名字。
2162727,靜語莊園,聽某位冒險者所說的傳聞。被妖異所追趕拚命逃跑，等回過神來時已經身處一棵大樹的樹根上了。回頭看去，從窗戶中映出的燈光令人毛骨悚然。,原本是幻術皇的御用宅邸。二代以前的幻術皇認為這裡過於奢華而決定搬出，之後這裡就被交給了名門達爾坦庫爾家。靜語莊園中「靜語」一詞指的是人類和元靈之間那種不用語言的交流方式。
2162728,長老樹,聽某位幻術師所說的傳聞。天氣晴朗的日子裡，為了傾聽元靈的聲音，他會走入森林深處一棵巨大的古樹下面。,黑衣森林中最為年長的古樹。據格里達尼亞的法師們介紹，森林大元靈就是棲息在這棵大樹之中。由於樹齡已經超過了一千年，所以人們對這棵樹的果實也十分重視，將其命名為「千年果實」。
2162729,虹橋瀑布,聽某位幻術師所說的傳聞。流水與陽光所交織成的幻想之橋，那是人類與元靈緊密融合的證據。,流淌在黑衣森林中的東葉脈水流形成的瀑布。在陽光的照射下會映現出美麗的彩虹，於是當地人便親切地給了這個瀑布一個「虹橋」的愛稱。穿過瀑布的洞窟可以到達「再生的殘樁」。
2162730,搖籃樹,某位博物學家所見的風景。即使種族不同，保護後代延續生命的意志是共通的，在那些光芒裡蘊含著這個種族的未來。,妖精的種子需要在被稱作「搖籃」的繭裡進行成長，而能夠孕育出「搖籃」的則只有這棵大樹。沒有這棵樹，妖精族就無法繁衍，這棵樹的重要性由此可見一斑。周圍生長的月芽可以發出淡淡的如同月光一般的光，彷彿是在守護著這棵大樹。
2162731,巴斯卡隆酒家,聽某個醉漢所說的傳聞。醉酒後的第二天，醒來時發現自己被丟在了暴雨之中。可是無論如何都想不起來到底是怎麼到這裡來的了。,曾經當過哨兵的巴斯卡隆經營的酒館。因為巴斯卡隆胸懷寬大，不論是冒險者還是駐紮在附近的不法之徒，都能在這裡相安無事地對飲。這家酒館已經成為了某種意義上的避風塘，在這裡沒有紛爭。
2162732,森南飛艇坪,從酒館聽到的傳聞。那些拋棄了這個設施的傢伙一定想不到這裡居然會變成現在的樣子。,高風飛行社建設的貨運飛艇坪。不過在帝國軍入侵後，由於空中的安全問題無法得到保障，這裡便被關閉了。現在已經成為了當地的偷獵者們交易貨品的黑市所在地。
2162733,兀爾德恩惠地,聽某位幻術師所說的傳聞。神聖的森林中，有一個角落會發出淡淡的光芒，時隱時現的霧氣使那裡的氣氛變得更加神秘。,蘊含著豐富乙太的清澈泉眼。據聖典中記載，聖女兀爾德被惡神奧丁斬殺於此，此處因此被稱為「兀爾德恩惠地」，但這個傳說的真實性無從考證。
2162734,石場水車,聽某位獵人所說的傳聞。山好水好不如自己的家好。除掉煙囪口的灰塵時向下一望，這才是令人感到溫馨的家園。,南部林區中的輔城，在當初建設森之都格里達尼亞時，這裡曾經是加工石材的水車場。現如今已經不再經營這項行業，變為了森林獵人們所聚集的場所。
2162735,鳥人軍採伐所,聽某位哨兵所說的傳聞。他總能聽到森林裡傳來這樣的怒號：「砍下來的木材是用來生活的，不是用來跳到尖上去玩的。」,侵入黑衣森林的鳥人族採伐部隊砍伐樹木的場所。鳥人族從他們在塞爾法特爾溪谷的根據地派出裝甲氣球，經由庫爾札斯的風揚殖民地前來此地搬運木材。
2162736,隕石背陰地,聽某位衛兵所說的傳聞。月牙形的異物刺向天空。壓倒一切的存在感令所有人都為之震撼。,在第七靈災之時，衛月中封印古代蠻神的拘束具掉落在了這裡。這些巨大的圓環能夠抑制蠻神的力量，將那黑色的蠻神封印了諸多個世紀。可是現在，我們只能看到破損後的遺骸了。
2162737,榿木泉,聽某位開山工所說的傳聞。每前進一步都需要莫大的勇氣，沿著樹根走到極限的盡頭，會有一番新的感悟。,這裡過去是一片與「榿木泉」這個名字相符的、生長有無數榿木的繁茂森林，但第七靈災讓這裡發生了巨大的變化。衛月的碎片墜落在這裡，巨大的衝擊給大地造成的創傷至今仍未恢復。
2162738,帝國海上基地,聽某位士兵所說的傳聞。在偵察的途中，偶然從高處看到了夕陽中的補給基地，那種感受令人渾身發冷。,建造在羅塔諾海上的帝國海上基地，是加雷馬帝國的物資中轉基地，用於進行海上補給。由帝國第十四軍團的第十步兵大隊駐守。
2162739,黃昏灣的羅羅力特像,從酒館聽到的傳聞。只有比富豪更有錢的大富豪才能做出這種事。雖說可能會對財運有所幫助吧。,黃昏灣是烏爾達哈的海上關口。中央廣場的銅像，是按照阿爾迪納德商會的羅羅力特會長的形象建造的。雖然羅羅力特對港口投入了大量資金進行建設這點很讓人稱道，不過還是有些人認為這座雕像的容貌有些過度美化了。
2162740,黑塵驛站,聽某位鐵道員所說的傳聞。檢修設備很是辛苦，經常要半夜三更爬到高處去檢查小小的地方。,原本是銅刃團的駐地，因艾瑪吉娜礦山公司建設鐵道的關係，在這裡增設了驛站的功能。為了煉製採掘出來的礦石，這裡設定了最新的高熱爐，為烏爾達哈經濟建設作出了巨大的貢獻。
2162741,納爾之門,從酒館聽到的傳聞。既沒有工作也沒有錢，甚至連酒都喝不起，只能無所事事地度日，在布蓬上面看看荒野的風景。,烏爾達哈的主門之一。得名自掌管生者世界的納爾神。由於烏爾達哈是一座貿易城邦，所以主門建設得特別寬大，能夠允許兩輛載滿商品的陸行鳥篷車並行通過。
2162742,火牆,從酒館聽到的傳聞。想要看到舉世無雙的美景，就一定要到水晶上面眺望。,衛月墜落時的碎片貫穿了大地，使得地脈中的乙太大量流出。這些乙太結晶化，形成火炎形狀的偏屬性水晶。這可以說是第七靈災帶來的壯烈景觀之一。
2162743,黃金集市,聽某位採礦工所說的傳聞。越是偏僻的角落，就越有一勞永逸的可能。在日曬三竿的時候，爬到高高的欄桿上，尋找新的礦脈。,烏爾達哈的輔城。曾經作為貿易中轉地非常熱鬧，後因與東方貿易的中斷，導致這裡變得非常冷清。傳聞周邊一帶有著品質優良的秘銀礦床，人們也很期待通過礦業能夠振興這裡。
2162744,札爾神祠,聽某位聖職者所說的傳聞。只需靜靜地祈禱，便可獲得來生的利益。如暴雨般的懺悔之淚定能挽救人的靈魂。,供奉雙子神中的札爾神的神祠。札爾掌管著死後的世界，向其上供可以保佑來生的財富。為了進行節食祈禱，這裡還設有納爾札爾教團祈禱時用的設施。過去曾有很多前來巡禮參拜的人，可是近些年來人數下降了不少。
2162745,納爾神祠,聽某位聖職者所說的傳聞。只有隆重地祈禱，才能獲得現世的利益。向在霧中彷徨的靈魂進行布施，便能夠拯救他們吧。,供奉雙子神中的納爾神的神祠。由於納爾所掌管的是現世的利益，所以人們都認為誠心參拜後會有好事發生在自己身上。可是富裕階層的人僅僅靠購買密爾瓦內斯禮拜堂販賣的護身符即可滿足，所以幾乎沒有人來參拜神祠。
2162746,不悔戰陣,聽某位士兵所說的傳聞。荒野的風甚至能夠切割岩石。風化的岩柱之上是專注監視敵軍戰陣的好位置。,蜥蜴人軍的戰陣。名字中的「不悔」表明了蜥蜴人戰士永不退卻的精神。他們把火神伊弗利特焚燒過的南薩納蘭贊拉克地區當做聖地。在歷史上，蜥蜴人族和烏爾達哈也有過很多衝突。
2162747,工藝神擊,聽某位採礦工所說的傳聞。雖然強烈的日照與高熱的地面會讓人很快便精疲力竭，但是古代亞拉戈遺跡的吸引力，就猶如寶山一樣會令人無法自拔。,艾瑪吉娜礦山公司為了從沙漠之中挖掘出古亞拉戈時代遺跡而設定的大型挖掘機。原本是希望這台機器能夠像工藝神的大錘一樣打出無比強悍的一擊，可惜由於耐熱性不是很好，總是會出現這樣那樣的問題。
2162748,喀恩埋沒聖堂,從酒館聽到的傳聞。想要研究當年的構造時，通過傾斜的牆面登上高處會比較快。,古代貝拉哈迪亞城邦時代的遺跡。這裡曾是貝拉哈迪亞祭拜太陽女神阿澤瑪的神殿，歷代國王為了展示自己的權力，曾多次改造神殿。
2162749,牛魔里程,聽某位士兵所說的傳聞。在因為一點點熱浪就停止訓練的都是蠢貨。真正的男子漢，要將堅韌的毅力和剛強的肉體結合到一起。,為了對抗東阿爾迪納德商會的龐大資本，中小規模的旅行商人們組成了一個名為「商隊互助會」的組織，這裡便是組織交易所之一。此處交易所建立在第七靈災之後，是為了與危險的撒溝厲沙漠方面進行貿易而專門建立的。
2162750,東側監視塔,聽某位士兵所說的傳聞。站崗時最大的敵人便是自己的睡意。當頭腦有些不清醒時，走到旗幟的尖端敬一次禮，睡意應該就會消散了。,用於監視帝國南方堡的監視塔。帝國南方堡由加雷馬帝國第十四軍團建造，是確保魔導兵器燃料資源供應的採掘據點。恆輝隊駐守此監視塔，不分日夜地監視著採掘據點的狀況。
2162751,青磷水輸送管,聽某位士兵所說的傳聞。整備格子鐵門非常花時間，晴天的時候視野還好說，可是一旦不小心將鐵門放了下去就會出大事了。,向精煉所輸送青磷水的管道。現在在艾歐澤亞需要利用青磷水的裝置越來越多，從飛空艇到各種機械，燃料的需求量明顯增大。為此艾瑪吉娜礦山公司也花費了巨資來增加設備。
2162752,藍霧,聽某位工作員所說的傳聞。即使到現在也沒有適應那種藍色的霧氣，不過霧散天晴的時候，翹掉工作到高處遙望溪谷真的是一種不錯的享受。,北薩納蘭的溪谷地帶是在艾歐澤亞數一數二的青磷水儲存地。在獲取青磷水的時候產生的氣體，使得周邊被藍霧籠罩，也因此成為了此地的景點。
2162753,勞班緩衝地,聽某位士兵所說的傳聞。即使雲層密布之時，衛月的爪痕也依舊攝人心魄。站崗放哨時一定要針對那裡仔細檢查。,趁著第七靈災混亂之際，帝國軍向北薩納蘭發起了進攻，然而恆輝隊的勞班局長卻在戰力處於劣勢的狀況下依舊奮戰到底，終於成功守住了青磷精煉所。戰後，兩陣營之間的中間地帶便被稱作勞班緩衝地。
2162754,艾瑪吉娜秘銀廢礦,聽某位冒險者所說的傳聞。之前曾被一群可疑的傢伙抓到過，後來在大霧的掩護下，通過圍欄柱子壞掉的地方逃了出來。,在20年前左右被放棄的廢礦。這裡的秘銀礦脈曾經非常豐富，是為艾瑪吉娜礦山公司帶來「秘銀熱」的重要舞台，可惜後來礦脈逐漸枯竭，最終被放棄了。現在，這裡則變成了邪教集團「最後之民」的秘密基地。
2162755,劍峰,聽某位技術工所說的傳聞。整備作業經常要忙到太陽落山，完全沒有欣賞周圍景色的空閒。,矗立於庫爾札斯中央高地的高峰。據正教的聖典記載，戰爭女神哈羅妮揮劍刺入天空，從而將天界與地面徹底隔離。不過由於衛月的碎片刺入了山間，使得這把利劍的劍刃有些變形了。
2162756,阿德內爾占星台,從酒館聽到的傳聞。一不小心從高處掉了下來，本以為死定了，卻被吊燈救了一條命，真是九死一生。,配備有全艾歐澤亞最大天文望遠鏡的占星台。在觀測天體運動的同時也承擔著預測龍族動向的工作。據說占星台的名字來源於伊修加德歷史上最偉大的占星學家。
2162757,龍族遺骸,聽某位騎兵所說的傳聞。每次看到那條屍體時，無論天氣多麼寒冷，都會立刻想到用弩砲貫穿巨龍的瞬間，頓時就會熱血沸騰了。,被白雲崖前哨的對龍弩砲打下的龍族的遺骸。在庫爾札斯的嚴寒氣候中結冰，基本沒有腐爛。遠遠看去還以為是一隻龍在雪中沉睡。
2162758,皇都伊修加德,聽某位騎兵所說的傳聞。故鄉的城堡聳立在蒼天之下，遙遙望去，心頭的信念會變得更加堅定，無論前方的戰鬥多麼嚴峻，我們也不能捨棄保家衛國的決心。,伊修加德是一座宗教城邦。為了防範龍族的襲擊，城牆不但分為多個等級，上面還布有多重魔法屏障，同時成群的高聳尖塔上都設有對龍弩砲。因為伊修加德正教的教皇居住於此，所以此地也被稱為皇都。
2162759,巨石丘,聽某位騎兵所說的傳聞。就算是巨大無比的赤色岩石，在這裡也能看到其完整的全貌。,劍峰山麓的廣闊山丘，過去有很多巨大的岩石點綴於此，因此得名「巨石丘」。靈災之後，原本覆蓋於衛月外殼上的暗物質附著在這片山丘上，形成了一種新的奇妙岩石。
2162760,戰爭神秘石,聽某位騎兵所說的傳聞。站在神聖的秘石之前能夠感受到來自天空的視線。渾身都會緊張得無法自控。,顯現出戰爭神哈羅妮的神印的神聖之石。對尊崇哈羅妮為主神的伊修加德正教來說，這塊秘石所在的洞穴是重要的聖地。因此，他們在這裡建造了秘石塔，嚴加看守。
2162761,披雪大冰壁,聽某位調查員所說的傳聞。可能只有留在這邊的人才會認為那裡是西方的盡頭吧。即使是晴朗的日光，也無法令凍結的淚水融化。,第七靈災引發的屬性變動，使得庫爾札斯地區以異常的速度變成了冰天雪地。僅僅5年的時間，奔流江和雙子池的水便被冰結，形成了擎天的大冰壁。同時通往庫爾札斯西部的陸路也被隔斷了。
2162762,巨龍首營地,聽某位騎兵所說的傳聞。每次上屋頂除雪都是重體力勞動，不過視野開闊倒是很不錯的回報。讓白色的屋頂變回原本的綠色是我們持續不斷的任務。,守衛皇都伊修加德的據點。名門福爾唐家的騎兵團駐守於此，對龍族和異端者、還有來自東方的入侵者鳥人族保持著警戒。據點的名字來自於附近的一塊酷似龍頭的巨大岩石。
2162763,鋼衛塔,從酒館聽到的傳聞。想要知道鋼衛塔的情況，需要從塔的下方小心翼翼地觀察。,對龍城塞，但現在已被破壞。這座塔原本和西方的石衛塔遙相呼應，共同構成了伊修加德的防衛雙壁。但在黃龍斯瓦拉率領的龍族攻勢下化作了一片廢墟，現在只留下了一部分的外牆。
2162764,帝國中央堡,聽某位逃兵所說的傳聞。基地的內部設有轉運站，每天都能看到很多物資進進出出。,加雷馬帝國軍的資源採掘據點。當初奈爾率領第七軍團在這裡建立起了帝國軍新堡，靈災之後新堡被第十四軍團改造成了現在的中央堡。在基地內部還鋪有運送礦石的鐵路，以及「魔列車」的停車場。
2162765,水晶塔,聽某位冒險者所說的傳聞。從草木都結晶化了的地方，能夠看到一座水晶組成的擎天柱。,在第七靈災中突然出現在地表上的水晶巨塔。根據學術組織聖寇伊納克財團的調查，這座塔本來是古代亞拉戈文明製造的能量收集裝置，曾被稱作「希爾科斯塔」。
2162766,早霜頂,聽某位冒險者所說的傳聞。大規模結晶化現象使得這片地區變成了青藍色。站到水晶上的視野非常不錯。,飛空戰艦阿格里俄斯號的墜落導致這片地區出現了大規模的結晶化現象。甚至草木都變成了結晶的形態，在這裡行走會聽到腳下傳來的哢嚓哢嚓聲，彷彿走在寒霜之上。
2162767,密約之塔,從酒館聽到的傳聞。阿格里俄斯號很值得一看，不過湖邊很危險，爬到樹上才能夠安心眺望。,加雷馬帝國軍的飛空戰艦阿格里俄斯號墜落於此，艦首向下沒入了湖中，宛如一尊巨塔。古時起就守護著銀淚湖的塵世幻龍的屍體則纏在這艘戰艦上面。
2162768,隼巢,"位於庫爾札斯西部高地的某處。
放眼望去，所見之景將被後世傳頌。
",位於庫爾札斯西部高地的由哨兵的營房發展而來的山村。因第七靈災後氣候急劇變冷導致多數居民被凍死，傷亡慘重。曾經為了戒備龍族襲擊，村中有馴鷹人常駐並飼養了許多白隼，村名由此而來。
2162769,交匯河營地,"位於庫爾札斯西部高地的某處。
放眼望去，所見之景將被後世傳頌。
",伊修加德的騎兵團曾經駐紮的露營地。曾經是配備了乙太之光的據點，但靈災後被廢棄了。因坐落於庫爾札斯河和奔流江的交匯處，名字中也體現了河流交匯之處的意思。
2162770,臥龍島,"位於庫爾札斯西部高地的某處。
放眼望去，所見之景將被後世傳頌。
",坐落在已凍結成冰的灰燼池上的島嶼。傳說為了鎮壓強大的龍族，教皇廳的法術團用魔法將其催眠，不知何時其周身被灰燼覆蓋化作岩石，最終成為了一座島嶼。
2162771,暮衛塔,"位於庫爾札斯西部高地的某處。
放眼望去，所見之景將被後世傳頌。
",伊修加德的對龍要塞暮衛塔。尤埃爾默里克指揮官曾率領狄蘭達爾家的騎兵團在此駐紮，但在靈災時城牆的一部分崩塌了。之後因氣候急劇變冷導致暮衛塔被冰封鎖，如今已經成為了魔物的巢穴。
2162772,戈爾加涅牧場,"位於庫爾札斯西部高地的某處。
放眼望去，所見之景將被後世傳頌。
",侍奉於狄蘭達爾家的騎士戈爾加涅建造的牧場。據說他作為狄蘭達爾家長男的武術老師為培養愛徒傾注了心血，在愛徒失蹤後萬念俱灰決定引退，之後建造了這座牧場。
2162773,鐵杉村,"位於庫爾札斯西部高地的某處。
放眼望去，所見之景將被後世傳頌。
",位於庫爾札斯西部高地的廢村。從前是以周邊林業為生的樵夫們居住的村落，靈災後因氣候急劇變冷而人去樓空。「鐵杉村」的村名源於此地區特有的鐵杉。
2162774,大腳雪人居所,"位於庫爾札斯西部高地的某處。
放眼望去，所見之景將被後世傳頌。
",大腳雪人的居所。由於漏斗形的山崖可以抵禦寒風侵襲，大腳雪人便自然而然地聚集到了這裡。不過似乎至今還沒有強大的頭領出現，雖然聚集在一起但並不團結，依舊保持個體的自由行動。
2162775,唯一腦窟穴,"位於龍堡參天高地的某處。
放眼望去，所見之景將被後世傳頌。",優秀的狩獵民族骨頜族居住的村落。其中遍布由分泌液與土的混合物建造而成的像是蟻穴的房屋。據說建築物中焚燒了特殊的香草，從煙囪中飄出的煙有驅趕龍族的效果。
2162776,不潔村落,"位於龍堡參天高地的某處。
放眼望去，所見之景將被後世傳頌。",疑似城市的遺跡。伊修加德教皇廳稱這是異端者勢力建造的不潔村落，毀滅於戰神哈羅妮降下的神罰。至於事實是否如教皇廳所言如今還沒有定論。
2162777,不潔三塔,"位於龍堡參天高地的某處。
放眼望去，所見之景將被後世傳頌。",被伊修加德正教視為魔女們建造的異端之塔。其中配備了可供人類和龍族停泊的設備，建築風格極為罕見。現在已經成為了龍族的居所。
2162778,悲嘆飛泉,"位於龍堡參天高地的某處。
放眼望去，所見之景將被後世傳頌。",曾是坐落於索姆阿爾靈峰山腳的巨大古代建築物。如今已被破壞並被河流吞沒，是魔物和野獸的珍貴水源。龍族為了捕捉魔物和野獸也會在此出沒。
2162779,光輪祭壇,"位於龍堡參天高地的某處。
在此處獻上祈禱，所見之景將被後世傳頌。",位於流淌著岩漿的徹悟岩窟底端的祭壇。擺放著依照龍族和人類女性雕刻而成的雕像，但人類女性雕像似乎在很久以前就遭到了破壞。從此垂直向上望去，可以看到浮在空中的索姆阿爾靈峰底部。
2162780,尾羽集落,"位於龍堡參天高地的某處。
放眼望去，所見之景將被後世傳頌。",獵人們的村落，他們為了捕捉野生陸行鳥而來到了秘境——陸行鳥之森。七天樹繁茂的樹冠擋住了盤旋在上空的龍族的視線，所以人類可以在此處生活。
2162781,索姆阿爾靈峰,"位於龍堡參天高地的某處。
放眼望去，所見之景將被後世傳頌。",坐落於西阿巴拉提亞山脈的艾歐澤亞最高峰。知曉死期的龍族會來到這裡，是龍族的終結之地，也被稱為聖地。由巨大的水晶構成，從山腰到山頂都浮在空中，有種極致的美感。
2162782,莫古力之家,"位於翻雲霧海的某處。
放眼望去，所見之景將被後世傳頌。",坐落於艾歐澤亞最高峰索姆阿爾靈峰峰頂的莫古力族的村落。雖然翻雲霧海算是龍族的領地，但當地的莫古力族與聖龍赫拉斯瓦爾格立下了盟約，所以可以在此地生活。
2162783,龍巢神殿,"位於翻雲霧海的某處。
放眼望去，所見之景將被後世傳頌。",邪龍尼德霍格居住的龍巢。在邪龍的魔力的作用下，周邊被雷雲覆蓋無法輕易接近。尼德霍格在結束了數十年至一百年為週期的活動進入休眠期時，似乎會在此處沉睡。
2162784,惋惜之晶遺跡,"位於翻雲霧海的某處。
放眼望去，所見之景將被後世傳頌。",名字中帶有一股哀傷之意的遺跡。被破壞的建築物有一半被水晶埋沒。從結晶量可以推測出，很可能曾有擁有七大天龍級別魔力的生命在此消逝……
2162785,天極白堊宮,"位於翻雲霧海的某處。
放眼望去，所見之景將被後世傳頌。",坐落於聖龍赫拉斯瓦爾格領地的壯麗的宮殿。和聖龍立下盟約的雲海莫古力族會對此地進行維護，但還是敵不過千年的時光，建築漸漸風化。即便如此，這座建築依舊擁有著震撼人心的美麗。
2162786,人王像,"位於翻雲霧海的某處。
在此處獻上祈禱，所見之景將被後世傳頌。",坐落在綠茵島相鄰浮島上的巨大的人物雕像。莫古力族似乎將此像的原型當做地上人類之王，將其稱為人王像。不過如今記錄早已丟失，不知此像究竟象徵何人。
2162787,書信之家,"位於翻雲霧海的某處。
放眼望去，所見之景將被後世傳頌。",疑似很久很久以前人類與龍族合作建造的建築物，如今大半已化為瓦礫。因為建築物中到處刻有文字，所以當地的莫古力族將其稱為書信之家。據說千年前的遺物如今仍然遺落在那裡。
2162788,飛龍港,"位於翻雲霧海的某處。
放眼望去，所見之景將被後世傳頌。",莫古力族傳說中的空中港口，有許多人為了騎乘雙足飛龍而來。建築物十分堅固，如今依然殘留了一部分，但居住在那裡的龍族幾乎全是會襲擊人類的邪龍眷屬。
2162789,雲頂營地,"位於阿巴拉提亞雲海的某處。
放眼望去，所見之景將被後世傳頌。",艾因哈特家的薔薇騎兵團駐紮的據點。為了從高空監視龍族而建立在浮島上的營地。配備了新造飛空艇捍衛者號，但因為故障不斷而毫無戰鬥力。
2162790,候鳥雲巢,"位於阿巴拉提亞雲海的某處。
在此小憩，所見之景將被後世傳頌。","有一些候鳥會隨著季節變化往來於近東地域與艾歐澤亞,為了躲避嚴寒,那些怪鳥在這裡搭建了巢穴,它們在此產卵、養育後代。在雛鳥們學會飛行後便會離開巢穴向東飛去。"
2162791,沃仙曦染,"位於阿巴拉提亞雲海的某處。
放眼望去，所見之景將被後世傳頌。",在水屬性水晶的作用下由大氣中的水分聚集而成的泉水。騎兵們發現這美麗的泉水後，覺得就如同吟遊詩人傳頌的傳說中的美景聖地「沃仙曦染」一般美麗，便以此為名稱呼下去。
2162792,魔窟離島,"位於阿巴拉提亞雲海的某處。
放眼望去，所見之景將被後世傳頌。",魔窟離島的名字在瓦努語中有著高處的聲音的意思。島上留有一座刻有莫古力族喜歡的圖案的石碑，但島上並沒有莫古力族的蹤影。不知這裡究竟擁有著怎樣的歷史。
2162793,落羽大房,"位於阿巴拉提亞雲海的某處。
放眼望去，所見之景將被後世傳頌。",瓦努族的聖地之一，據講述傳說的人所說，這裡曾飄落下雲神俾斯麥的羽毛。如今溫杜族長老的宅邸建立在此地作為其權利的象徵。
2162794,瓦納溫杜集落,"位於阿巴拉提亞雲海的某處。
放眼望去，所見之景將被後世傳頌。",瓦努族主要氏族溫杜族的根據地。「瓦納」在瓦努語中有「高處」的意思。當地居民認為越高的地方越容易將自己的聲音傳達給雲神，所以高海拔的地方對他們來說有著重要的意義。
2162795,亨格坩堝,"位於阿巴拉提亞雲海的某處。
放眼望去，所見之景將被後世傳頌。",位於阿巴拉提亞雲海東部有著奇怪形狀的浮島。在發現了這座浮島的伊修加德騎士眼中，這座浮島形狀和庫爾札斯地區的童謠中的魔女亨格所用的坩堝很像，便將其命名為亨格坩堝。現在是巨嘴鳥的棲息地。
2162796,宗匠大工房,"位於龍堡內陸低地的某處。
放眼望去，所見之景將被後世傳頌。",曾是聚集了薩雷安工匠的大工房。此地曾經生產過乙太之光。但是如今被企圖獨佔知識的哥布林族科學家組織青藍之手佔領，似乎他們正在將此地改造成要塞。
2162797,薩雷安治學區,"位於龍堡內陸低地的某處。
放眼望去，所見之景將被後世傳頌。",薩雷安轄區中沙利亞克河西岸的地區。曾經有許多研究員和學者聚集在此地區。聖茉夏娜植物園等研究以及教育機關也集中在此。曾經充滿了學術城邦的氣息。
2162798,先賢偉業紀念碑,"位於龍堡內陸低地的某處。
放眼望去，所見之景將被後世傳頌。",為了紀念那些逝去的將知識傳承下去的先人們，為了銘記他們的偉業而建造的大石碑。上面銘刻了知識之都薩雷安的格言「知識不求人」以及歷代大賢人的名字。
2162799,知識神水瓶,"位於龍堡內陸低地的某處。
放眼望去，所見之景將被後世傳頌。",沙利亞克河的大瀑布。阿巴拉提亞山脈的積雪溶化後成為了地下水，與山下無數的支流匯合流入低地形成一條大河。其名字由知識神沙利亞克擁有的可以生成知識之水的魔法水瓶而來。
2162800,迦巴勒幻想圖書館,"位於龍堡內陸低地的某處。
放眼望去，所見之景將被後世傳頌。",殖民城市薩雷安為保管各地集聚的知識而建造的大圖書館。在大撤退時重要的資料都被帶回了北洋的祖國，不過現在地下的禁書庫中依舊保管著少量書籍。
2162801,奧恩原生林,"位於龍堡內陸低地的某處。
放眼望去，所見之景將被後世傳頌。",延伸在龍堡內陸低地北部的原生林。水量豐富的沙利亞克河滋潤著當地的土地，保留了原汁原味的自然生態。如果想不經由龍堡參天高地前往薩雷安，就需要沿河而上穿過這片原生林。
2162802,聖茉夏娜植物園,"位於龍堡內陸低地的某處。
放眼望去，所見之景將被後世傳頌。",薩雷安人建立的植物園的遺址。內部的溫室中栽培著從世界各地採集而來的植物和草木綱的魔物，人們在此進行各種各樣的學術研究。不過植物園在大撤退時被廢棄，現在沒有任何人在管理。
2162803,飛空戰艦格拉提翁號,"位於魔大陸阿濟茲拉的某處。
放眼望去，所見之景將被後世傳頌。",加雷馬帝國第六軍團的旗艦。是與飛空戰艦阿格里俄斯號同型號的戰艦。受到冰神希瓦的拚死攻擊後，艦載青磷爐被帶有魔力的冰包裹住而陷入了無法航行的狀態。
2162804,無限迴廊,"位於魔大陸阿濟茲拉的某處。
放眼望去，所見之景將被後世傳頌。",古代亞拉戈帝國的博物戰艦。為將這千年大帝國的遺產永遠地保存下來而建造了這艘戰艦。據說其內部保留著從日用品到最新軍用兵器等各種物品，甚至還有極其危險的魔科學產物。
2162805,對偶處刑台,"位於魔大陸阿濟茲拉的某處。
放眼望去，所見之景將被後世傳頌。",被囚禁的七大天龍之中的暗龍提亞馬特。過去曾與光龍巴哈姆特一起在南方大陸生活，但在和亞拉戈帝國軍的戰鬥中敗北。至今依然在後悔將因反抗而死的光龍作為蠻神召喚出來。
2162806,魔科學研究所,"位於魔大陸阿濟茲拉的某處。
放眼望去，所見之景將被後世傳頌。",古代亞拉戈帝國的研究設施。曾在這裡進行過封鎖龍族行動的拘束裝置的開發以及對蠻神封印系統的研究。也曾進行過對蠻神兵器的研究，研究所內部潛伏著許多被廢棄的實驗體。
2162807,螺旋港,"位於魔大陸阿濟茲拉的某處。
放眼望去，所見之景將被後世傳頌。",阿濟茲拉配備的巨大港灣設施。由導航系統的解說得知，似乎是可以容納諸神黃昏級拘束艦等級的巨大艦艇的港灣設施。據說過去在設施中存在著更多的對接環。
2162808,隔離實驗島,"位於魔大陸阿濟茲拉的某處。
放眼望去，所見之景將被後世傳頌。",位於魔大陸阿濟茲拉一角的浮島。整座浮島就是一個隔離未能達到魔科學部安全基準的危險合成生物的設施。根據記錄可知，這裡似乎曾經是進行作物品種改良的農業研究所。
2162809,重組實驗室,"位於魔大陸阿濟茲拉的某處。
放眼望去，所見之景將被後世傳頌。",亞拉戈帝國魔科學部旗下的研究設施，進行了各種合成生物的開發。根據導航系統的解說可以得知，這裡以進行非常安全且獨特的實驗而備受好評，但卻讓人禁不住對此番言論深表懷疑。
2162810,征龍像,"位於庫爾札斯西部高地的某處。
在此處勉勵自己，所見之景將被後世傳頌。
",為稱頌初代蒼天之龍騎士——征龍將哈爾德拉斯而建造的巨大石像，是由女雕刻家佩瑟勒耗費晚年30餘年的時間製造而成的傑作。其藝術技巧和歷史價值之高，直到其建成後150餘年的今天，依然無出其右。
2162811,黑鐵大橋,"位於庫爾札斯西部高地的某處。
放眼望去，所見之景將被後世傳頌。
",作為連結皇都和暮衛塔的補給通路，由澤梅爾家建造而成的石吊橋。橋身以即使被龍族的吐息所灼燒也不會斷裂的黑鐵鎖鏈為材料，因此而得名「黑鐵大橋」。
2162812,龍涎,"位於庫爾札斯西部高地的某處。
於此處靜坐，所見之景將被後世傳頌。",傳說是因為龍族所噴吐的灼熱吐息而形成的溫泉。在寒冷化逐漸加劇的如今，純天然溫泉已是十分稀少，所以常有野生生物為取暖而來到這裡。此外，該溫泉的療效也受到了騎兵們的青睞。
2162813,板岩連峰,"位於庫爾札斯西部高地的某處。
在此地展示自己的存在，所見之景將被後世傳頌。
",此地由於可以採集到優質的黏板岩，故而得名「板岩連峰」。3年前，計劃在此地築起砲台陣地的澤梅爾家騎兵團與意圖阻止的毒龍庫耶列布希曾在此地展開過一場壯烈的激鬥。
2162814,寬慰河,"位於龍堡參天高地的某處。
放眼望去，所見之景將被後世傳頌。
",據當地獵人的說法，為了祭奠成為龍族犧牲品的野獸們，才將這條河命名為「寬慰之河」。而異端者們卻主張說這裡是用來撫慰曾經人類與龍族的訣別的場所。
2162815,自由腦窟穴,"位於龍堡參天高地的某處。
放眼望去，所見之景將被後世傳頌。
",由通稱「離群一族」的少數派骨頜族所建立的小型集落。「自由腦」指的即是精神沒有連結在一起的骨頜族。他們與精神互相連接的「同心一族」不同，個體之間有著各自的個性。
2162816,悄聲小道,"位於龍堡參天高地的某處。
放眼望去，所見之景將被後世傳頌。",古代道路的遺址，由於年久失修，過去由石材鋪設而成的道路半數已經化為了沙地路。由於踩在沙地路上發出的沙沙聲會驚動獵物，尾羽集落的獵人們才將此地命名為「悄聲小道」。
2162817,龍人路,"位於龍堡參天高地的某處。
放眼望去，所見之景將被後世傳頌。",通往不潔三塔的大道。過去曾被叫做「德拉·艾拉」，在龍族的語言中意為「龍與人的街道」，代表著人類與龍族的共同繁榮。而在兩種族已然決裂的現如今，這個名稱已經失去了意義。
2162818,無名的龍雕像,"位於翻雲霧海的某處。
在此處獻上祈禱，所見之景將被後世傳頌。",靜靜聳立於翻雲霧海一角的石像。建造該石像的原委和經過至今不明，只有一行以古伊修加德文字寫在其基部的銘文仍然隱約可見：「紀念雄壯的蒼藍之翼」。
2162819,人王遺跡,"位於翻雲霧海的某處。
放眼望去，所見之景將被後世傳頌。",邪龍尼德霍格被人類所背叛，在狂怒之下造成巨大破壞的遺跡。居住於雲海的莫古力族認為這裡是「地上人類之王」居住過的遺址，至於是真是假就不得而知了。
2162820,最高大的樹,"位於翻雲霧海的某處。
放眼望去，所見之景將被後世傳頌。",莫古力族認為這棵古樹是翻雲霧海所有樹木的「父親」。據推測，其樹齡至少超過1000年，早在人類與龍族的爭鬥開始前就一直守護著這片雲海了。
2162821,寒風島,"位於阿巴拉提亞雲海的某處。
放眼望去，所見之景將被後世傳頌。",位於尊杜集落西北方的小型浮島，瓦努族講述傳說的人稱其為「乘雲起風之島」。在過去人類和瓦努族有交流的時候，薔薇騎兵團的騎兵根據瓦努族的叫法，將該島命名為「寒風島」。
2162822,破碎脊骨,"位於阿巴拉提亞雲海的某處。
放眼望去，所見之景將被後世傳頌。",受到北方強烈季節風的侵蝕作用而形成的外形奇特的浮島。由於看上去像是怪物的骨骼一般令人毛骨悚然，因此在伊修加德騎兵之間都稱呼此島為「破碎的脊骨」。
2162823,起源島,"位於阿巴拉提亞雲海的某處。
放眼望去，所見之景將被後世傳頌。",薔薇騎兵團的騎兵瑪麗埃勒在前往雲頂營地赴任時，在飛空艇甲板上從上空發現的一座心形浮島。她懷抱著「希望這裡能成為『戀人間愛的起源之地』」的想法，將該島命名為「起源島」。
2162824,沙利亞克大瀑布,"位於龍堡內陸低地的某處。
放眼望去，所見之景將被後世傳頌。",沙利亞克河流向北方的奧恩原生林途中形成的宏偉瀑布。過去在學生之間曾經非常流行一種「極限游近大瀑布」的試膽比賽，但很快就因過於危險而被明令禁止了。
2162825,碩學之路,"位於龍堡內陸低地的某處。
放眼望去，所見之景將被後世傳頌。",通往迦巴勒幻想圖書館的巨大石橋。受到第七靈災時發生的地殼變動影響而坍塌，現在已是殘垣斷壁。而在過去，曾有眾多司書、學生以及研究者通過這座橋往來於圖書館。
2162826,小刀石柱群,"位於龍堡內陸低地的某處。
放眼望去，所見之景將被後世傳頌。",像小刀般尖銳的石柱林立的石柱群。起初由於地名過於直白，在薩雷安的學士之間引起了激烈的爭論。結果由於提案像當地的石柱數量一樣多，最終也沒能改名。
2162827,水晶增殖爐,"位於魔大陸阿濟茲拉的某處。
放眼望去，所見之景將被後世傳頌。",旨在利用三鬪神的能力，將合成生物的生命能量結晶化，從而增殖水晶的幻之永久機關。這裡曾經進行過用生產出的水晶進而培養合成生物，通過循環來獲得無限力量的研究。
2162828,生體培養局,"位於魔大陸阿濟茲拉的某處。
放眼望去，所見之景將被後世傳頌。",亞拉戈帝國魔科學部旗下的合成生物培養設施。該設施接收魔科學研究所等各地研究機關的各種「獨創性的委託」，培養各種各樣的實驗生物。與作為其附屬設施的人工誘變所相鄰接。
2162829,古代大教堂,"位於魔大陸阿濟茲拉的某處。
放眼望去，所見之景將被後世傳頌。",南方大陸「美拉西迪亞」風格的古代大教堂。似乎是南方大陸的樹狀種族為了祭祀三鬪神之一的魔神薩菲洛特而建造的。亞拉戈人為了研究信仰和蠻神之間的關聯，而將該教堂遷移了過來。
2162830,威羅迪納基地,"位於基拉巴尼亞邊區的某處。
放眼望去，所見之景將被後世傳頌。",加雷馬帝國設在威羅迪納大橋上的物資中轉基地，位於威羅迪納河之上。連接著軍事設施眾多的山區與封鎖了艾歐澤亞的巴埃薩長城。中央那座巨大的塔是飛空艇的系留塔。
2162831,幻我園,"位於基拉巴尼亞邊區的某處。
放眼望去，所見之景將被後世傳頌。",約300年前由拉爾戈星導教高僧海伊馬特開拓的僧園。「幻我」這個詞由古代瑪哈語而來，意思是「自己的幻景」，這就表示了這裡是直面自己的幻影從而磨鍊身心的地方。
2162832,開宗堂,"位於基拉巴尼亞邊區的某處。
放眼望去，所見之景將被後世傳頌。",很久很久以前，一個想要接近破壞神拉爾戈的男子開始了用拳頭擊打岩石山的修行，幾十年後，他終於將岩山石擊出了一個大洞。這位無名修練者就是星導教的第一位武僧，而這裡也被後人當成了教義的開創之地，並建造了這個祠堂。
2162833,帝國東方堡,"位於基拉巴尼亞邊區的某處。
放眼望去，所見之景將被後世傳頌。",加雷馬帝國建立的據點。原本是巴埃薩長城的建設據點，在第七靈災後蓋烏斯再次侵略艾歐澤亞的時候，被提升為了擴建後的帝國堡。現在位於雙蛇黨的管轄之下。
2162834,昏暗林,"位於基拉巴尼亞邊區的某處。
放眼望去，所見之景將被後世傳頌。",位於東境混交林南部的大片陰暗的森林。在提蒙河流淌而來的河水與各處湧出的地下水的影響下，森林中常年瀰漫著濕漉漉的霧氣。因此，無論白天還是夜晚都十分昏暗。
2162835,天母寢宮,"位於基拉巴尼亞邊區的某處。
放眼望去，所見之景將被後世傳頌。",阿難陀族建築的泥城。據說地下有供奉美神吉祥天女的地下神殿，因此人們才會將這裡命名為阿難陀語的「天母寢宮」。現在則被主流派的伽黎亞派佔據著。
2162836,對等石,"位於基拉巴尼亞邊區的某處。
放眼望去，所見之景將被後世傳頌。",梅氏的逐日之民們居住的村落。為了能夠將獵物和入侵者盡收眼底，他們將村落建在了可以展望整個地盤的岩石山之上。在帝國的支配下，獵戶們逐漸被視為野蠻者，處境十分艱辛。
2162837,藏淚丘,"位於基拉巴尼亞山區的某處。
放眼望去，所見之景將被後世傳頌。",悼念死者的地方。背後有飛流直下的瀑布，隆隆的聲音響徹雲霄，可以掩蓋哭聲；飛濺的水珠迎面撲來，可以隱藏淚水。但是在帝國長年的支配下，宗教活動全部被禁止，人們甚至無法自由地祭奠死者。
2162838,寒爐村,"位於基拉巴尼亞山區的某處。
放眼望去，所見之景將被後世傳頌。",佇立在基拉巴尼亞山區深山之處的貧寒村落。因為土地貧瘠收成不好，自古以來靠年輕人外出當傭兵賺錢勉強維持生計。也是阿拉米格的猛牛——勞班·阿爾丁出生的故鄉。
2162839,紐恩克雷夫的方舟,"位於基拉巴尼亞山區的某處。
放眼望去，所見之景將被後世傳頌。",在大洪水襲擊艾歐澤亞的第六靈災發生時，北洋出身的紐恩克雷夫為了拯救人們建造了這隻方舟。它救起了一個個遭遇海嘯漂浮在海上的人們後，整條船都被魔法傳送走了，最終漂到了這個地方。
2162840,阿拉加納,"位於基拉巴尼亞山區的某處。
放眼望去，所見之景將被後世傳頌。",位於基拉巴尼亞山區北部的村落。過去因採礦業而繁榮一時，連裝飾阿拉米格王宮的美麗石材都是由這個村落的鑿石匠鑿下來的。然而，現在卻面對著產業衰退的危機。
2162841,御制監望塔,"位於基拉巴尼亞山區的某處。
放眼望去，所見之景將被後世傳頌。",加雷馬帝國軍的巨大監視塔。主塔是為了監視其行省基拉巴尼亞而最先建造的，之後又加入了為了再次侵略艾歐澤亞而增建的通訊塔以及為了啟動究極神兵而增建的能量塔。
2162842,贖罪之腕,"位於基拉巴尼亞山區的某處。
放眼望去，所見之景將被後世傳頌。",只要修身養性，就可以贖清罪孽。在拉爾戈星導教的這則教義下，人們建造了這個地方來讓犯罪者贖罪。據說只要在這間寺院進行七年的嚴酷修行，無論犯過多麼深重的罪都會得到破壞神的寬恕。
2162843,赤紅神塔,"位於基拉巴尼亞山區的某處。
放眼望去，所見之景將被後世傳頌。",在第六靈災末期至第六星曆初期建造的遺跡。據說是由來自無限城與瑪哈，這兩個過去曾經對立的魔法城邦的魔法師們為了平息靈災造成的混亂氣候而建造的，類似於地脈鎮石的建築。
2162844,啟程迴廊,"位於基拉巴尼亞山區的某處。
放眼望去，所見之景將被後世傳頌。",據說很久以前，在拉爾戈星導教的總部結束了修行的武僧在這條迴廊進行了啟程的儀式。當時包括星導寺的參拜者在內，有很多人造訪這裡，曾經熱鬧一時。但在廢王泰奧德里克的命令下，現在早已被燒成了一片廢墟。
2162845,要塞城邦阿拉米格,"位於基拉巴尼亞湖區的某處。
放眼望去，所見之景將被後世傳頌。",第六星曆1135年，統一了基拉巴尼亞地區的霸王安茲海爾姆為了迎擊從伊爾薩巴德大陸流入的勢力而建造的要塞城邦。在加雷馬帝國的統治之下，行省總督府被設定在了這裡，這也是帝國支配的象徵。
2162846,阿拉米格人居住區,"位於基拉巴尼亞湖區的某處。
放眼望去，所見之景將被後世傳頌。",要塞城邦阿拉米格南部的居住區。為了配合人口的增長而最新擴建的區域，因此距離王宮十分遙遠，從建立起就被當成了苦力街。在帝國的統治下，似乎已經變成了沒有市民權的人居住的地方。
2162847,望雲塔,"位於基拉巴尼亞湖區的某處。
放眼望去，所見之景將被後世傳頌。",為了監視雲海而設定在城邦與北洲伊爾薩巴德大陸之間的塔。一旦發現入侵者，就會從塔的頂層放出帶火的箭，通知城邦有危險。但是，在帝國的支配下卻從來沒有使用過。
2162848,聖禮拜台,"位於基拉巴尼亞湖區的某處。
獻上祈禱，所見之景將被後世傳頌。",為了參拜矗立在鹽湖的破壞神拉爾戈像而設的禮拜台。只要登上最頂層，就可以在破壞神面前獻上祈禱。在廢王泰奧德里克的統治下，也是一個被當作刑場使用的惡名昭彰的地方。
2162849,地下水路,"位於基拉巴尼亞湖區的某處。
放眼望去，所見之景將被後世傳頌。",為了將鹽湖的水引入阿拉米格城市內而開闢的水路。人們將在這裡取到的鹽水蒸餾成淡水後加以飲用。因為帝國安設了魔導式水道的緣故，現在幾乎沒有人再來這裡了。
2162850,天營門,"位於基拉巴尼亞湖區的某處。
放眼望去，所見之景將被後世傳頌。",是帝國白山堡的正門（天營門），正確地說是正門的一部分。在帝國侵略之前，這裡是通往阿拉米格的主幹道的關口，前往近東地區的商隊絡繹不絕。
2162851,赤誠組營房前,"位於黃金港的某處。
放眼望去，所見之景將被後世傳頌。",維護黃金港治安的組織——赤誠組的營房前。在正對廣場的茶屋裡能看到不當班的赤誠組成員。另外，抬頭望去還能看到宏偉的黃金閣天守，因此這裡也是一個著名的景點。
2162852,望海樓,"位於黃金港的某處。
於此處靜坐，所見之景將被後世傳頌。",以眺望大海的溫泉——「望海泉」為招牌的黃金港溫泉旅館。遠東之國的公共浴池大多是男女混浴，任何人都可以裸身進入。可是在有著眾多異國人的黃金港泡溫泉時，則需要穿上類似泳衣的衣服。
2162853,小金街,"位於黃金港的某處。
放眼望去，所見之景將被後世傳頌。",在遍地生財的商業港口「黃金港」中象徵著賺取零錢的商店街。這裡聚集著各種各樣的店鋪，從出售由異國商船運來的進口貨的店鋪到將遠東之國的特產出售給異國商人的店鋪應有盡有。另外，劇場「無地鼓座」也是這裡的名產之一。
2162854,小金街後巷,"位於黃金港的某處。
放眼望去，所見之景將被後世傳頌。",小金街的後巷。這裡可以看到東方特有的拱型太鼓橋——黃昏橋，還可以將國立的造船廠——黃金船庫與建在其上的飛空艇搭乘點等堪稱黃金港名勝的地點一覽無餘。
2162855,潮風亭,"位於黃金港的某處。
放眼望去，所見之景將被後世傳頌。",黃金港最大的酒館。這裡不僅有當地的商人和港灣的勞動者，還有很多異國人。據說這裡的特產是從遠東之國的紫州運來的米酒與使用新鮮的海產烹飪的各種東方菜餚。
2162856,碧玉水,"位於紅玉海的某處。
放眼望去，所見之景將被後世傳頌。",由碧甲甲人族建立的海底村落。甲人族雖然可以長時間屏氣，但畢竟不能像魚人族那樣用鰓呼吸。因此，他們在漫長的歷史中研究出了一種魔法性技術，可以將巨大的氣泡固定在水中。
2162857,沖之岩,"位於紅玉海的某處。
放眼望去，所見之景將被後世傳頌。",漂浮在紅玉海上的小島之一。北側有著巨大的珊瑚群，還有佔領了紅玉海的海賊眾建立的據點。另外，據遠東之國的博物學者所說，這個島是由獄之蓋的噴石而形成的。
2162858,天之御柱,"位於紅玉海的某處。
放眼望去，所見之景將被後世傳頌。",通天的巨大石塔。在流傳於東方地域的神話中，這裡是由孕育國土的神明建造的，但真相卻不得而知。歷史上雖然曾經是禁忌之地，但在戰亂期卻被不懼神明的海賊眾登陸，他們還在這裡建立了據點痙攣寨。
2162859,酒杯島,"位於紅玉海的某處。
放眼望去，所見之景將被後世傳頌。",據說這個島是海賊眾最初舉杯結為兄弟的地方。對海賊眾來說，這是個堪稱發祥地的特別之地。即便是現在，他們還會在島上設定監視據點，監視來往於紅玉海的船隻。
2162860,絕鬼島,"位於紅玉海的某處。
放眼望去，所見之景將被後世傳頌。",紅甲族的據點。因為這裡是居住著殺人惡鬼的島，所以被人們命名為「絕鬼島」，但不知從何時起，連甲人族都開始這樣稱呼這個島了。另外，這裡過去雖然是座島，但卻通過熔岩與大陸本土連接在一起，所以嚴格說來並不算島嶼。
2162861,漁村,"位於紅玉海的某處。
放眼望去，所見之景將被後世傳頌。",位於奧薩德次大陸東岸的村落，村名意味著這個村子是靠漁業建立起來的。海賊眾過去曾在這裡設定了一個小屋，用來向渡過紅玉海的人們徵收保護費。
2162862,岩燕廟,"位於延夏的某處。
放眼望去，所見之景將被後世傳頌。",用來供奉岩燕這位偉大武將的靈廟，是他讓戰火紛飛的延夏實現了統一。岸壁上的巨大石像是以岩燕為原型雕刻的。另外，他不僅是一名劍豪，還是一位著名的術士，據說創立多瑪式風水術的始祖就是他。
2162863,帝國河畔堡,"位於延夏的某處。
放眼望去，所見之景將被後世傳頌。",25年前帝國軍用來當攻佔多瑪的前哨基地而設立的據點。在控制了多瑪之後也曾把這裡當成佔領統治的據點短時間利用過，但近年來，由於多瑪城的重建工程持續推進，中流部分已經被遺棄，這裡幾乎沒人再使用了。
2162864,茨菰村,"位於延夏的某處。
放眼望去，所見之景將被後世傳頌。",位於延夏的玄水連山的山村。古語「茨菰」的意思是生長在水田等地的一種草，表示這個村子從很久以前就是個種稻的米倉。村民們一直在帝國的殘酷統治下保護著這片水田。
2162865,七彩溝,"位於延夏的某處。
放眼望去，所見之景將被後世傳頌。",流淌著七色水的神奇泉眼。人們認為是因為這裡充滿了露出地面的優質水晶礦床，在屬性之力的作用下才形成了這麼美麗的景色。不過，也有傳說說這是由天女架起的彩虹之橋而來的。
2162866,多瑪城,"位於延夏的某處。
放眼望去，所見之景將被後世傳頌。",支配延夏的多瑪國的城池。是為了管理既是物流大動脈又是周邊地區水源的無二江，而利用突出江面的石山而搭建的。在帝國的支配下，這裡被當成了行省的總督府，同時還擴展了軍事功能。
2162867,大龍月門,"位於延夏的某處。
放眼望去，所見之景將被後世傳頌。",為了管理前往無二江的江船而建造的巨大水門。利用了天然的岩石山建造的大龍壁中央，鑲嵌著一道滿月型的門。帝國軍為了加強對河川的支配，在這裡增設了魔導結界發生器。
2162868,弓束官邸,"位於延夏的某處。
放眼望去，所見之景將被後世傳頌。",管理著無二江中流城市的地方官的宅邸。地方官由代代侍奉多瑪國主一族的名門弓束家當家擔任。多瑪叛亂的時候這裡被燒成了廢墟，現在則成了鯰魚精們的棲息地。
2162869,喬爾艾恩石環,"位於太陽神草原的某處。
放眼望去，所見之景將被後世傳頌。",位於巴兒達木霸道附近的石柱群。石柱上刻著游牧民們的古老歌謠。另外，石柱看上去像是隨便分布的，但據說每當有風從這裡吹過，就會聽到類似於古老旋律的聲音。
2162870,朵塔兒水洲,"位於太陽神草原的某處。
放眼望去，所見之景將被後世傳頌。",游牧的暮暉之民朵塔兒部生活的地方。「水洲」意味著這裡是一個湧水之處，也是乾燥的月神沙漠中極為珍貴的綠洲。在南部的沙漠地帶旅行的時候，需要在這裡進行最後的補水。
2162871,暮暉王座,"位於太陽神草原的某處。
放眼望去，所見之景將被後世傳頌。",象徵著第一位敖龍族女性「暮暉之母」的巨大石像。意味著這裡是月神創造暮暉之母的地方。可是帶著沙塵的風不斷吹向這裡，使得石像漸漸風化，現在已經快要被埋入沙地之中了。
2162872,重逢集市,"位於太陽神草原的某處。
放眼望去，所見之景將被後世傳頌。",暮暉之民中的凱蘇提爾部建立的交易所。「重逢」這個名字象徵著分裂成了50多個部落的暮暉之民希望能夠在這唯一的地方重新變回一個部落的心願。現在已經有很多居住在草原的部落加入其中，還有異國的商人也會造訪。
2162873,恰佳遺骨堂,"位於太陽神草原的某處。
獻上祈禱，所見之景將被後世傳頌。",安置暮暉之民聖人恰佳的遺骨的地方，據說他曾經英勇對抗巨大的龍，從而保護了人們與家畜。在那達慕大戰中勝利的部落會在戰後來到這裡獻上供品，這個傳統儀式一直流傳至今。
2162874,晨曦王座,"位於太陽神草原的某處。
放眼望去，所見之景將被後世傳頌。",傳說中太陽神創造第一位敖龍族男性「晨曦之父」的聖地。經過了歷代的強大部落的統治與重建，現在太陽湖上已經建起了巨大的台座，還有一座聳入雲霄的巨大宮殿。
2162875,破壞神像,"位於神拳痕的某處。
放眼望去，所見之景將被後世傳頌。",破壞與彗星之神拉爾戈的神像。是由星導教的僧侶與信徒們花費了數百年的時光，一點一點地雕鑿山岩建造而成的。因其過於巨大，相傳就連火燒星導寺的泰奧德里克王也拿它沒辦法。
2162876,血雨的訓誡,"位於神拳痕的某處。
放眼望去，所見之景將被後世傳頌。",破壞神像腳下的石碑。上面刻有星導教高僧所留下的話：「七獄門開七天墮淚 血雨狂潮動蕩 破壞神拳所及之處 眾生皆留痕傷」。
2162877,呵欠洞,"位於基拉巴尼亞邊區的某處。
在夜間放眼望去，所見之景將被後世傳頌。",歐米茄和神龍的大戰所留下的痕跡。神龍如同呵欠一般張大嘴，放出的光芒在地面上留下了這個大洞，因此稱為呵欠洞。如果那道光的軌道再稍微偏一點的話，恐怕梅氏的村子就要不保了吧。
2162878,阿拉基利,"位於基拉巴尼亞山區的某處。
放眼望去，所見之景將被後世傳頌。",基拉巴尼亞山區的驛站。位於從阿拉米格通往烏爾達哈與格里達尼亞兩個地區的交通要道，曾也是與東方進行陸路貿易的重要的中轉站。在帝國的統治下，則主要以駐紮在軍事據點內的兵將們為買家進行交易。
2162879,御制監望塔2,"位於基拉巴尼亞山區的某處。
放眼望去，所見之景將被後世傳頌。",加雷馬帝國軍巨大的監視塔。名稱的含義為皇帝的監視塔。位於崇山峻嶺所環繞的山區的中央，不斷監視著帝國支配下的村落。對於阿拉米格的人民們來說，它就是壓迫與暴政的象徵。
2162880,沉沒的破壞神像,"位於基拉巴尼亞湖區的某處。
放眼望去，所見之景將被後世傳頌。",作為拉爾戈星導教被指定為阿拉米格國教的紀念而被供奉起來的破壞神石像。在阿拉米格最後的王泰奧德里克與星導教對立之時，它被直屬於王的近衛隊所破壞， 沉入到了鹽湖之中。
2162881,阿拉米格人居住區2,"位於基拉巴尼亞湖區的某處。
放眼望去，所見之景將被後世傳頌。",要塞城邦阿拉米格南部的居住區。在帝國的統治下，這裡被指定為沒有市民權的「安」階級的人們的居住區，根據對他們的「遊蕩民」這一蔑稱，這裡在當時被稱為遊蕩民居住區。而這一歧視性的稱呼，如今也成了過去。
2162882,瑞光像,"位於黃金港的某處。
放眼望去，所見之景將被後世傳頌。",以武邊瑞光為原型的銅像。他作為在黃金港所在的島嶼「紫州」南部建立末之國的武將而為人所熟知。只是，黃金港本身為幕府直轄領地，因此不屬於末之國。
2162883,樂座街,"位於黃金港的某處。
放眼望去，所見之景將被後世傳頌。",根據遠東之國幕府的特例，與商業有關的限制被大幅減緩的商業街。 從販賣各種商品的店鋪，到提供給國內外的商人與旅客的住宿設施和娛樂設施等等，一應俱全。
2162884,轉魂塔廣場,"位於黃金港的某處。
放眼望去，所見之景將被後世傳頌。",轉魂塔，即乙太之光所在的廣場。在遠東之國，這種設施自古以來都是由被稱為鬼師眾的神秘技術集團進行製造並保護管理的。因為這裡是交通樞紐，赤誠組的監視也很嚴格。
2162885,黃金船庫,"位於黃金港的某處。
放眼望去，所見之景將被後世傳頌。",由黃金港奉行所設立的造船廠。其目的並非是為了建造關船這類的大型船，而是以停泊在黃金港的船隻的修理與小型船隻的建造為主。因此，這裡的船工們很多也都精通外國船隻的構造。
2162886,紫水宮,"位於紅玉海的某處。
放眼望去，所見之景將被後世傳頌。",靜靜地矗立於蒼玉海溝中的海底宮殿。由居住於紅玉海海底的翠水之民們建起，他們的統領紅玉公主則居住於其中。不只是外人，就算是翠水之民沒有特別許可的話也是禁止入內的。
2162887,奧薩德東岸,"位於紅玉海的某處。
在清晨放眼望去，所見之景將被後世傳頌。",面向紅玉海的奧薩德次大陸東岸地區。歷來漁業繁盛，海岸線上散布著許多漁村。這裡風光明媚，因此也留下了許多詩詞。
2162888,痙攣寨,"位於紅玉海的某處。
放眼望去，所見之景將被後世傳頌。",支配紅玉海的海賊眾們的根據地。由於畏懼被認為從神話時代起就聳立於此處的神秘巨塔「天之御柱」的緣故，這裡自古以來就被人當成禁忌之地。但是海賊眾們不懼於神，在此建立了據點。
2162889,高速魔導驅逐艇L-XXIII,"位於延夏的某處。
放眼望去，所見之景將被後世傳頌。",沉沒於無二江水底的高速魔導驅逐艇的殘骸，艦籍編號中的「L」代表其所屬於第十二軍團，而「XXIII」則意味著它是第23號艦艇。它的任務曾是鎮壓多瑪叛亂，似乎是被守護延夏的妖狐所擊沉。
2162890,模兒衣樓,"位於太陽神草原的某處。
放眼望去，所見之景將被後世傳頌。",暮暉之民模兒部落的居留地。會隨著家畜所食用的草的變化而移動的模兒部，每個季節都會變換新的居留地。為此，他們的帳篷也都設計得十分便於移動。
2162891,莫艾石像,"位於太陽神草原的某處。
放眼望去，所見之景將被後世傳頌。",以人臉為原型的巨大石像。在世界各地都有同樣的石像存在，但它們的建造者，建造時間以及目的均不明。根據角的有無以及耳朵的位置，有人認為這些石像是出自人族之手，但也只是推測。
2162892,圓頂區,"位於水晶都的某處。
放眼望去，所見之景將被後世傳頌。",位於水晶都關口的區域，因圓頂建築鱗次櫛比，故得名圓頂區。黑鐵框架搭配結晶材料的建築設計應該會給到訪者留下深刻印象。
2162893,宇宙和音,"位於水晶都的某處。
放眼望去，所見之景將被後世傳頌。",水晶都最大的商業區域。雖然名字中的「宇宙」略顯誇張，但除了中庸工藝館的產品以外，這裡還陳列著交易商從安穆·艾蘭和珂露西亞島運來的各類商品，頗有一種包羅萬象的感覺。
2162894,博物陳列館,"位於水晶都的某處。
放眼望去，所見之景將被後世傳頌。",收集了殘存在諾弗蘭特的所有書籍的大書庫，與「三藝」中的「文法」對應。這裡的藏書種類繁多，不僅有歷史之類的學術書籍，還有簡單易懂的圖書。
2162895,狂喜圓塔群,"位於水晶都的某處。
放眼望去，所見之景將被後世傳頌。",水晶都北部的區域。圓柱形的各類建築物被賦予了居住區域、生產設施、防衛設施等職能。「狂喜」之名源自曾經的某個傳說：「在救世主降臨之時，已死之人將會重生，並感到無盡的狂喜。」起這個名字也是為了讓「光之泛濫」的難民能夠感到重獲新生。
2162896,聖林牧場,"位於水晶都的某處。
放眼望去，所見之景將被後世傳頌。",勇人族主導運營的牧場，從雞到陸行鳥，這裡飼養著各種家禽和家畜。「聖林」指的是「神聖森林中的窠巢」，源自傳說中的阿馬羅居住的理想鄉，現實中這裡也確實飼養著許多阿馬羅。
2162897,光榮門,"位於游末邦的某處。
放眼望去，所見之景將被後世傳頌。",通往游末邦的樹根層的主門。其厚重門扉的內外完全是兩個不同的世界。對於眾多貧民來說，通過這個門進入城內意味著無比的光榮，但光榮門就像它的名字一樣只為身具光榮的人敞開。
2162898,廢船街,"位於游末邦的某處。
放眼望去，所見之景將被後世傳頌。",位於游末邦基部的貧民區。因光之泛濫導致無法遠洋航海，所以遠洋船失去了用武之地，後來便被當作建材形成了這條街。其中有些建築是和船的一部分直接拼湊而成的。
2162899,游末邦軍總司令部,"位於游末邦的某處。
放眼望去，所見之景將被後世傳頌。",以強大著稱的游末邦軍的總司令部。原本設定在最上面的樹梢層，但沃斯里就任元首之後改變了政策，軍隊的意義淡化，於是總司令部被轉移到原本是監獄的這一層。
2162900,蜂箱夜總會,"位於游末邦的某處。
放眼望去，所見之景將被後世傳頌。",開設這個娛樂設施的主要目的是給在游末邦安穩生活的自由市民提供猶如蜜蜂蟄刺般的刺激。在這裡工作的人不論男女均被稱為蜜蜂，總管則擁有「女王蜂」的稱號。
2162901,喬布要塞,"位於雷克蘭德的某處。
放眼望去，所見之景將被後世傳頌。",負責水晶都防衛的城塞群之一。這裡原本是雷克蘭德聯邦時代為騎士修道會建造的據點，後來曾被損毀，被修復之後便成為了現在的城寨群。如今破敗的光耀教會遺址，也只能讓人緬懷其往昔的風光。
2162902,拉迪斯卡瞭望塔,"位於雷克蘭德的某處。
放眼望去，所見之景將被後世傳頌。",建造在雷克蘭德中央的瞭望塔。拉迪斯卡是一位士兵的名字，他曾經發現了食罪靈大軍飛來，因及時通知眾人避難而拯救了無數的生命。但據說他自己為了牽制敵人而留在塔中，最終戰死。
2162903,拉克汕城,"位於雷克蘭德的某處。
放眼望去，所見之景將被後世傳頌。",曾經的雷克蘭德聯邦的王城。在「光之泛濫」爆發之前，一名叫做「影之王」的人物率領菁靈族的守舊派在這裡發動了政變。而令「影之王」喪命的最後一戰也發生在這裡。拉克汕是古菁靈語，雷克蘭德便是從這個詞發展而來。
2162904,奧斯塔爾嚴命城,"位於雷克蘭德的某處。
放眼望去，所見之景將被後世傳頌。",化為廢墟的雷克蘭德聯邦的城塞。菁靈族的騎士奧斯塔爾面對迫近的食罪靈大軍，為了保護百姓，嚴令部下一步都不許退，奮戰到底。如今的名字就是基於這個故事而得名的。
2162905,責罰監獄,"位於雷克蘭德的某處。
放眼望去，所見之景將被後世傳頌。",雷克蘭德聯邦時代建立的監獄遺跡。位於懸崖下的廢墟，曾經是在獄中工作的獄卒們居住的場所，據說當時被稱作鐵鎖街。在化為廢墟的如今，這「鐵鎖」也早已變成「鏽鎖」了。
2162906,陰沉鄉,"位於雷克蘭德的某處。
放眼望去，所見之景將被後世傳頌。",始源湖湖畔的漁村。用橋把雜草島、磚土島、疙瘩島、波浪島這四個島連接而成。因為村中有許多板著臉的漁夫，所以自虐式地起了一個奇怪的村名。
2162907,碎貝海岸,"位於珂露西亞島的某處。
放眼望去，所見之景將被後世傳頌。",名字來源於這片海岸上總是有很多破碎的貝殼，滯潮村的村民都認為十分貼切。過去有很多捕魚人都會在這裡活動，不過如今治安混亂，只剩下了野蠻的大哥布林到處遊蕩。
2162908,白油瀑布,"位於珂露西亞島的某處。
放眼望去，所見之景將被後世傳頌。",位於沃茨河中段的瀑布，落差很大，令人過目難忘。由於流速恰到好處，水流從高處落下時不會飛散，而是能夠直線落到崖底。有一位著名詩人看到這條瀑布後，將沒有飛散的水形容為黏稠的油，於是這條瀑布就得到了這個新名字。
2162909,門前區,"位於珂露西亞島的某處。
放眼望去，所見之景將被後世傳頌。",期盼移居游末邦的難民聚集在一起而自然形成的貧民區。儘管居住環境惡劣，但因為基本沒有遭到食罪靈襲擊的風險，並且還有免費糧食妙料的分發，因此人口依然在不斷增長。
2162910,工匠村,"位於珂露西亞島的某處。
放眼望去，所見之景將被後世傳頌。",珂露西亞島南部的農村。這裡生活著一群拒絕免費妙料的農民，他們憑藉傳統的農耕方法維持生活，栽培的作物以大麥和各種蔬菜為主。不過大約一年前，獨行食罪靈突然襲擊了這裡，導致很多人不幸遇難。
2162911,大升降機,"位於珂露西亞島的某處。
放眼望去，所見之景將被後世傳頌。",連接珂露西亞島高地和低地的巨大升降機。曾經是以代達羅斯公司的塔羅斯作為動力啟動升降機的，不過自從該公司撤出之後已經放置很久了。據說過去是與矮人族進行交易的要地。
2162912,圖姆拉村,"位於珂露西亞島的某處。
放眼望去，所見之景將被後世傳頌。",分散在格魯格火山周圍的矮人族的集落之一，主要居民為圖爾家族的人。裡面的建築小巧玲瓏，十分符合矮人族的習慣，但在其他種族眼中大概就只是個街道模型吧。
2162913,侏儒煙囪,"位於珂露西亞島的某處。
放眼望去，所見之景將被後世傳頌。",穿過矮人洞窟後出現的類似通風口的地方。在格魯格火山活動的影響下，這裡變成了定期噴出溫水的間歇泉。因為周圍會產生硫磺等物質，所以矮人族非常看重這裡。
2162914,紅店野營地,"位於安穆·艾蘭的某處。
放眼望去，所見之景將被後世傳頌。",水晶都的商隊設定的阿馬羅搭乘點，在前往安穆·艾蘭做生意時可以起到中轉站的作用。為了方便保護收集起來的資材，他們利用了沙爾北城的遺址。
2162915,鼴靈集市,"位於安穆·艾蘭的某處。
放眼望去，所見之景將被後世傳頌。",鼴靈族自古便在安穆·艾蘭生活，它們在這裡建設了一個貿易集市，陳列著從荒野各處收集來的物品。如果想獲得礦物和拿巴示艾蘭的遺物，來這裡購買是首選。
2162916,安穆馬利克新宮殿,"位於安穆·艾蘭的某處。
放眼望去，所見之景將被後世傳頌。",安穆的意思是偉大，馬利克是拿巴示艾蘭男性君王的稱號。這裡曾經是拿巴示艾蘭的政治和軍事中樞，在成為阻止光之泛濫的基點時，半個宮殿都被光之波動吞噬瓦解了。
2162917,比朗大礦山,"位於安穆·艾蘭的某處。
放眼望去，所見之景將被後世傳頌。",為了開發比朗山中的礦物資源，人們曾經運用塔羅斯進行過大規模的開採，豐富的礦藏也令這裡繁極一時。「比朗」是一位隆索族偉人的名字，和附近的迦利克村及凱爾克遺跡一樣，都是以故人的名字命名的地名。
2162918,絡尾聚落,"位於安穆·艾蘭的某處。
放眼望去，所見之景將被後世傳頌。",拿巴示艾蘭聘請貓秘族的塔羅斯技師開設礦山鐵道時，也在這裡建設了一個據點作為工作人員的住處。之後這裡一直是礦工們的落腳地，不過隨著礦業的衰退，人口也在不斷減少。
2162919,凱爾克遺跡,"位於安穆·艾蘭的某處。
放眼望去，所見之景將被後世傳頌。",隆索族的村落遺址。這裡好像在「光之泛濫」爆發之前就因人口遷移而變成了廢墟，也因此沒有被什麼大規模戰鬥波及，成了拾荒圈中發掘寶物的知名場所。
2162920,群花館,"位於伊爾美格的某處。
放眼望去，所見之景將被後世傳頌。",這裡原本孚布特王國下轄的一個小山村，在「光之泛濫」爆發後，原住民紛紛搬走，仙子族便趁機住了進來。這裡原本的主要產業是畜牧業，因此還留有飼養用的牲口棚，一些愛喝羊奶的仙子族便接過了飼養綿羊的工作。
2162921,篤學者莊園,"位於伊爾美格的某處。
放眼望去，所見之景將被後世傳頌。",某位異邦的賢人曾經借住過的房屋。這裡原本屬於一位孚布特王國的地方領主，裡面因為其個人興趣收藏了很多書籍和器材。雖然現在原主人已經不再居住，但好奇的妖靈們竟然沒有把那些收藏搞壞，說是奇蹟也不為過。
2162922,普拉恩尼茸洞,"位於伊爾美格的某處。
放眼望去，所見之景將被後世傳頌。",這裡是衛德·因克等曾經與孚布特王國共存的恩莫族們生活的洞窟。普拉恩尼指的是他們培養出來的大蘑菇，將其內部挖空後可以用來居住。
2162923,魚群鎮,"位於伊爾美格的某處。
放眼望去，所見之景將被後世傳頌。",原本是翠光城外圍的城鎮。在妖靈佔領伊爾美格這片地區之後，水妖族引來了大量的水造出了身鏡湖，也將整個城鎮都沉入到了水底，變成了如今的魚群鎮。
2162924,夢羽城,"位於伊爾美格的某處。
放眼望去，所見之景將被後世傳頌。",這裡曾經是孚布特王國的王城。也是化身為靈光衛的妖靈王緹坦妮雅被關押的場所。這個名字融合了妖靈語和孚布特語，給人一種十分夢幻的感覺。
2162925,聖法斯里克天庭,"位於伊爾美格的某處。
放眼望去，所見之景將被後世傳頌。",這裡的地名源自聖法斯里克，是一位光耀教會的聖人。他因為在這裡進行過苦行而為人熟知。但如今，這裡已變成了妖靈的國度伊爾美格，可能只有恩莫族還有人知道這個名稱的由來和含義了。
2162926,戈恩要塞,"位於拉凱提卡大森林的某處。
放眼望去，所見之景將被後世傳頌。",流入拉凱提卡大森林的「夜之民」構築的要塞遺址。因遭到食罪靈大軍的襲擊而發生了大規模火災，結果被焚燒殆盡。倖存的居民們似乎轉移到了蛇行枝居住。
2162927,水蛇寶卵,"位於拉凱提卡大森林的某處。
放眼望去，所見之景將被後世傳頌。",在大樹的支撐下漂浮於蛇水湖之上的巨大水晶塊。似乎在比隆卡帝國更早的遠古時代起就一直受到當地居民的供奉。根據當地的傳說，水晶塊內封印著偉大的「水蛇」。
2162928,朵瓦特里沉沒神殿,"位於拉凱提卡大森林的某處。
放眼望去，所見之景將被後世傳頌。",隆卡帝國用岩石建造的神殿之一。該帝國瓦解之後，雖然受到某神官一族的保護，但不知何時卻被湖水吞沒了。據傳隆卡皇帝的秘寶就沉眠其中，但真相至今依然是個謎。
2162929,洛查特爾大階梯,"位於拉凱提卡大森林的某處。
放眼望去，所見之景將被後世傳頌。",據傳是隆卡神話中登場的巨人洛查特爾創造的階梯狀瀑布。據某位歷史學者所說，洛查特爾即初期的塔羅斯，隆卡文明壯麗的岩石神殿或許也是他建造的。
2162930,法諾村,"位於拉凱提卡大森林的某處。
放眼望去，所見之景將被後世傳頌。",奉隆卡皇帝之命，這個村莊中的維斯族在幾千年來一直守護著拉凱提卡大森林的遺跡群。不過由於其他大多數村莊都因「光之泛濫」而毀滅，這個村莊很難單獨存續，前景令人擔憂。
2162931,四晨星,"位於拉凱提卡大森林的某處。
放眼望去，所見之景將被後世傳頌。",祭祀司掌隆卡大星座的四位神明的遺跡群。四位神明分別為火之神奧奇斯加托爾、水之女神伊奇絲洛克瓦、風之神奧奇斯恰爾以及土之女神伊奇絲安帕。法諾村的人自認為是隆卡的守護者，所以他們將這裡視作聖地。
2162932,鰭人潮池,"前往他人未曾涉足之地，駐足於諾弗蘭特的某處。
放眼望去，記錄尚未見過的美景。",構建於黑風海海底的鰭人族的集落。「潮池」指乾潮時留在海岸上的海水水窪。在「光之泛濫」爆發時，一些偶然待在陸地上的人倖免於難，他們把這裡作為臨時避難所，於是有了「鰭人潮池」這個名字。
2162933,奇人工作室,"前往他人未曾涉足之地，駐足於諾弗蘭特的某處。
放眼望去，記錄尚未見過的美景。",水晶都出身的某位天才工匠為遠離社會文明而用來隱居的工作室。雖然他本人將此處單純地稱為工作室，但是在海底設計工房這種想法本身就已經異於常人了。
2162934,陸人墓標,"前往他人未曾涉足之地，駐足於諾弗蘭特的某處。
放眼望去，記錄尚未見過的美景。",珊瑚叢生的洞窟。「陸人」是鰭人族對地上人類的稱呼。由於紅珊瑚看起來就像地上人類的血管，所以很多鰭人族都認為這裡沉睡著陸人的靈魂。但是生活在地上的人類直到近幾年才聽說這個名字的來歷。
2162935,尊紫洞,"前往他人未曾涉足之地，駐足於諾弗蘭特的某處。
放眼望去，記錄尚未見過的美景。",尊紫貝的棲息地。這種貝殼可以製作一種紫色的染料，而這種紫色被視為身份高貴。游末邦對紫色的偏好應該也是起源於此。
2162936,亞馬烏羅提,"前往他人未曾涉足之地，駐足於諾弗蘭特的某處。
放眼望去，記錄尚未見過的美景。",據鰭人族所言，這座海底都市是在一夜之間拔地而起的。與長期沉睡在海底日趨腐朽的遺跡明顯不同，這裡的建築嶄新完整，就像時常有人精心打理一樣，是個充滿謎團的地方。
2162937,萊韋耶勒爾府,"位於舊薩雷安的某處。
放眼望去，所見之景將被後世傳頌。",萊韋耶勒爾家的宅邸。以現任家主富爾什諾為代表，萊韋耶勒爾家族歷代成員中不乏就任於哲學家議會的議員，可謂賢才輩出，是薩雷安首屈一指的名門望族。這座經歷300年星霜的華美宅邸被許多人視為薩雷安建築史上的寶貴遺產。
2162938,知識神海港,"位於舊薩雷安的某處。
放眼望去，所見之景將被後世傳頌。",舊薩雷安的海港區，名字由來於這座城市的守護神沙利亞克。人們在港口為他修建了一座高大的石像，並相信這位知識之神會守望往來的船隻。這座港口的圓弧形碼頭也獨具一格，與其他國家的港口風格差別很大。
2162939,哲學家議會會場,"位於舊薩雷安的某處。
放眼望去，所見之景將被後世傳頌。",哲學家議會的會場。99套桌椅按照螺旋形安排得疏密有致，以便議會所有在任的99名議員都能齊聚一堂參加議會。如果有機會從空中俯瞰會場，你會發現會場的桌椅排布組成的圖案正是傳說中容納了知識之水的螺，這個圖案同樣也出現在薩雷安的國旗上。
2162940,所思大書院,"位於舊薩雷安的某處。
放眼望去，所見之景將被後世傳頌。",世界上最大規模的圖書館，是薩雷安魔法大學引以為傲的成果。作為迦巴勒幻想圖書館的本館，這裡收藏了來自世界各地的種類繁多的書籍文獻。現在館內正在編纂《世界圖鑑》，旨在將所有知識都編輯在案。
2162941,哲學家廣場,"位於舊薩雷安的某處。
放眼望去，所見之景將被後世傳頌。",哲學家議會討論薩雷安政策等國家大事時使用的議事堂。過去只是一座普通的圓形露天廣場，議員們風雨無阻地在此為了真理爭論不休。然而，有一天廣場上卻發生了不幸的事故，從天而降的落雷造成了人員傷亡，會議不得不暫時中斷。為了避免悲劇再次發生，薩雷安人建造了這座新的議事堂，從此人們的辯論再也不會受到外界影響。
2162942,漂流的終點,"位於舊薩雷安的某處。
放眼望去，所見之景將被後世傳頌。",舊薩雷安東側的居住區，在城中佔了很大的面積。第六星曆初期，暴雨引發的大洪水結束之後，為了遠離野蠻的爭鬥，那些受過紐恩克雷夫照拂的難民追隨他離開了基拉巴尼亞，通過龍堡地區前往北洋，並來到了現在的薩雷安，在這塊海鸚棲息地建造了居住區。基於這些經歷，人們稱這裡為「漂流的終點」。
2162943,公開講堂,"位於舊薩雷安的某處。
放眼望去，所見之景將被後世傳頌。",位於薩雷安魔法大學所見大講堂中的教室。無論是魔法大學的學生，還是廣大的市民，不需要任何邀請和證明，所有人都可以在此參加魔法大學開設的公開課。這間看似開闊的教室，時常因為人氣教師登壇授課而人滿為患。
2162944,魯維達紡絲局,"位於拉札罕的某處。
放眼望去，所見之景將被後世傳頌。",生產優質絹絲的拉札罕著名國營工房。多年以來魯維達紡絲局養蠶及紡絲的技術都是拉札罕的不傳之秘，現在烏爾達哈等諸多海外國家也開始自行養蠶，更是加劇了魯維達紡絲局的危機感，現在這裡的戒備愈發森嚴拒絕一切閒雜人等靠近。
2162945,巴爾夏恩大巴扎,"位於拉札罕的某處。
放眼望去，所見之景將被後世傳頌。",如果商業是拉札罕的血管，那麼巴爾夏恩大巴扎就是拉札罕的心臟。這座室內市場的名字來自傳說中的偉大商人巴爾夏恩。據說巴爾夏恩在與外國的交易中積累了巨額財產，他的遺願就是用自己的遺產建立一座宏偉的市場，於是巴爾夏恩大巴扎橫空出世。今天這裡依然熙熙攘攘，一派欣欣向榮的景象。
2162946,妮洛帕拉畜產局,"位於拉札罕的某處。
放眼望去，所見之景將被後世傳頌。",拉札罕的畜牧研究所。拉札罕人最開始飼養桓娑鳥只是為了採取它們的毒液作為煉金素材，直到有一位名叫妮洛帕拉的馴獸人發明了去除桓娑鳥毒腺的技術，桓娑鳥才得以作為肉用動物走上舞台。沒過多久，桓娑鳥就以其美味多汁的鮮美肉質一躍成為拉札罕菜系中的主要原料之一，並由此成了遠近聞名的美味。
2162947,梅麗德酒房,"位於拉札罕的某處。
放眼望去，所見之景將被後世傳頌。",梅麗德經營的酒房，主要提供各種簡餐和酒類的餐飲店。店內售賣當地煉金術士釀造的各種各樣的蒸餾酒。酒房邀請了舞者在店內進行表演，這種汲取了薩維奈傳統舞蹈要素的表演形式因此大受歡迎，在外國遊客中具有極高的人氣。
2162948,雲使宮,"位於拉札罕的某處。
放眼望去，所見之景將被後世傳頌。",這座宮殿既是拉札罕總督的私人宅邸，同時也是整個拉札罕的政治中心。雲使宮的名字取自悌陽象族的古語，意為「來自雲間的使者」。這座宮殿正如這個名字所述的那樣，建造在巨石的頂端。有求於總督的請願者，總督為了解決問題派出的使者，雲使宮的高度從未影響它的大門為人敞開。
2162949,阿爾扎達爾廟,"位於拉札罕的某處。
放眼望去，所見之景將被後世傳頌。",阿爾扎達爾是從大陸移居至薩維奈的敖龍族中最為偉大的族長，這裡是為了供奉他而建立的廟宇。他在世時，薩維奈島上的象魔族分裂為悌陽象族和魔邪象族兩派征戰不休。傳說是阿爾扎達爾帶領族人為悌陽象族助陣並平息了紛爭，為薩維奈島帶來了和平。
2162950,魯維達紡絲局空中花園,"位於拉札罕的某處。
放眼望去，所見之景將被後世傳頌。",位於拉札罕引以為傲的國營紡絲局樓頂，常人難以企及的空中花園。眾多桑樹包圍之中安放著一座黃金製成的伽迦象雕塑。根據本地傳說，在這座雕塑上坐過的人都能獲得好運。其中最有力的佐證就是，那些不夠幸運的人早在爬到這裡的路上摔死了，你顯然比他們幸運多了。
2162951,詭巧之路,"位於迷津的某處。
放眼望去，所見之景將被後世傳頌。",安置在迷津的數台巨型升降機之一，連接了地上的舊薩雷安與地下的迷津。衛輔城的上層區域相當於迷津的門廳，所有通過這台升降機到達地下的人或物資都會首先抵達這裡，之後再分流到各自的目的地。
2162952,驚愕所,"位於迷津的某處。
放眼望去，所見之景將被後世傳頌。",驚愕所的名字取自於古語，在古語中這個詞被描述為人們面對新知識時的訝異、好奇和敬畏，這種「驚愕」也被認為是求知的原動力。薩雷安人正是出於驚愕在這裡建立了探索星海的據點，並藉此與星海深處的海德林接觸。這一次接觸推動了薩雷安人將驚愕所改建為一座船塢，並最終於此建造了飛往月球的方舟。
2162953,梅麗奧爾實驗農場,"位於迷津的某處。
放眼望去，所見之景將被後世傳頌。",進行各種農業研究的實驗農場，主要專注於植物、農作物及農業種植技術。拾穗人們從世界各地收集來的植物樣本最終都匯聚在這裡。農場的名字取自「七賢人」之一的梅麗奧爾，她為薩雷安建國做出了巨大貢獻。正是她運用自己的園藝知識，開墾了荒蕪貧瘠的海島，才保證了漂流至此的薩雷安先民免於飢饉。
2162954,洞穴生物繁殖區,"位於迷津的某處。
放眼望去，所見之景將被後世傳頌。",用於研究洞穴生物的區域，薩雷安人在這裡培育各種洞穴生物，並對其繁殖情況進行記錄。因為時常發生過量繁殖的生物逃到外面的事件，屢次給其他研究部門造成損失，所以這裡在不太好的方面上很有名氣。此外，洞穴生物的糞便含有豐富的磷，如何作為肥料使用也是目前研究的課題之一。
2162955,小薩雷安,"位於迷津的某處。
放眼望去，所見之景將被後世傳頌。",小薩雷安位於迷津的內環區域，是內環工作人員們的宿舍。由於他們參與了哲學家議會直接領導的機密計劃，為了避免洩密，所有人的行動範圍都受到了嚴格的管制。幾乎可以說他們只能在這個簡易村落中生活。
2162956,新港,"位於薩維奈島的某處。
放眼望去，所見之景將被後世傳頌。",位於薩維奈島南部的港口，名字源於大陸移民對它的古語稱呼。由於薩維奈島周圍的水深較淺，遠洋航行的大型交易船一般在新港對岸的光明島靠岸，再通過小型駁船將貨物運抵拉札罕。
2162957,卡嘉雅舞台,"位於薩維奈島的某處。
放眼望去，所見之景將被後世傳頌。",據說卡嘉雅是「戰舞」的創造者。人們不僅為這個舞台冠上了她的名字，還布置了幾座刻畫她美妙舞姿的雕像。那些得其真傳的舞者如今仍在向諸神和先祖獻舞。
2162958,巨膽石採掘場,"位於薩維奈島的某處。
放眼望去，所見之景將被後世傳頌。",巨膽石是薩維奈島的主要特產之一。這是一種呈現獨特紫色的石材，不但硬度高，對乙太的傳導率也十分出色。因此，除了作為建築材料，還能成為武器防具的原料和煉金藥的素材，用途非常廣泛。
2162959,眾僧林園,"位於薩維奈島的某處。
放眼望去，所見之景將被後世傳頌。",分布在薩維奈島內陸地區的廣闊密林區域。在密林內部，寺院神殿星羅棋布，儘管大部分已經廢棄，但從它們的斷壁殘垣中仍能窺見當地居民祭祀眾神的盛況。過去這裡居住著無數信仰堅貞的僧侶，這片密林由此得名眾僧林園。
2162960,摩耶幻泉,"位於薩維奈島的某處。
放眼望去，所見之景將被後世傳頌。",很久以前，這裡曾經是悌陽象族僧侶們聚集生活的寺院。這些施掌術法的僧侶在這裡一同生活，為了獲得傳說中被稱為摩耶的神通力而努力修行。現在，僧侶們移居到了森林的深處，這座被遺棄的寺院有一半已經淹沒在了水中。
2162961,代米爾遺烈鄉,"位於薩維奈島的某處。
放眼望去，所見之景將被後世傳頌。",代米爾家族是煉金術的發源地薩維奈島最有名的煉金術家族，這裡就是他們建立的村落。為了稱頌他們的豐功偉績，人們將這裡稱為「遺烈鄉」，並繼續在此研究煉金術。時至今日，這裡也是最高水準的煉金術人才聚集地。
2162962,第三站,"位於加雷馬的某處。
放眼望去，所見之景將被後世傳頌。",連通加雷馬帝國首都地區的魔導列車網的第三站。站內設有停車庫、發電機和其他設施。首都被摧毀後，第一軍團的殘部將這裡作為臨時軍團總部。
2162963,朱圖爾娜七號水上鑽井平台,"位於加雷馬的某處。
放眼望去，所見之景將被後世傳頌。",為了從大青湖中開採青磷水，加雷馬人建造了這座採礦平台。在加雷馬的周邊，類似的水上鑽井平台還有六個。然而，受到內戰影響，所有的平台都已停工。
2162964,脫軌列車,"位於加雷馬的某處。
放眼望去，所見之景將被後世傳頌。",脫軌之後被棄置的魔導列車。這種49式客車在帝國時期僅供貴族使用，只有貴族或高級軍官，以及受到兩者推薦的市民才有資格乘坐。根據現場痕跡可以推測這輛列車曾試圖逃離帝都，不料在被精煉的帝國兵的襲擊下脫軌。
2162965,加雷馬元老院,"位於加雷馬的某處。
放眼望去，所見之景將被後世傳頌。",元老院在加雷馬共和國時代是國家權力機關，在加雷馬帝國時代轉型為向皇帝進言的機構。在這座巍峨的建築物中通過了難以計數的表決。在一次次的遠征議案中，帝國將血雨腥風帶向了世界各地，也將無數的財富帶回了加雷馬。
2162966,都市區,"位於加雷馬的某處。
放眼望去，所見之景將被後世傳頌。",這裡曾經是世界霸主的心臟，是政治、軍事和經濟等多方面的中心。然而，爭奪皇位的內戰造成了巨大的破壞，倖存下來的建築也被盡數拆除，變成了建造巴別塔的材料。在幾輪重創之下，往日的輝煌已蕩然無存。
2162967,索魯斯廣場,"位於加雷馬的某處。
放眼望去，所見之景將被後世傳頌。",第二次東方遠征之際，加雷馬帝國初代皇帝索魯斯在這個廣場舉行了出征前的閱兵儀式。在這次遠征中，加雷馬帝國成功征服了達爾馬斯卡，為了紀念這一偉業，這裡被改建為具有紀念性質的公共廣場。
2162968,異土庭,"位於曉月之旅途經的某處。
放眼望去，所見之景將被後世傳頌。",聚集在這間小屋裡的研究員們有著與眾不同的想法，他們的研究目標是「不用創造魔法進行創造」。這些研究員讓特徵各異的創造生物進行自然交配，希望純粹依靠巧合的力量產生出意想不到的新奇結果。
2162969,轉移六洋院,"位於曉月之旅途經的某處。
放眼望去，所見之景將被後世傳頌。",轉移六洋院是極北造物院的分館之一，主要職能是觀察並評估海洋生物。只看狹窄的外觀很難想像，它的內部使用了特殊的魔法，構建了海洋生物所需的六種海洋環境。
2162970,忘海,"位於曉月之旅途經的某處。
放眼望去，所見之景將被後世傳頌。",每一種創造生物都會經過詳細的檢測，如果最終還是無法通過審查，它們就會被轉移到這個區域。這裡的泉水會消解創造生物的生命能量，將它們送往冥界。這方美妙至極的景緻之下，是經歷悲痛離別的厄爾庇斯為創造生物灑落的淚光。
2162971,極北造物院,"位於曉月之旅途經的某處。
放眼望去，所見之景將被後世傳頌。",厄爾庇斯最大的設施，同時也是這裡的中樞。其內部用魔法重現了各種各樣的自然環境，研究人員可以根據需要對創造生物的情況進行觀察和評估。只有在這裡通過審查，那些創造生物才能被投放到外部世界。
2162972,醒悟天測園,"位於曉月之旅途經的某處。
放眼望去，所見之景將被後世傳頌。",在古代人的語言中，「醒悟」這個詞也有「發現」的意思。這裡是那些在極北造物院工作的監察官居住的地方。他們的職責就是在日常生活中觀察各種創造生物，並評估它們的存在是否對這個世界有益。
2162973,西德尼亞丘陵,"位於曉月之旅途經的某處。
放眼望去，所見之景將被後世傳頌。",貿然出現在嘆息海的人面岩。怎麼看都是人工製作的，但究竟是參照誰雕刻的還不得而知。不過被當成模特的那個人應該不希望把這東西放到月球上吧。
2162974,胡蘿蔔所,"位於曉月之旅途經的某處。
放眼望去，所見之景將被後世傳頌。",兔兔族在月球上建立了很多適宜人類生存的人工環境，胡蘿蔔所便是其中之一。兔兔族還在這裡種植了世上最完美的食物——胡蘿蔔。雖然世間有很多煩心事，但是只要明天還有胡蘿蔔吃，一切都不是問題。
2162975,最偉大的森林,"位於曉月之旅途經的某處。
放眼望去，所見之景將被後世傳頌。",冠以「最偉大的森林」之名的人工森林區域。月面的兔兔族原本是為了讓移居到月球的人類有個放鬆身心的地方，然而這裡完全沒有地方符合人類對「森林」這個詞的認知。算了算了，誰還不會有點失誤呢？
2162976,海姆達爾級觀察艇殘骸,"位於曉月之旅途經的某處。
放眼望去，所見之景將被後世傳頌。",為了監視禁錮龍神巴哈姆特的衛月，古代亞拉戈文明將海姆達爾級觀察艇發射到了近月軌道上。第七靈災發生時，這艘飛船曾試圖阻止衛月的異常活動，卻不幸被擊毀，最終墜落到了月面上。
2162977,監視者之館,"位於曉月之旅途經的某處。
放眼望去，所見之景將被後世傳頌。",在嘆息海的一角悄然佇立著一座古老的建築，這就是監視佐迪亞克封印的「監視者之館」。建築的外側環繞著螺旋狀的乙太傳導板，鮮明的建築風格讓人過目難忘。是在誰的回憶裡嗎？還是哪處的海底倒影？似乎在某個地方曾見過風格近乎一樣的建築……
2162978,斯提格瑪一,"位於曉月之旅途經的某處。
放眼望去，所見之景將被後世傳頌。",機械文明的最高意志決策裝置，隨文明一同得到了重現。它原本的名字是戰爭戰略母機「阿爾法一」，然而由於在戰爭中受到致命的重創，它啟用了「斯提格瑪一」這個稱呼，以表明目前並非完備狀態。
2162979,瓦銘癸己,"位於曉月之旅途經的某處。
放眼望去，所見之景將被後世傳頌。",該區域重現了梅蒂恩們發現的「第16個文明」。推測此處重現的是機械文明的母星阿爾法坦星最後的樣子，也有可能是阿爾法坦星人侵略其他星球時建立的前哨基地。不過情報嚴重不足，很難斷言。
2162980,瓦銘丙,"位於曉月之旅途經的某處。
放眼望去，所見之景將被後世傳頌。",這片區域重現了梅蒂恩發現的「第3個」文明。當地的居民自稱為「異亞」，他們脫離了肉體，轉化成了永生的精神體。但在獲悉宇宙終結乃不可撼動的事實之後，它們陷入了絕望。
2162981,瓦銘癸辛,"位於曉月之旅途經的某處。
放眼望去，所見之景將被後世傳頌。",這片區域重現了梅蒂恩發現的「第18個」文明。這個世界原本由高潔的龍族統治，後來受到來自阿爾法坦星的機械兵器侵略，在一系列激烈交鋒之後慘遭滅亡。
2162982,瓦銘甲,"位於曉月之旅途經的某處。
放眼望去，所見之景將被後世傳頌。",這片區域重現了梅蒂恩發現的「第1個」文明。重現出來的狀態與當初梅蒂恩降落到這顆星球時的狀態相同。雖然建築都完好無損，但沒有任何生命體的跡象，彷彿這裡的居民都在一瞬間消失了，只在環境中留下了空虛。
2162983,海岸鳥群市場,"位於圖萊尤拉的某處。
放眼望去，所見之景將被後世傳頌。",圖萊尤拉規模最大的市場。正如名字的含義一般，當中匯聚了來自大陸各地的商品，總是熙來攘往。因為面向港灣區域，從海上運過來的商品可以立刻擺上貨架。
2162984,翼鏡街,"位於圖萊尤拉的某處。
放眼望去，所見之景將被後世傳頌。",圖萊尤拉的居住區。雖然房屋的排列整齊劃一，但由於聚集了來自大陸各地的移民，外觀裝飾的種族差異較為鮮明。如果把王都圖萊尤拉比作一隻巨鳥，那麼這些房屋就是點綴它的彩色羽毛。
2162985,滿潮港,"位於圖萊尤拉的某處。
放眼望去，所見之景將被後世傳頌。",圖萊尤拉的港灣區域。近海有很多礁石，需要從大型船隻換乘到小船後靠岸。但是乾潮時岩石較多，小船也很難登陸，所以只在滿潮時開放，這就是「滿潮港」之稱的由來。
2162986,船頭小屋,"位於圖萊尤拉的某處。
放眼望去，所見之景將被後世傳頌。",與延伸到近海的棧橋相連的整租下來的住房。原本只是為停靠在棧橋的小船上的人提供住處，構造非常簡單。後來一位外國冒險者看到現在的建築後，將屋頂比作船頭，將客房比作船室，於是就有了如今的名字。
2162987,心火塔,"位於圖萊尤拉的某處。
放眼望去，所見之景將被後世傳頌。",名字的含義源自哈努族的語言。原先是用來警戒薩卡圖拉爾方面的監視塔，現在的作用則是警告往來於近海的船隻遠離大瀑布。
2162988,瓦丘恩佩洛,"位於奧闊帕恰山的某處。
放眼望去，所見之景將被後世傳頌。",山間的村落，是行商民族佩魯佩魯族的故鄉。除了生產咖啡和梅斯卡酒等交易品外，還經營飼養羊駝的牧場。由於這裡的居民身材矮小，房屋尺寸也都相對較小。
2162989,米普露馬黛茶園,"位於奧闊帕恰山的某處。
放眼望去，所見之景將被後世傳頌。",佩魯佩魯族的米普露經營的馬黛茶園。在引進茶樹苗之前，這裡曾是個植被貧瘠的荒野，但隨著茶田的擴大，土壤也得到了改善。如今這裡的人口不斷增加，已經發展成小村落的規模。
2162990,哀苦的遺影,"位於奧闊帕恰山的某處。
放眼望去，所見之景將被後世傳頌。",留存在懸崖邊上的廢墟。原本是尤卡巨人族的村落，但隨著人口的減少，這裡也遭到了遺棄，留下的只有人們不捨的遺憾和悲痛。相傳這裡有路通往恰巴玉凱克，不過現在這條道路似乎也毀壞了。
2162991,納尤戈納,"位於奧闊帕恰山的某處。
放眼望去，所見之景將被後世傳頌。",豔翼蛇鳥吐出的火焰造成的大洞。如今仍有氣體性魔物被飄蕩在洞中的火屬性乙太吸引而來，所以貿然靠近會很危險。納尤戈納在尤卡巨人族的古語中意為「被剜眼窩的黑色焦土之地」。
2162992,其瓦固鹽田,"位於奧闊帕恰山的某處。
放眼望去，所見之景將被後世傳頌。",拒絕臣服於聯王的尤卡巨人族一派聚集的村落。人們認為這一帶在古代是一片大海，所以才會出現含鹽量高的水窪。居民們將這個大自然的恩惠稱為「寶物的施捨」，在斜面上造起了階梯狀的鹽田。
2162993,沃刻拉朵山,"位於奧闊帕恰山的某處。
放眼望去，所見之景將被後世傳頌。",名字在尤卡巨人族的古語中意為「擁有世間所有色彩的高山群」，實際也是如此，在擁有彩虹色地層的山谷中，各類鮮花爭相鬥豔的光景如夢如幻。這裡的環境乙太含量極高，自古便被視為尤卡巨人族的聖地。
2162994,繁茂溫風大房,"位於克扎瑪烏卡濕地的某處。
放眼望去，所見之景將被後世傳頌。",哈努族建造的樹上居所之一。據說名字模仿了位於他們傳說中的故鄉的房屋。修行風魔法的哈努族在這裡群居，經常從高處進行空中滑翔的獨特訓練。
2162995,星光滿溢洞窟,"位於克扎瑪烏卡濕地的某處。
放眼望去，所見之景將被後世傳頌。",在三個瀑布「腿的血流」、「臂的血流」、「首的血流」的侵蝕下形成的洞窟。內部長有光苔，夜晚會產生燦若星空的光景，所以人們用哈努族語中的「星光滿溢」為此地命名。
2162996,竿網棧橋,"位於克扎瑪烏卡濕地的某處。
放眼望去，所見之景將被後世傳頌。",哈努族的捕魚人們在大舌頭瀑布的水潭搭建的落腳點。結實的木樁深入水中，穩穩立於急流之間。人們經常一邊感受著大瀑布的磅礴之勢，一邊用備好的工具和魚展開死鬥。
2162997,乾燥聖地,"位於克扎瑪烏卡濕地的某處。
放眼望去，所見之景將被後世傳頌。",哈努族將他們信仰的綠咬鵑稱為「奇夏伊希」，並專門在這裡建造了神殿供奉神像。這個地名也源自哈努族的語言，他們把這裡視為在潮濕地帶接受太陽之力的聖地。
2162998,土陶郡,"位於克扎瑪烏卡濕地的某處。
放眼望去，所見之景將被後世傳頌。",莫布林族的根據地。這裡是名副其實的「陶製之城」，各個建築宛如塗上釉藥後烤製而成，質感非常獨特。它們連在一起，形成了一個圓形。其中有一些房子既能住人又能作為工房使用，是專門為簽訂了專屬契約的「罐子工」準備的。
2162999,虹彩水底,"位於克扎瑪烏卡濕地的某處。
放眼望去，所見之景將被後世傳頌。",位於活船水路上游的水流舒緩的湖沼，名字源自哈努族的語言。這裡確實生長著多種顏色的水草，據說是水溫和環境乙太的不穩定導致水草發生了變色。
2163000,紅豹村,"位於亞克特爾樹海的某處。
放眼望去，所見之景將被後世傳頌。",靈豹之民作為根據地的村落。他們面朝名為「天坑」的湖，雖身處密林之中，卻擁有廣闊的觀星廣場。木製的居所塗有象徵他們種族顏色的紅色顏料。村落的名字中的「豹」指的是圖拉爾大陸上生活的「獰豹」，這是一種長鬚豹的近親，也是一種極其兇猛的野獸。
2163001,赤血天坑,"位於亞克特爾樹海的某處。
放眼望去，所見之景將被後世傳頌。",佔據著亞克特爾樹海東北部的巨大的湖。靈豹之民和輝鱗族曾經在附近進行過長期的戰鬥，他們把戰死者投入湖中進行悼念，結果使原本清澈的水面染成了血紅色。赤血天坑的名字就是由此而來。
2163002,白燼古戰場,"位於亞克特爾樹海的某處。
放眼望去，所見之景將被後世傳頌。",靈豹之民和輝鱗族長年交戰的古戰場。這裡曾是一片茂密的森林，儘管戰爭已經結束了幾十年，被燒得灰白的土地上卻再無新綠，只有戰時的兵器凌亂地殘留在各處。
2163003,天降重石,"位於亞克特爾樹海的某處。
放眼望去，所見之景將被後世傳頌。",從加提卡海心凸出的高聳巨岩。人們認為它是以前落到這片土地的隕石將樹海分為上下兩部分時留下的。輝鱗族將巨岩本身視為聖物，而靈豹之民則將巨岩頂部長出的巨樹視為聖物。
2163004,加提卡海心,"位於亞克特爾樹海的某處。
放眼望去，所見之景將被後世傳頌。",有很多散發藍光的樹木和天坑群的深邃森林。「加提卡」的意思為「眷族的森林」，可見這裡一直被輝鱗族視為心中聖地。陽光被茂密的枝葉遮擋，幾乎無法照入林中，不過活化的環境乙太卻能不斷散發藍色光輝。
2163005,幻煌樹,"位於亞克特爾樹海的某處。
放眼望去，所見之景將被後世傳頌。",扎根於天坑的水中，懷揣著巨大水晶塊的大樹。人們認為水晶是從前降落在亞克特爾樹海的隕石的內核，它不僅使幻煌樹長成不同尋常的巨樹，還會釋放出獨特的乙太影響周圍的植物。
2163006,胡薩塔伊驛鎮,"位於夏勞尼荒野的某處。
放眼望去，所見之景將被後世傳頌。",位於圖萊尤拉關門附近，尚處在發展期的驛鎮。原本是為了加速開發夏勞尼荒野而開設的物資集運站，後來挖掘青磷水的勞動者們不斷增多，短短幾年就發展成了驛鎮。
2163007,美花黑澤恩,"位於夏勞尼荒野的某處。
放眼望去，所見之景將被後世傳頌。",崇靈之民中將犎牛視為祖靈的一族居住的村落。這個名字在崇靈之民的語言中意為「祖靈食草之地」，人們主要生活在帳篷之中，這樣可以更方便和犎牛一起隨季節移動。
2163008,特利湖,"位於夏勞尼荒野的某處。
放眼望去，所見之景將被後世傳頌。",人生、時間和水都是轉瞬即逝。因此崇靈之民以「快速流走的時間」之意將流經荒野的河流稱作尼葵瑞皮河，也為與之相連的湖取了帶有朝夕含義的名字。這面特利湖便是象徵著「朝」的水域。
2163009,帕耶海帕山丘,"位於夏勞尼荒野的某處。
放眼望去，所見之景將被後世傳頌。",名字在眾陽之民的語言中有「許多翅膀」之意。這裡自古便是古代生物舞翼飛龍的巢穴，不僅能在附近發現很多化石，還能在孵卵期聽到幼龍此起彼伏的響亮叫聲。
2163010,清風低語的山丘,"位於夏勞尼荒野的某處。
放眼望去，所見之景將被後世傳頌。",山丘的名字源自迎曦之民的古語，發音類似於「勞澤恩薩薩亞」。這裡地勢高、視野好，甚至可以一眼望見延伸到夏勞尼荒野和圖萊尤拉的佐戈永結橋。據說他們的祖先曾在這裡一邊抽煙一邊與風和大地交流。
2163011,解答所,"位於九號解決方案的某處。
放眼望去，所見之景將被後世傳頌。",「解決」所有問題的窗口，相當於九號解決方案中樞的行政區域。這裡不但置有分配靈魂資源的靈魂交易機設備，還設立了解決民生、就業問題的窗口。
2163012,居住區域,"位於九號解決方案的某處。
放眼望去，所見之景將被後世傳頌。",九號解決方案的市民們生活的地方。各棟會按照分配編號的居住棟來稱呼，從單層的共享空間到個人居住的房屋應有盡有，是設備非常齊全的居住場所。
2163013,錦磚咖啡,"位於九號解決方案的某處。
放眼望去，所見之景將被後世傳頌。",在商業區域經營的極具人氣的咖啡廳。亞歷山德裡亞中的某個種族會以石頭為語源為族人命名，他們希望這裡能成為各類石頭聚集的地方，所以將店名定為「錦磚」。
2163014,真唯大道,"位於九號解決方案的某處。
放眼望去，所見之景將被後世傳頌。",遍布酒館和鬥技場，是永護塔首屈一指的不夜城。人們認為只有聚集在這小巷的人才能看清世間的真相，於是便賦予它「真唯大道」這樣一個俗稱，而那索然無味的原名如今已被忘卻。
2163015,聯合商城,"位於九號解決方案的某處。
放眼望去，所見之景將被後世傳頌。",匯聚了各類店鋪的購物中心，從日用品店、食品店到交通工具的售賣店，商鋪一應俱全。因為佔地面積大、店面繁多，總是讓人暈頭轉向，以至於有人笑稱這裡最火爆的地方是尋人中心。
2163016,落雷場,"位於遺產之地的某處。
放眼望去，所見之景將被後世傳頌。",震耳欲聾的雷鳴連綿不斷，充滿了雷屬性之力的平原。這裡彙集了能量設施等許多重要設備，不過因為落雷頻發，機器兵無法正常活動，所以成了狂暴魔物橫行的危險地帶。
2163017,邊郊鎮,"位於遺產之地的某處。
放眼望去，所見之景將被後世傳頌。",位於永護塔邊郊的勞動者城鎮。這裡是本就存在於亞斯拉尼荒野的村落，大多數居民都是圖拉爾人。他們在保持著原有生活方式的同時，也在努力將雷轉質技術融入日常。
2163018,永護塔,"位於遺產之地的某處。
放眼望去，所見之景將被後世傳頌。",在經歷了環境巨變的災厄之後，亞歷山德裡亞的百姓努力搭建起來的巨塔。這座十二層的塔中除了生產食品和生活物資的工業區以外，還包含居住區等區域。
2163019,帶雷危險區域,"位於遺產之地的某處。
放眼望去，所見之景將被後世傳頌。",按照亞歷山德裡亞歷史學家的說法，這個大坑是雷光大戰時被兵器打出來的。如今這裡聚集了濃重的雷屬性乙太，坑底的巨大挖掘機會不斷從中挖出雷轉質。
2163020,留下名字的墓地,"位於遺產之地的某處。
放眼望去，所見之景將被後世傳頌。",遺留在亞斯拉尼荒野角落的舊時代的墓地。在調魂器開始普及的現代，為故人建造墓地的文化已被遺忘，這些刻有死者姓名的墓碑群反而成為難以理解的風俗留下的產物。
2163021,舊亞歷山德裡亞,"位於遺產之地的某處。
放眼望去，所見之景將被後世傳頌。",幾乎是唯一可以探知亞歷山德裡亞過往情況的遺跡。在雷光大戰之前還是人頭攢動的鬧市，但戰爭過後已是破敗不堪，加上地基下沉引發的浸水，這裡已經不再適合人類居住了。
2163022,中央終端,"位於黃金之旅途經的某處。
放眼望去，所見之景將被後世傳頌。",聳立在活著的記憶中央的巨大建築，散發著金黃色的光輝。它既是象徵著守護亞歷山德裡亞的「永恆女王」的石碑，也是支撐著永護塔基礎系統的中樞。
2163023,運河鎮,"位於黃金之旅途經的某處。
放眼望去，所見之景將被後世傳頌。",活著的記憶中掌管「水」的區域。這裡以「治癒身心的度假村」作為理念設計而成，水路密布，街景優美。觀光設施也很豐富，包括據說能帶來幸福的關愛泉，還有醫療史博物館等。
2163024,昨日樂園,"位於黃金之旅途經的某處。
放眼望去，所見之景將被後世傳頌。",活著的記憶中掌管「土」的區域。乘坐觀光車「希望之輪」和架線飛空艇「飛車」可以眺望這裡的美景。此外，很多人都喜歡在重現舊街景的「原型亞歷山德裡亞」漫遊。
2163025,風途園圃,"位於黃金之旅途經的某處。
放眼望去，所見之景將被後世傳頌。",活著的記憶中掌管「風」的區域。是展示從舊亞歷山德裡亞王國境內和周邊地區收集的動植物活體的巨大庭園。內部還建有自然史博物館。
2163026,火山庇護所,"位於黃金之旅途經的某處。
放眼望去，所見之景將被後世傳頌。",活著的記憶中掌管「火」的區域。七彩色的閃山雲噴泉和熔岩滿溢的活火山是這裡有名的景觀，訪客還可以在火繩動物園觀察魔物們原生態的生活方式。
2163027,過去的神子之路,"位於黃金之旅途經的某處。
放眼望去，所見之景將被後世傳頌。",記錄著米拉拉族的歷史和文化的螺旋狀道路。外牆上羅列著表情各異的面具，體現出人們在面對神子時露出的敬畏、崇敬、喜悅之情。他們的祖先是從何而來呢？
