key,4
#,Name
offset,0
int32,str
0,自訂
1,基礎
2,簡約
3,古典
4,華美
5,豪華
6,乙太空間
7,日誌
8,職能：防護職業
9,職能：治療職業
10,職能：進攻職業
11,騎士（簡易）
12,戰士（簡易）
13,暗黑騎士（簡易）
14,絕槍戰士（簡易）
15,白魔法師（簡易）
16,學者（簡易）
17,占星術士（簡易）
18,賢者（簡易）
19,武僧（簡易）
20,龍騎士（簡易）
21,忍者（簡易）
22,武士（簡易）
23,釤鐮客（簡易）
24,吟遊詩人（簡易）
25,機工士（簡易）
26,舞者（簡易）
27,黑魔法師（簡易）
28,召喚師（簡易）
29,赤魔法師（簡易）
30,騎士（華麗）
31,戰士（華麗）
32,暗黑騎士（華麗）
33,絕槍戰士（華麗）
34,白魔法師（華麗）
35,學者（華麗）
36,占星術士（華麗）
37,賢者（華麗）
38,武僧（華麗）
39,龍騎士（華麗）
40,忍者（華麗）
41,武士（華麗）
42,釤鐮客（華麗）
43,吟遊詩人（華麗）
44,機工士（華麗）
45,舞者（華麗）
46,黑魔法師（華麗）
47,召喚師（華麗）
48,赤魔法師（華麗）
49,星極隊
50,靈極隊
51,隨身神典石1
52,隨身神典石2
53,巴哈姆特絕境戰
54,究極神兵絕境戰
55,亞歷山大絕境戰
56,幻想龍詩絕境戰
57,第1賽季水晶衝突：王者
58,第1賽季水晶衝突：勇者
59,第1賽季水晶衝突：獲獎者
60,第1賽季水晶衝突：青銅
61,第1賽季水晶衝突：白銀
62,第1賽季水晶衝突：黃金
63,第1賽季水晶衝突：白金
64,第1賽季水晶衝突：鑽石
65,第1賽季水晶衝突：水晶
66,第2賽季水晶衝突：王者
67,第2賽季水晶衝突：勇者
68,第2賽季水晶衝突：獲獎者
69,第2賽季水晶衝突：青銅
70,第2賽季水晶衝突：白銀
71,第2賽季水晶衝突：黃金
72,第2賽季水晶衝突：白金
73,第2賽季水晶衝突：鑽石
74,第2賽季水晶衝突：水晶
75,第3賽季水晶衝突：王者
76,第3賽季水晶衝突：勇者
77,第3賽季水晶衝突：獲獎者
78,第3賽季水晶衝突：青銅
79,第3賽季水晶衝突：白銀
80,第3賽季水晶衝突：黃金
81,第3賽季水晶衝突：白金
82,第3賽季水晶衝突：鑽石
83,第3賽季水晶衝突：水晶
84,水晶衝突：藍色
85,水晶衝突：紅色
86,多變迷宮：希拉狄哈水道
87,友好部族任務：奧密克戎族
88,幾何圖形：圓形
89,漫畫
90,稀有度1（普通品質）
91,稀有度2（普通品質）
92,稀有度3（普通品質）
93,稀有度4（普通品質）
94,稀有度5（普通品質）
95,稀有度1（優質）
96,稀有度2（優質）
97,稀有度3（優質）
98,稀有度4（優質）
99,稀有度5（優質）
100,音樂
101,咖啡廳
102,第4賽季水晶衝突：王者
103,第4賽季水晶衝突：勇者
104,第4賽季水晶衝突：獲獎者
105,第4賽季水晶衝突：水晶
106,第4賽季水晶衝突：鑽石
107,第4賽季水晶衝突：白金
108,第4賽季水晶衝突：黃金
109,第4賽季水晶衝突：白銀
110,第4賽季水晶衝突：青銅
111,第5賽季水晶衝突：王者
112,第5賽季水晶衝突：勇者
113,第5賽季水晶衝突：獲獎者
114,第5賽季水晶衝突：水晶
115,第5賽季水晶衝突：鑽石
116,第5賽季水晶衝突：白金
117,第5賽季水晶衝突：黃金
118,第5賽季水晶衝突：白銀
119,第5賽季水晶衝突：青銅
120,獵隼陣營
121,渡鴉陣營
122,友好部族任務：仙子族
123,友好部族任務：奇塔利族
124,友好部族任務：矮人族
125,友好部族任務：悌陽象族
126,友好部族任務：兔兔族
127,歐米茄絕境驗證戰
128,深層迷宮：正統優雷卡1
129,深層迷宮：正統優雷卡2
130,第七星曆編年史：四聖獸奇譚
131,開拓無人島1
132,開拓無人島2
133,第6賽季水晶衝突：王者
134,第6賽季水晶衝突：勇者
135,第6賽季水晶衝突：獲獎者
136,第6賽季水晶衝突：水晶
137,第6賽季水晶衝突：鑽石
138,第6賽季水晶衝突：白金
139,第6賽季水晶衝突：黃金
140,第6賽季水晶衝突：白銀
141,第6賽季水晶衝突：青銅
142,第7賽季水晶衝突：王者
143,第7賽季水晶衝突：勇者
144,第7賽季水晶衝突：獲獎者
145,第7賽季水晶衝突：水晶
146,第7賽季水晶衝突：鑽石
147,第7賽季水晶衝突：白金
148,第7賽季水晶衝突：黃金
149,第7賽季水晶衝突：白銀
150,第7賽季水晶衝突：青銅
151,東方荒魂
152,東方和魂
153,友好部族任務：甲人族
154,友好部族任務：阿難陀族
155,友好部族任務：鯰魚精族
156,青魔法師（簡易）
157,青魔法師（華麗）
158,時代的終結
159,10週年紀念
160,多變迷宮：六根山
161,海釣愛好者
162,願者上鉤
163,運籌帷幄
164,角力學校
165,九霄雲上
166,第8賽季水晶衝突：王者
167,第8賽季水晶衝突：勇者
168,第8賽季水晶衝突：獲獎者
169,第8賽季水晶衝突：水晶
170,第8賽季水晶衝突：鑽石
171,第8賽季水晶衝突：白金
172,第8賽季水晶衝突：黃金
173,第8賽季水晶衝突：白銀
174,第8賽季水晶衝突：青銅
175,第9賽季水晶衝突：王者
176,第9賽季水晶衝突：勇者
177,第9賽季水晶衝突：獲獎者
178,第9賽季水晶衝突：水晶
179,第9賽季水晶衝突：鑽石
180,第9賽季水晶衝突：白金
181,第9賽季水晶衝突：黃金
182,第9賽季水晶衝突：白銀
183,第9賽季水晶衝突：青銅
184,第10賽季水晶衝突：王者
185,第10賽季水晶衝突：勇者
186,第10賽季水晶衝突：獲獎者
187,第10賽季水晶衝突：水晶
188,第10賽季水晶衝突：鑽石
189,第10賽季水晶衝突：白金
190,第10賽季水晶衝突：黃金
191,第10賽季水晶衝突：白銀
192,第10賽季水晶衝突：青銅
193,友好部族任務：瓦努族
194,友好部族任務：骨頜族
195,友好部族任務：莫古力族
196,艾歐澤亞神話：哈羅妮
197,艾歐澤亞神話：梅茵菲娜
198,艾歐澤亞神話：沙利亞克
199,艾歐澤亞神話：妮美雅
200,艾歐澤亞神話：利姆萊茵
201,艾歐澤亞神話：奧修昂
202,艾歐澤亞神話：比爾格
203,艾歐澤亞神話：拉爾戈
204,艾歐澤亞神話：阿澤瑪
205,艾歐澤亞神話：納爾札爾
206,艾歐澤亞神話：諾菲卡
207,艾歐澤亞神話：阿爾基克
208,多變迷宮：阿羅阿羅島
209,天書奇談
210,幻巧拼圖
211,金碟巨豆中心1
212,金碟巨豆中心2
213,金碟巨豆中心3
214,妖怪手錶
215,蝰蛇劍士（簡易）
216,蝰蛇劍士（華麗）
217,繪靈法師（簡易）
218,繪靈法師（華麗）
219,火山之心
220,機關大殿
221,第11賽季水晶衝突：王者
222,第11賽季水晶衝突：勇者
223,第11賽季水晶衝突：獲獎者
224,第11賽季水晶衝突：水晶
225,第11賽季水晶衝突：鑽石
226,第11賽季水晶衝突：白金
227,第11賽季水晶衝突：黃金
228,第11賽季水晶衝突：白銀
229,第11賽季水晶衝突：青銅
230,友好部族任務：地靈族
231,友好部族任務：妖精族
232,友好部族任務：蜥蜴人族
233,友好部族任務：魚人族
234,友好部族任務：鳥人族
235,圖萊尤拉1
236,圖萊尤拉2
237,九號解決方案1
238,九號解決方案2
239,塵封秘岩
240,赤土紅沙
241,第12賽季水晶衝突：王者
242,第12賽季水晶衝突：勇者
243,第12賽季水晶衝突：獲獎者
244,第12賽季水晶衝突：水晶
245,第12賽季水晶衝突：鑽石
246,第12賽季水晶衝突：白金
247,第12賽季水晶衝突：黃金
248,第12賽季水晶衝突：白銀
249,第12賽季水晶衝突：青銅
250,友好部族任務：佩魯佩魯族
251,伊修加德1
252,伊修加德2
253,田園郡1
254,田園郡2
255,黃金港1
256,黃金港2
257,神拳痕1
258,神拳痕2
259,水晶都1
260,水晶都2
261,游末邦1
262,游末邦2
263,舊薩雷安1
264,舊薩雷安2
265,拉札罕1
266,拉札罕2
267,榮譽野
268,昂薩哈凱爾
269,第13賽季水晶衝突：王者
270,第13賽季水晶衝突：勇者
271,第13賽季水晶衝突：獲獎者
272,第13賽季水晶衝突：水晶
273,第13賽季水晶衝突：鑽石
274,第13賽季水晶衝突：白金
275,第13賽季水晶衝突：黃金
276,第13賽季水晶衝突：白銀
277,第13賽季水晶衝突：青銅
278,第14賽季水晶衝突：王者
279,第14賽季水晶衝突：勇者
280,第14賽季水晶衝突：獲獎者
281,第14賽季水晶衝突：水晶
282,第14賽季水晶衝突：鑽石
283,第14賽季水晶衝突：白金
284,第14賽季水晶衝突：黃金
285,第14賽季水晶衝突：白銀
286,第14賽季水晶衝突：青銅
287,光暗未來絕境戰
288,友好部族任務：輝鱗族
289,深層迷宮：死者宮殿1
290,深層迷宮：死者宮殿2
291,深層迷宮：天之御柱1
292,深層迷宮：天之御柱2
293,蜃景幻界新月島
294,宇宙探索1
295,怪物獵人：荒野1
296,怪物獵人：荒野2
297,隱塞
298,周邊遺跡群（陣地戰）
299,第15賽季水晶衝突：王者
300,第15賽季水晶衝突：勇者
301,第15賽季水晶衝突：獲獎者
302,第15賽季水晶衝突：水晶
303,第15賽季水晶衝突：鑽石
304,第15賽季水晶衝突：白金
305,第15賽季水晶衝突：黃金
306,第15賽季水晶衝突：白銀
307,第15賽季水晶衝突：青銅
308,第16賽季水晶衝突：王者
309,第16賽季水晶衝突：勇者
310,第16賽季水晶衝突：獲獎者
311,第16賽季水晶衝突：究極
312,第16賽季水晶衝突：歐米茄
313,第16賽季水晶衝突：水晶
314,第16賽季水晶衝突：鑽石
315,第16賽季水晶衝突：白金
316,第16賽季水晶衝突：黃金
317,第16賽季水晶衝突：白銀
318,第16賽季水晶衝突：青銅
319,友好部族任務：尤卡巨人族
320,深層迷宮：朝聖交錯路1
321,深層迷宮：朝聖交錯路2
322,宇宙探索2
323,開拓無人島3
324,海岸鬥場
325,沃刻其特戰役
326,第17賽季水晶衝突：王者
327,第17賽季水晶衝突：勇者
328,第17賽季水晶衝突：獲獎者
329,第17賽季水晶衝突：究極
330,第17賽季水晶衝突：歐米茄
331,第17賽季水晶衝突：水晶
332,第17賽季水晶衝突：鑽石
333,第17賽季水晶衝突：白金
334,第17賽季水晶衝突：黃金
335,第17賽季水晶衝突：白銀
336,第17賽季水晶衝突：青銅
337,第18賽季水晶衝突：王者
338,第18賽季水晶衝突：勇者
339,第18賽季水晶衝突：獲獎者
340,第18賽季水晶衝突：究極
341,第18賽季水晶衝突：歐米茄
342,第18賽季水晶衝突：水晶
343,第18賽季水晶衝突：鑽石
344,第18賽季水晶衝突：白金
345,第18賽季水晶衝突：黃金
346,第18賽季水晶衝突：白銀
347,第18賽季水晶衝突：青銅
348,特別獎
349,
350,
351,簡約風格1
352,簡約風格2
353,簡約風格3
354,簡約風格4
355,簡約風格5
356,簡約風格6
357,簡約風格7
358,簡約風格8
359,
360,
361,
362,
363,
364,
365,
366,
367,
368,
369,
370,
371,
372,
373,
374,
375,
376,
377,
378,
379,
380,
