key,6,7
#,Name,Description
offset,0,4
int32,str,str
0,,
1,挑戰木人殲滅戰,身處通天巨石，遙望無際雲海。唯木人相伴，切磋武藝，陶冶心靈，只求功夫之路上更進一步。遵循古代武人的教誨，以木人為伍，日益精進！在時間限制內殲滅木人！
2,挑戰俾斯麥殲殛戰,為了應對再次召喚出的雲神，我們準備了木人作為假想戰的敵人。要想打倒獲得登峰造極之力的雲神，就在此努力修行吧！
3,挑戰亞歷山大機神城啟動之章,聽說你攻入了突然活動起來的「機械巨人」內部啊。我們也幫不上別的什麼忙，給你準備了木人，放手去練吧！
4,挑戰亞歷山大零式機神城啟動之章1,我經常聽異國的詩人講述你們的事跡，聽說這次又在亞歷山大機神城裡大顯身手了是嗎。麻煩務必以木人為對手來展現一下你們的實力！
5,挑戰亞歷山大零式機神城啟動之章2,我經常聽異國的詩人講述你們的事跡，聽說這次又在亞歷山大機神城裡大顯身手了是嗎。麻煩務必以木人為對手來展現一下你們的實力！
6,挑戰亞歷山大零式機神城啟動之章3,我經常聽異國的詩人講述你們的事跡，聽說這次又在亞歷山大機神城裡大顯身手了是嗎。麻煩務必以木人為對手來展現一下你們的實力！
7,挑戰亞歷山大零式機神城啟動之章4,我經常聽異國的詩人講述你們的事跡，聽說這次又在亞歷山大機神城裡大顯身手了是嗎。麻煩務必以木人為對手來展現一下你們的實力！
8,挑戰圓桌騎士幻想殲滅戰,你們在魔大陸的死鬥略有耳聞，聽說是和蠻神圓桌騎士之間展開了一場生死對決啊。請務必也讓我們見識見識你們的英勇身姿！
9,挑戰薩菲洛特殲殛戰,聽說你們已經開始著手討伐「三鬪神」，而且已經打倒了魔神薩菲洛特？很好，為了應對接下來的戰鬥，就努力在這裡訓練吧！
10,挑戰亞歷山大機神城律動之章,我們已經得知了亞歷山大再次啟動的事實。為了應對接下來更加嚴酷的戰鬥，我們引入了新的木人，請務必將其作為對手來測試自己的實力吧！
11,挑戰亞歷山大零式機神城律動之章1,我們聽了異國的詩人描寫你們在機神城左腕部「彌達斯」出色表現的詩歌以後，深受感動，於是就以此為藍本試作了新的木人，請務必跟它過過招！
12,挑戰亞歷山大零式機神城律動之章2,我們聽了異國的詩人描寫你們在機神城左腕部「彌達斯」出色表現的詩歌以後，深受感動，於是就以此為藍本試作了新的木人，請務必跟它過過招！
13,挑戰亞歷山大零式機神城律動之章3,我們聽了異國的詩人描寫你們在機神城左腕部「彌達斯」出色表現的詩歌以後，深受感動，於是就以此為藍本試作了新的木人，請務必跟它過過招！
14,挑戰亞歷山大零式機神城律動之章4,我們聽了異國的詩人描寫你們在機神城左腕部「彌達斯」出色表現的詩歌以後，深受感動，於是就以此為藍本試作了新的木人，請務必跟它過過招！
15,挑戰尼德霍格傳奇征龍戰,聽說在皇都伊修加德展開了與邪龍勢力的戰鬥，這個消息也傳遍了整個艾歐澤亞。拿出打倒邪龍時的那股勁，奮力擊打木人！
16,挑戰索菲婭殲殛戰,聽說你們成功討伐了女神索菲婭，但是戰鬥還遠沒有結束。接下來就請以強化後的木人為對手繼續進行訓練吧！
17,挑戰亞歷山大機神城天動之章,終於要前往亞歷山大的最終決戰之地了啊。我們能為你做的就只有準備更加堅固的木人讓你訓練……接下來看你的了！
18,挑戰亞歷山大零式機神城天動之章1,你們解決了亞歷山大這一大事件，太讓人佩服了！為了對你解除了龍堡內陸低地的危機一事表示感謝，我們製作了最強的木人給你。請務必一試身手！
19,挑戰亞歷山大零式機神城天動之章2,你們解決了亞歷山大這一大事件，太讓人佩服了！為了對你解除了龍堡內陸低地的危機一事表示感謝，我們製作了最強的木人給你。請務必一試身手！
20,挑戰亞歷山大零式機神城天動之章3,你們解決了亞歷山大這一大事件，太讓人佩服了！為了對你解除了龍堡內陸低地的危機一事表示感謝，我們製作了最強的木人給你。請務必一試身手！
21,挑戰亞歷山大零式機神城天動之章4,你們解決了亞歷山大這一大事件，太讓人佩服了！為了對你解除了龍堡內陸低地的危機一事表示感謝，我們製作了最強的木人給你。請務必一試身手！
22,挑戰祖爾宛殲殛戰,聽說你們成功討伐了鬼神祖爾宛，但是還遠遠不能安心。接下來就請以強化後的木人為對手繼續進行訓練，挑戰究極的強度吧！
23,挑戰神龍殲滅戰,阿拉米格的解放者啊，你們推翻了芝諾斯·耶·加爾烏斯的暴政，甚至消滅了神龍！為表感謝，我們製作了特別的木人給你。今後你還會越走越遠，就請以特製的木人為對手繼續進行訓練，來迎接更多的冒險吧！
24,挑戰吉祥天女殲殛戰,聽說打倒阿難陀族召喚出的美神吉祥天女的人又是你啊！但是，如果那個蠻神得到了登峰造極的力量又該如何呢？我們設想了這種最糟糕的事態，對木人進行了強化。請務必一試身手！
25,挑戰須佐之男殲殛戰,聽說你們在遙遠東方的海洋，也成功討伐了蠻神啊！但是，如果那個須佐之男得到了登峰造極的力量又該如何呢？我們設想了這種最緊急的事態，對木人進行了強化。請務必一試身手！
26,挑戰歐米茄德爾塔幻境,溢出詭異顏色液體的呵欠洞……聽說你們已經開始著手調查裡面的情況！為了能夠助你一臂之力，在加隆德煉鐵廠超高能力新人的幫助下，我進一步改良了木人。請你一定要試一試！
27,挑戰歐米茄零式德爾塔幻境1,聽說你為了解決歐米茄在呵欠洞引發的事件在德爾塔幻境拚死戰鬥，我們十分感謝！為了守護基拉巴尼亞的和平，在加隆德煉鐵廠的幫助下，我們改進了木人，請用它來一試身手吧！
28,挑戰歐米茄零式德爾塔幻境2,聽說你為了解決歐米茄在呵欠洞引發的事件在德爾塔幻境拚死戰鬥，我們十分感謝！為了守護基拉巴尼亞的和平，在加隆德煉鐵廠的幫助下，我們改進了木人，請用它來一試身手吧！
29,挑戰歐米茄零式德爾塔幻境3,聽說你為了解決歐米茄在呵欠洞引發的事件在德爾塔幻境拚死戰鬥，我們十分感謝！為了守護基拉巴尼亞的和平，在加隆德煉鐵廠的幫助下，我們改進了木人，請用它來一試身手吧！
30,挑戰歐米茄零式德爾塔幻境4,聽說你為了解決歐米茄在呵欠洞引發的事件在德爾塔幻境拚死戰鬥，我們十分感謝！為了守護基拉巴尼亞的和平，在加隆德煉鐵廠的幫助下，我們改進了木人，請用它來一試身手吧！
31,挑戰神龍夢幻殲滅戰,在阿拉米格上空展開的與神龍的決戰，現已成為傳說。身為傳說締造者的你是否想要挑戰更高的境界？為了這樣的你，我改進了木人，請用它來一試身手吧！
32,挑戰歐米茄西格瑪幻境,加隆德煉鐵廠身穿紅衣的超高能力新人為正在調查呵欠洞的你進一步改良了木人，並希望你能通過木人訓練變得更強。我最初還覺得他很可疑，沒想到他卻是如此體貼的一個人。為了回報他的好意，請你一定要試一試！
33,挑戰歐米茄零式西格瑪幻境1,我從加隆德煉鐵廠分公司的員工那裡聽說你在西格瑪幻境拚死戰鬥，遭遇了無數的強敵。為了守護基拉巴尼亞的和平，我們也強化了木人。請盡情的施展自己的實力吧！
34,挑戰歐米茄零式西格瑪幻境2,我從加隆德煉鐵廠分公司的員工那裡聽說你在西格瑪幻境拚死戰鬥，遭遇了無數的強敵。為了守護基拉巴尼亞的和平，我們也強化了木人。請盡情的施展自己的實力吧！
35,挑戰歐米茄零式西格瑪幻境3,我從加隆德煉鐵廠分公司的員工那裡聽說你在西格瑪幻境拚死戰鬥，遭遇了無數的強敵。為了守護基拉巴尼亞的和平，我們也強化了木人。請盡情的施展自己的實力吧！
36,挑戰歐米茄零式西格瑪幻境4,我從加隆德煉鐵廠分公司的員工那裡聽說你在西格瑪幻境拚死戰鬥，遭遇了無數的強敵。為了守護基拉巴尼亞的和平，我們也強化了木人。請盡情的施展自己的實力吧！
37,挑戰白虎詩魂戰,聽說你在東方也立了大功啊。拂曉血盟的塔塔露小姐特別委託我們，為擁有超越了白虎之戰實力的你，準備了新的強化木人。請你一定要試一試！
38,挑戰月讀幽夜殲滅戰,我聽說有人在多瑪成功進行了請神，居然召喚出了名為夜神月讀的蠻神。雖然你平安將其討伐了，但我一想到她有可能變得更強後再次被召喚出來就嚇得睡不著覺。所以我特地不眠不休為你製作了這個強化型木人。一定要試試啊！
39,挑戰朱雀詩魂戰,我又接到了來自拂曉的塔塔露小姐的委託。你已經戰勝了四聖獸的朱雀，為此塔塔露小姐希望我能給你準備手感更好的木人。現在已經準備好了，請務必來試試！
40,挑戰歐米茄阿爾法幻境,那個加隆德煉鐵廠的超高能力新人給我拿來了木人的強化方案的設計圖。要去呵欠洞挑戰最終決戰的話，希望你能做好訓練，不要讓自己後悔。那個紅衣服的男人似乎很想要你贏得勝利。為了他也希望你能利用木人勤勉訓練！
41,挑戰歐米茄零式阿爾法幻境1,我從加隆德煉鐵廠分公司的員工那裡聽說，你贏得了呵欠洞的決戰，從危機中拯救了基拉巴尼亞……不，應該說是拯救了整個艾歐澤亞。我想向你表達謝意，思來想去還是覺得給你準備強化了的木人是最好的。來吧，盡情測試自己的實力吧！
42,挑戰歐米茄零式阿爾法幻境2,我從加隆德煉鐵廠分公司的員工那裡聽說，你贏得了呵欠洞的決戰，從危機中拯救了基拉巴尼亞……不，應該說是拯救了整個艾歐澤亞。我想向你表達謝意，思來想去還是覺得給你準備強化了的木人是最好的。來吧，盡情測試自己的實力吧！
43,挑戰歐米茄零式阿爾法幻境3,我從加隆德煉鐵廠分公司的員工那裡聽說，你贏得了呵欠洞的決戰，從危機中拯救了基拉巴尼亞……不，應該說是拯救了整個艾歐澤亞。我想向你表達謝意，思來想去還是覺得給你準備強化了的木人是最好的。來吧，盡情測試自己的實力吧！
44,挑戰歐米茄零式阿爾法幻境4,我從加隆德煉鐵廠分公司的員工那裡聽說，你贏得了呵欠洞的決戰，從危機中拯救了基拉巴尼亞……不，應該說是拯救了整個艾歐澤亞。我想向你表達謝意，思來想去還是覺得給你準備強化了的木人是最好的。來吧，盡情測試自己的實力吧！
45,挑戰青龍詩魂戰,我又接到了拂曉血盟塔塔露小姐的委託，這次她委託我們為戰勝了四聖獸之青龍的你準備一個更加耐打的木人，於是我們這邊的匠人全體出動將木人好好強化了一番！請你務必來感受一下！
46,挑戰哈迪斯殲滅戰,我們為暗之戰士準備了特製的木人。既然是為被光明吞噬的諾弗蘭特奪回黑夜的猛士用於訓練的東西，那自然得具備足夠的實力才行。請一定要試試看！
47,挑戰無瑕靈君殲殛戰,曾經支配游末邦的元首沃斯里大王。雖然大家都知道他擁有操縱食罪靈的能力，卻沒想到他就是靈光衛本尊。為了打倒過無瑕靈君的你，我特地對木人進行了強化。請一定要試試看！
48,挑戰緹坦妮雅殲殛戰,聽說支配過妖靈之鄉伊爾美格的妖靈王緹坦妮雅曾經化身成了靈光衛，而你居然將這統領眾多妖靈的強大靈光衛打敗了！為此我再次對木人進行了強化，請你一定要試試看！
49,挑戰伊甸覺醒之章,我聽常來游末邦的鼴靈族商人說你開始了對空無大地的調查。為此我專門調整了一下訓練用木人，希望能稍微幫上你的忙！
50,挑戰伊甸零式覺醒之章1,我聽鼴靈族商人說你正在為了讓屬性之力回歸空無大地而展開行動，而且已經順利啟動了水屬性和土屬性之力。我這邊也將木人改良了一下為你慶祝，希望能幫上你的忙！
51,挑戰伊甸零式覺醒之章2,我聽鼴靈族商人說你正在為了讓屬性之力回歸空無大地而展開行動，而且已經順利啟動了水屬性和土屬性之力。我這邊也將木人改良了一下為你慶祝，希望能幫上你的忙！
52,挑戰伊甸零式覺醒之章3,我聽鼴靈族商人說你正在為了讓屬性之力回歸空無大地而展開行動，而且已經順利啟動了水屬性和土屬性之力。我這邊也將木人改良了一下為你慶祝，希望能幫上你的忙！
53,挑戰伊甸零式覺醒之章4,我聽鼴靈族商人說你正在為了讓屬性之力回歸空無大地而展開行動，而且已經順利啟動了水屬性和土屬性之力。我這邊也將木人改良了一下為你慶祝，希望能幫上你的忙！
54,挑戰哈迪斯孤念殲滅戰,為了偉大的暗之戰士，我們再次強化了木人。畢竟對於和強敵決戰深海，最終為諾弗蘭特取回了黑夜的猛士來說，至今的木人強度肯定已經跟不上了。希望它能幫你做好迎接今後戰鬥的準備。
55,挑戰紅寶石神兵狂想作戰,說來真是奇妙，我前兩天不知為何夢到了你在和一個紅寶石色的巨人戰鬥！雖然不知道是仙子族的惡作劇還是別的什麼原因導致我做了這個夢，但我受到它的啟發後，將木人又強化了一番！請你務必一試！
56,挑戰伊甸共鳴之章,我聽鼴靈族商人說你又開始了對空無大地的調查。為此我專門調整了一下訓練用木人，希望能幫你熱熱身！
57,挑戰伊甸零式共鳴之章1,我聽鼴靈族商人說了你在空無大地的表現，聽說你已經將六種屬性全部啟動了！為了表彰你的壯舉，我將木人又好好強化了一番。請你務必來試一試！
58,挑戰伊甸零式共鳴之章2,我聽鼴靈族商人說了你在空無大地的表現，聽說你已經將六種屬性全部啟動了！為了表彰你的壯舉，我將木人又好好強化了一番。請你務必來試一試！
59,挑戰伊甸零式共鳴之章3,我聽鼴靈族商人說了你在空無大地的表現，聽說你已經將六種屬性全部啟動了！為了表彰你的壯舉，我將木人又好好強化了一番。請你務必來試一試！
60,挑戰伊甸零式共鳴之章4,我聽鼴靈族商人說了你在空無大地的表現，聽說你已經將六種屬性全部啟動了！為了表彰你的壯舉，我將木人又好好強化了一番。請你務必來試一試！
61,挑戰光之戰士幻耀殲滅戰,最近的諾弗蘭特真是各種事件層出不窮啊。各地都出現了「發光的人」，還引發了不少騷亂。為了防止今後再次出現那種威脅，我專門調整了一下訓練用木人。肯定能對你的訓練有所幫助！
62,挑戰綠寶石神兵狂想作戰,我又做了個奇怪的夢，夢到你和綠寶石色的巨人展開了一場死鬥。這究竟意味著什麼呢……先不說這個了，我已經根據夢中的這場戰鬥對木人進行了強化。為了迎接今後更加激烈的戰鬥，請一定要試試看！
63,挑戰伊甸再生之章,我從鼴靈族的商人們那裡聽說你們在空無大地的調查工作已經接近了尾聲。雖然我們能做到的事情不多，不過至少已經為你調整了用於訓練的木人，請記得在鍛鍊時多加利用啊！
64,挑戰伊甸零式再生之章1,我聽說你們在空無大地的活動已經告一段落了。真是辛苦了！雖然不知道今後會有怎樣的變化……總之為表祝賀，我已經對木人進行了改良。請一定要用用看啊！
65,挑戰伊甸零式再生之章2,我聽說你們在空無大地的活動已經告一段落了。真是辛苦了！雖然不知道今後會有怎樣的變化……總之為表祝賀，我已經對木人進行了改良。請一定要用用看啊！
66,挑戰伊甸零式再生之章3,我聽說你們在空無大地的活動已經告一段落了。真是辛苦了！雖然不知道今後會有怎樣的變化……總之為表祝賀，我已經對木人進行了改良。請一定要用用看啊！
67,挑戰伊甸零式再生之章4,我聽說你們在空無大地的活動已經告一段落了。真是辛苦了！雖然不知道今後會有怎樣的變化……總之為表祝賀，我已經對木人進行了改良。請一定要用用看啊！
68,挑戰鑽石神兵狂想作戰,這次做的夢真是令人難過啊……我夢到你正在和如鑽石般閃耀的巨人戰鬥，但是看起來卻非常悲傷。不管怎樣，我已經根據夢中的這場戰鬥對木人進行了強化。請一定要用用看啊！
69,挑戰謳歌終結之物,擊退末日的威脅，拯救了整個星球生命的你不愧稱為絕世的英雄！為了能讓你的實力登峰造極，我特別製作了新的木人。請一定要用用看啊！
70,挑戰海德林暉光殲滅戰,聽說你在趕赴決戰之地前，突破了星球的意志給予的試煉。我一直在思考究竟是什麼樣的木人才配得上你，在不斷試錯之後，終於進一步改良出了適合你的木人。請一定要用用看啊！
71,挑戰佐迪亞克暝暗殲滅戰,聽說曾經被召喚出來用於拯救世界的古神以不完全的形態復甦，並且還被邪惡之人用來作惡。我很好奇那個古神如果以完全形態復甦會是什麼樣。在這種想法下我改進了木人。請一定要用用看啊！
72,挑戰萬魔殿邊境之獄,前幾天，舊薩雷安的克勞狄恩老師發來了委託，希望能為去調查萬魔殿的你準備好訓練用的木人。一聽說能幫上你的忙，我立刻就做了新的木人。請一定要用用看啊！
73,挑戰零式萬魔殿邊境之獄1,聽說你在調查萬魔殿的過程中還和半神戰鬥了一番。雖然我這個凡夫俗子只能想像那是什麼感覺，但他肯定是個非常強大的對手。我已經對木人進行了改良，請你務必來試一試！
74,挑戰零式萬魔殿邊境之獄2,聽說你在調查萬魔殿的過程中還和半神戰鬥了一番。雖然我這個凡夫俗子只能想像那是什麼感覺，但他肯定是個非常強大的對手。我已經對木人進行了改良，請你務必來試一試！
75,挑戰零式萬魔殿邊境之獄3,聽說你在調查萬魔殿的過程中還和半神戰鬥了一番。雖然我這個凡夫俗子只能想像那是什麼感覺，但他肯定是個非常強大的對手。我已經對木人進行了改良，請你務必來試一試！
76,挑戰零式萬魔殿邊境之獄4,聽說你在調查萬魔殿的過程中還和半神戰鬥了一番。雖然我這個凡夫俗子只能想像那是什麼感覺，但他肯定是個非常強大的對手。我已經對木人進行了改良，請你務必來試一試！
77,挑戰木人殲滅戰（60級）,異國的詩人之前給了我一個調整木人的委託。他說你這位身經百戰的冒險者想要回歸初心，用有限的戰技和魔法來訓練，需要合適的木人。我已經照著他的要求準備好了，快來試試好不好用吧！
78,挑戰木人殲滅戰（70級）,你好啊，阿拉米格的解放者！前兩天有個奇怪的詩人給了我一個委託。他說你這位身經百戰的冒險者想要回歸初心，用有限的戰技和魔法來訓練，需要合適的木人。我已經照著他的要求準備好了，快來試試好不好用吧！
79,挑戰木人殲滅戰（80級）,前兩天有個奇怪的詩人給了我一個委託。他說你想要回歸初心，用有限的戰技和魔法來訓練，需要合適的木人。暗之戰士大人的需要，那還不是小事一樁，我已經照著他的要求準備好了，快來試試好不好用吧！
80,挑戰木人殲滅戰（90級）,我在異國的詩人閣下的建議下開發了新的木人。據他所說，這是立足當下放眼未來之舉，他認為你在不久的將來會需要這樣一款能對訓練時使用的戰技和魔法種類做出限制的木人……在當地煉金術士的幫助下，我很快完成了這款木人的製作，希望你一定要來試試！
81,挑戰終極之戰,多虧你和拂曉血盟的努力，我們才得以從末日危機中倖存。但這次的經歷讓人不由擔憂，若是造成了末日的「謳歌終結之物」有著更深的絕望，如今又會變成何等場面。正因如此，即使這次的危機已經過去，我仍以更深的絕望為假想敵改良了木人，希望它能幫你做好迎接今後戰鬥的準備。
82,挑戰巴爾巴莉希婭殲殛戰,我從納卜狄恩那裡聽說你們前往了虛無界進行調查？哎呀呀，你可真是一位總能提供給我們談資的人啊。為了你今後能夠有更好的表現，我以大妖異作為假想敵人對木人進行了改良，請你來試試看吧！
83,挑戰萬魔殿煉淨之獄,前幾天有一位來自舊薩雷安的研究者委託我為你準備練習用的木人，聽說你要前往萬魔殿深處一個叫煉淨之獄的地方？那就趕緊來試試我為此改良過的木人吧！
84,挑戰零式萬魔殿煉淨之獄1,我聽說你在調查煉淨之獄的過程中與如同神明一樣能夠操控生物概念的傢伙戰鬥過。說實在的，我實在無法想像那是怎樣的一種情形……不過我還是按照我能想到的最危險的情況對木人進行了改良。請活用木人鍛鍊自己，以應對更為艱難的挑戰吧！
85,挑戰零式萬魔殿煉淨之獄2,我聽說你在調查煉淨之獄的過程中與如同神明一樣能夠操控生物概念的傢伙戰鬥過。說實在的，我實在無法想像那是怎樣的一種情形……不過我還是按照我能想到的最危險的情況對木人進行了改良。請活用木人鍛鍊自己，以應對更為艱難的挑戰吧！
86,挑戰零式萬魔殿煉淨之獄3,我聽說你在調查煉淨之獄的過程中與如同神明一樣能夠操控生物概念的傢伙戰鬥過。說實在的，我實在無法想像那是怎樣的一種情形……不過我還是按照我能想到的最危險的情況對木人進行了改良。請活用木人鍛鍊自己，以應對更為艱難的挑戰吧！
87,挑戰零式萬魔殿煉淨之獄4,我聽說你在調查煉淨之獄的過程中與如同神明一樣能夠操控生物概念的傢伙戰鬥過。說實在的，我實在無法想像那是怎樣的一種情形……不過我還是按照我能想到的最危險的情況對木人進行了改良。請活用木人鍛鍊自己，以應對更為艱難的挑戰吧！
88,挑戰盧比坎特殲殛戰,這回我又從納卜狄恩那裡聽說，從海裡出現的火球，其實是一個十分強大的妖異啊。而且你還在劍岩那裡和他展開了彷彿神話中描述的那種激鬥，並最終打敗了他。為了向你表示感謝，我改良了木人，請務必來試試吧！
89,挑戰高貝扎殲殛戰,我又聽納卜狄恩說，你去了虛無界的月球，還和那裡的妖異大軍首領對峙。哎呀……真是猶如奇譚一般夢幻的事跡啊。為了讓你能夠更進一步，我改良了木人，請務必來試試吧！
90,挑戰萬魔殿荒天之獄,我聽舊薩雷安的研究者說，星海中突然出現了只存在於古代的萬魔殿，你還親自去調查了。真是意外重重啊……為了讓你能夠更好地應付突發事件，我改良了木人，希望能夠派上用場！
91,挑戰零式萬魔殿荒天之獄1,我聽說你在星海的「萬魔殿」打倒了這一連串事件的幕後黑手。真不愧是英雄啊，多虧有你在，生命的循環才得以保全！為了讓你能夠更好地磨鍊身手，我改良了木人，請務必來試試吧！
92,挑戰零式萬魔殿荒天之獄2,我聽說你在星海的「萬魔殿」打倒了這一連串事件的幕後黑手。真不愧是英雄啊，多虧有你在，生命的循環才得以保全！為了讓你能夠更好地磨鍊身手，我改良了木人，請務必來試試吧！
93,挑戰零式萬魔殿荒天之獄3,我聽說你在星海的「萬魔殿」打倒了這一連串事件的幕後黑手。真不愧是英雄啊，多虧有你在，生命的循環才得以保全！為了讓你能夠更好地磨鍊身手，我改良了木人，請務必來試試吧！
94,挑戰零式萬魔殿荒天之獄4,我聽說你在星海的「萬魔殿」打倒了這一連串事件的幕後黑手。真不愧是英雄啊，多虧有你在，生命的循環才得以保全！為了讓你能夠更好地磨鍊身手，我改良了木人，請務必來試試吧！
95,挑戰澤羅姆斯殲殛戰,這回我又從納卜狄恩那裡聽說，你去了虛無界的月球深處，擊退了想要打破世界壁壘的大妖異。這、這簡直是神話一般的偉業！為了讓你能夠更好地磨鍊身手，我改良了木人，請務必來試試吧！
96,挑戰永恆女王殲滅戰,呼哈哈哈！拯救九號解決方案的人啊！來得正好！為了能讓你的戰鬥力更進一步，我把木人變得更牢固了。這可是我這個雷轉質學的天選之子專門為你改的！你就心懷對我的感謝，好好使用吧！
97,挑戰佐拉加殲殛戰,呼哈哈哈！聽說你和武王佐拉加對峙的時候，他吞噬了許多被自己殺死的民眾的靈魂，徹底變異之後還在和你繼續戰鬥。為了讓戰勝了他的你得到進一步的鍛鍊，我再次強化了木人的強度。來吧，用的時候別忘了感謝我！
98,挑戰豔翼蛇鳥殲殛戰,呼哈哈哈！我聽那些圖萊尤拉出身的人說，在那裡有一個叫豔翼蛇鳥的猛禽被稱為擁有生命的天災。要我說，區區野獸，沒什麼好怕的！不過以防萬一，我幫你進一步強化了木人。好好利用吧！
99,挑戰阿卡狄亞登天鬥技場輕量級,呼哈哈哈！我都聽說啦！你參加了所有強者都憧憬的盛典，傳說中的登天鬥技場是不是啊！那我也要拿出自己的看家本領，好好地給你改造一番鍛鍊用的木人了。你可一定要來試試啊！
100,挑戰阿卡狄亞零式登天鬥技場輕量級1,呼哈哈哈！真是太不可思議了，你竟然成為了輕量級的王者！總之先恭喜你，不過，你不會這樣就滿足了吧？為了讓你變得更強，我幫你強化了木人，相信一定能幫助到你！
101,挑戰阿卡狄亞零式登天鬥技場輕量級2,呼哈哈哈！真是太不可思議了，你竟然成為了輕量級的王者！總之先恭喜你，不過，你不會這樣就滿足了吧？為了讓你變得更強，我幫你強化了木人，相信一定能幫助到你！
102,挑戰阿卡狄亞零式登天鬥技場輕量級3,呼哈哈哈！真是太不可思議了，你竟然成為了輕量級的王者！總之先恭喜你，不過，你不會這樣就滿足了吧？為了讓你變得更強，我幫你強化了木人，相信一定能幫助到你！
103,挑戰阿卡狄亞零式登天鬥技場輕量級4,呼哈哈哈！真是太不可思議了，你竟然成為了輕量級的王者！總之先恭喜你，不過，你不會這樣就滿足了吧？為了讓你變得更強，我幫你強化了木人，相信一定能幫助到你！
104,挑戰木人殲滅戰（100級）,呼哈哈哈！前兩天忘斷軍的同事來找了我幫忙，說希望我能調整木人的強度，幫他們的協助者，也就是你鍛鍊身體！哈哈哈！我可是雷轉質學的天選之子！小事一樁！快來試試吧！
105,挑戰永恆女王憶想殲滅戰,呼哈哈哈！我聽說你之前與斯菲因王正面對峙，終結了那個無心的機器。為了讓你的戰鬥力更進一步，我把木人變得更牢固了。這樣一來你就可以與需要拼上性命全力阻止的敵人戰鬥了，快來試試吧！
106,挑戰暗黑之雲誅滅戰,呼哈哈哈！我從那個紅頭髮的小哥那裡聽說了！你在被黑暗吞噬的異界擊退了名為暗黑之雲的魔王！聽聞此事，我立馬就調整了木人的牢固度。希望你在這片地區也能動動手指就把天上的暗雲全都彈飛。快來試試吧！
107,挑戰澤蓮尼婭殲殛戰,呼哈哈哈！我從忘斷軍的同志那裡聽說了！你打贏了以古代的守護騎士澤蓮尼婭為原型的決戰兵器啊！聽聞此事，我也得為你準備好相應強度的木人才行。快來試試吧！
108,挑戰阿卡狄亞登天鬥技場中量級,呼哈哈哈！我聽說你要挑戰阿卡狄亞登天鬥技場中量級啊！看來輕量級已經不能滿足你，你還要朝著更高的境界邁進，真是有毅力！我為你專門調整了木人，快來試試看吧！
109,挑戰阿卡狄亞零式登天鬥技場中量級1,呼哈哈哈！沒想到你真的拿下了中量級的王座啊！我本來準備了一些讚美之詞，但想必對於你來說沒有什麼意義，那……就用我準備的最新木人為你今後的戰鬥打好基礎吧！
110,挑戰阿卡狄亞零式登天鬥技場中量級2,呼哈哈哈！沒想到你真的拿下了中量級的王座啊！我本來準備了一些讚美之詞，但想必對於你來說沒有什麼意義，那……就用我準備的最新木人為你今後的戰鬥打好基礎吧！
111,挑戰阿卡狄亞零式登天鬥技場中量級3,呼哈哈哈！沒想到你真的拿下了中量級的王座啊！我本來準備了一些讚美之詞，但想必對於你來說沒有什麼意義，那……就用我準備的最新木人為你今後的戰鬥打好基礎吧！
112,挑戰阿卡狄亞零式登天鬥技場中量級4,呼哈哈哈！沒想到你真的拿下了中量級的王座啊！我本來準備了一些讚美之詞，但想必對於你來說沒有什麼意義，那……就用我準備的最新木人為你今後的戰鬥打好基礎吧！
113,挑戰永遠之暗悲惶殲滅戰,呼哈哈哈！我從忘斷軍的同志那裡聽說了！你一路追擊卡琉克斯，最終直面「死亡的恐懼」化成的實體，然後打了一場漂亮的仗！你救了我的同胞，感激不盡。作為回報，我重新調整了木人，你就盡情利用它鍛鍊吧！
114,挑戰護鎖刃龍上位狩獵戰,呼哈哈哈！前幾天撞見個這一帶少見的小個子獸人。據那傢伙說，他和某個協助者一起狩獵了一頭名為護鎖刃龍的強大怪物。所以你這傢伙也沒時間偷懶了！我重新調整了木人，你就盡情利用它鍛鍊吧！
115,挑戰格萊楊拉波爾殲殛戰,呼哈哈哈！我可聽說了啊，你之前破壞了林德布魯姆製造的古代裝甲列車對吧，名字是叫……哦對，格萊楊拉波爾對吧？那可是個留存於世興風作浪數百年的禍害，你居然打贏了它，真是幹得漂亮啊！多說無益，我準備了新的木人給你，來練練手吧！
116,挑戰阿卡狄亞登天鬥技場重量級,呼哈哈哈！你終於要挑戰阿卡狄亞登天鬥技場重量級了啊，這個階級的鬥士們可都是一群怪人……但你無疑能夠成為全量級冠軍！我把為你加油的意志都傾注在新打造的木人上了，要是能幫上你就再好不過了！
117,挑戰阿卡狄亞零式登天鬥技場 重量級1,呼哈哈哈！我可看到轉播了！沒想到你居然真的成了不靠外力的全量級冠軍啊！真是一場酣暢淋漓的戰鬥啊！我的那番心血也算是值了……不過，畢竟是你，一定還沒打過癮吧？我立刻就調整好了木人，你來試試看吧！
118,挑戰阿卡狄亞零式登天鬥技場 重量級2,呼哈哈哈！我可看到轉播了！沒想到你居然真的成了不靠外力的全量級冠軍啊！真是一場酣暢淋漓的戰鬥啊！我的那番心血也算是值了……不過，畢竟是你，一定還沒打過癮吧？我立刻就調整好了木人，你來試試看吧！
119,挑戰阿卡狄亞零式登天鬥技場 重量級3,呼哈哈哈！我可看到轉播了！沒想到你居然真的成了不靠外力的全量級冠軍啊！真是一場酣暢淋漓的戰鬥啊！我的那番心血也算是值了……不過，畢竟是你，一定還沒打過癮吧？我立刻就調整好了木人，你來試試看吧！
120,挑戰阿卡狄亞零式登天鬥技場 重量級4,呼哈哈哈！我可看到轉播了！沒想到你居然真的成了不靠外力的全量級冠軍啊！真是一場酣暢淋漓的戰鬥啊！我的那番心血也算是值了……不過，畢竟是你，一定還沒打過癮吧？我立刻就調整好了木人，你來試試看吧！
