key,3,4,5
#,Text,,
offset,0,4,8
int32,str,str,str
0,,,
1,Start,,
2,Config,,
3,Demo,,
4,Credits,,
5,,,
6,要進行手把的按鍵設定嗎？<hex:02100103>※進入遊戲後可以在系統設定中隨時進行修改。,,
7,是,,
8,否,,
9,,,
10,Service Account,,
11,請選擇遊戲帳號。,,
12,Game Version : <hex:022903EA0203>(<hex:022903EA0303>)<hex:02081DE1E80401FF15> - ex<hex:022003E80403> : <hex:022903EA0503><hex:FF01><hex:03>,,
13,<hex:024804F201F403><hex:024904F201F503>注意<hex:0249020103><hex:0248020103> : 現在處於低解析度狀態(480p/i 576p/i)。<hex:02100103>本遊戲推薦使用高解析度(720p)進行遊戲。,,
14,,,
15,OK,,
16,CANCEL,,
17,請在右側的列表中選擇想要編輯的項目。<hex:02100103>???表示該項目仍未最後確定。,,
18,請在右側的列表中選擇想要編輯的項目。<hex:02100103>編輯之後點擊最下面的確認按鈕可以查看更改後的形象。,,
19,請在右側的列表中選擇想要編輯的項目。<hex:02100103>???表示該項目仍未最後確定。<hex:02100103>確定外貌之後將結束形象編輯。,,
20,刪除角色,,
21,要刪除<hex:022903EA0203>嗎？<hex:02100103>刪除角色後，該角色持有的道具、金幣、僱傭的僱員也將被刪除。<hex:02100103>如果該角色是部隊長，且部隊中沒有符合繼任部隊長條件的成員，則該部隊將被解散。<hex:02100103>屆時部隊所擁有的房屋、部隊儲物櫃中的道具等財產也將被刪除，請多加注意。,,
22,是的，我已經知曉注意事項，決定刪除該角色。,,
23,修改姓名,,
24,修改僱員姓名,,
25,要以<hex:022903EA0203>登入嗎？,,
26,以該角色登入遊戲需要修改姓名。請輸入新的名字。,,
27,<hex:020860E1E80201FF2B>請在獲取角色資訊後修改姓名。<hex:FF2E>以該角色登入遊戲需要修改姓名。<hex:03>,,
28,要將姓名改為「<hex:022903EA0203>」嗎？,,
29,要將僱員的姓名改為「<hex:022903EA0203>」嗎？,,
30,建立新角色,,
31,要結束角色建立嗎？<hex:02100103>當前正在處理的角色資訊都會消失。,,
32,以當前角色開始遊戲嗎？,,
33,要建立新角色嗎？,,
34,,,
35,<hex:022003E80203>/<hex:022003E80303>,,
36,LOCATION,,
37,<hex:02096FE802FF08>星1月<hex:FF08>靈1月<hex:FF08>星2月<hex:FF08>靈2月<hex:FF08>星3月<hex:FF08>靈3月<hex:FF08>星4月<hex:FF08>靈4月<hex:FF08>星5月<hex:FF08>靈5月<hex:FF08>星6月<hex:FF08>靈6月<hex:03> <hex:022003E80303>日,,
38,（<hex:022003E80203>月<hex:022003E80303>日）,,
39,,,
40,星1月,,
41,靈1月,,
42,星2月,,
43,靈2月,,
44,星3月,,
45,靈3月,,
46,星4月,,
47,靈4月,,
48,星5月,,
49,靈5月,,
50,星6月,,
51,靈6月,,
52,,,
53,<hex:0209BAE804FF04>1st<hex:FF04>2nd<hex:FF04>3rd<hex:FF04>4th<hex:FF04>5th<hex:FF04>6th<hex:FF04>7th<hex:FF04>8th<hex:FF04>9th<hex:FF05>10th<hex:FF05>11th<hex:FF05>12th<hex:FF05>13th<hex:FF05>14th<hex:FF05>15th<hex:FF05>16th<hex:FF05>17th<hex:FF05>18th<hex:FF05>19th<hex:FF05>20th<hex:FF05>21st<hex:FF05>22nd<hex:FF05>23rd<hex:FF05>24th<hex:FF05>25th<hex:FF05>26th<hex:FF05>27th<hex:FF05>28th<hex:FF05>29th<hex:FF05>30th<hex:FF05>31st<hex:FF05>32nd<hex:03> Sun of the <hex:020993E803FF0B>1st Astral<hex:FF0B>1st Umbral<hex:FF0B>2nd Astral<hex:FF0B>2nd Umbral<hex:FF0B>3rd Astral<hex:FF0B>3rd Umbral<hex:FF0B>4th Astral<hex:FF0B>4th Umbral<hex:FF0B>5th Astral<hex:FF0B>5th Umbral<hex:FF0B>6th Astral<hex:FF0B>6th Umbral<hex:03> Moon,,
54,<hex:02096FE802FF08>星1月<hex:FF08>靈1月<hex:FF08>星2月<hex:FF08>靈2月<hex:FF08>星3月<hex:FF08>靈3月<hex:FF08>星4月<hex:FF08>靈4月<hex:FF08>星5月<hex:FF08>靈5月<hex:FF08>星6月<hex:FF08>靈6月<hex:03> <hex:022003E80303>日,,
55,,,
56,<hex:022903EA0203><hex:020833E3E80308FF2B><hex:020927E803FF01><hex:FF09>(LEGACY)<hex:FF01><hex:FF09>(LEGACY)<hex:FF01><hex:FF09>(LEGACY)<hex:03><hex:FF01><hex:03>,,
57,正在獲取伺服器列表。,,
58,無法獲取伺服器列表。,,
59,將各個伺服器的情況更新到最新狀態。刷新後需要等待<hex:022003E80203>分鐘才能再次刷新。,,
60,該帳號的可建立角色數量已經達到上限。只有刪除已有角色才能繼續建立新角色。<hex:02100103>在角色名稱的次級指令中選擇刪除即可將角色資料刪除。,,
61,在各個伺服器中所開通的角色已經到達數量上限，無法繼續建立新角色。只有刪除任意伺服器的一名已有角色才能繼續建立新角色。<hex:02100103>在角色名稱的次級指令中選擇刪除即可將角色資料刪除。,,
62,該伺服器中建立的角色已經到達數量上限。,,
63,該伺服器中現在對新角色進行了限制。<hex:02100103>請等待限制解除後再開始建立，或到其他伺服器中建立新角色。,,
64,當前帳號無法使用該角色。,,
65,可以有一次機會修改角色的種族、性別、外貌及姓名。,,
66,<hex:020875E1E80201FF34>請在獲取角色情報後修改僱員的名字。<hex:FF3A>以該角色登入遊戲需要先修改僱員的名字。<hex:03>,,
67,可以修改角色的種族、性別、外貌等。<hex:02081EE1E80201FF16> (剩餘<hex:022003E80203>分鐘)<hex:FF01><hex:03>,,
68,無法登入，該角色處於«<hex:02280FFF0A>ExVersion<hex:E8020103>»的區域。,,
69,無法修改種族、性別及外貌，該角色處於«<hex:02280FFF0A>ExVersion<hex:E8020103>»的區域。,,
70,該角色為«最終幻想14»1.0版的繼承角色。使用該角色進入遊戲需要重新設定初始戰鬥職業。,,
71,確定,,
72,取消,,
73,初始戰鬥職業設定為「<hex:02280EFF09>ClassJob<hex:E8020103>」。<hex:02100103>遊戲開始時的城市為「<hex:02280AFF05>Town<hex:E8030103>」。,,
74,確定,,
75,取消,,
76,該角色為«最終幻想14»1.0版的繼承角色。使用該角色進入遊戲需要重新設定初始戰鬥職業，同時角色的種族、性別、外貌以及姓名也會有一次修改的機會。,,
77,現在進行編輯,,
78,以後進行編輯,,
79,重新編輯角色,,
80,使用已保存的形象建立新角色,,
81,保存角色形象,,
82,使用已保存的角色形象,,
83,為緩解登入壓力，暫時簡化角色情報顯示。<hex:02100103>如需編輯角色外貌或改名，<hex:02100103>可通過次級指令選擇「獲取角色情報」。,,
84,歡迎來到«最終幻想14»的世界。<hex:02100103>請建立一個新角色來開始您的冒險。,,
85,確定,,
86,歡迎來到«最終幻想14»的世界。<hex:02100103>請選擇已有角色或建立新角色來開始您的冒險。<hex:02100103>當前所選的伺服器<hex:022903EA0203>中已經建立了<hex:022003E80303>個角色。<hex:02100103>點擊右上的選擇按鈕可以切換世界伺服器。,,
87,確定,,
88,請選擇伺服器。,,
89,,,
90,,,
91,,,
92,,,
93,,,
94,,,
95,要以<hex:022903EA0203>登入嗎？<hex:02100103><hex:02100103><hex:024804F201FA03><hex:024904F201FB03>該角色正在其他伺服器遊玩。<hex:02100103>通過利姆薩·羅敏薩、格里達尼亞、烏爾達哈的乙太之光可以隨時返回原始伺服器。<hex:0249020103><hex:0248020103>,,
96,要以<hex:022903EA0203>登入嗎？<hex:02100103><hex:02100103><hex:024804F201FA03><hex:024904F201FB03>該角色正在非原始資料中心遊玩。<hex:02100103>想要返回原始伺服器時，<hex:02100103>可以在登入前角色名稱的次級指令中<hex:02100103>選擇「返回原始伺服器」。<hex:0249020103><hex:0248020103>,,
97,,,
98,,,
99,<hex:02100103><hex:02100103>基礎能力值： 力量 <hex:022003E80203>/靈巧 <hex:022003E80403>/耐力 <hex:022003E80303>/智力 <hex:022003E80503>/精神 <hex:022003E80603>,,
100,? ? ?,,
101,RACE&GENDER,種族,
102,TRIBE,部族,
103,GENDER,性別,
104,LOOKS,外貌,
105,BIRTHDAY,誕生日,
106,GUARDIAN,守護神,
107,CLASS,職業,
108,HOME WORLD,原始伺服器,
109,NAME,姓名,
110,Hyuran<hex:02090FE802FF04> ©<hex:FF04> ®<hex:FF01><hex:03>,,"與其他種族相比，人族的體型在各方面都處於平均水準。
雖然在古代，艾歐澤亞地區的人族數量並不是很多，
不過歷經從大約一千年前開始的前後三次大遷移之後，
人族現已成為艾歐澤亞人口最多的種族。
不過由於人口眾多，即使是相同的種族有著不同的祖先，
所以他們的種族意識相當低，相比起來更加注重個人的自由。"
111,人族,,
112,Elezen<hex:02090FE802FF04> ©<hex:FF04> ®<hex:FF01><hex:03>,,"精靈族的主要特徵是較長的四肢和瘦高的身體。
精靈族是曾經主宰艾歐澤亞地區的原住民，有著非常高的自豪感。
雖然在過去精靈族曾經與大量遷徙而來的人類進行過激烈的戰鬥，
不過現在雙方已經互相理解，並且共同走上了發展之路。
與人族比起來，精靈族的平均壽命會長一些，這也是他們的特徵之一。"
113,精靈族,,
114,Lalafell<hex:02090FE802FF04> ©<hex:FF04> ®<hex:FF01><hex:03>,,"矮矮的胖胖的是拉拉菲爾族給其他人的第一感覺。
在主要種族中，拉拉菲爾族的體型最為小巧，看上去幾乎像小孩子一樣。
可以說在其他種族的眼裡，他們的年齡是最難推測的。
拉拉菲爾族原本是南洋群島的農耕種族，
後來發展到大航海時代，他們為了擴大貿易而來到艾歐澤亞。
在對外方面，拉拉菲爾人對任何種族都能夠積極進行交流，
無論和哪個種族都建立起了良好的關係。"
115,拉拉菲爾族,,
116,Miqo'te<hex:02090FE802FF04> ©<hex:FF04> ®<hex:FF01><hex:03>,,"高揚的耳朵與柔軟的尾巴是貓魅族的特點。
在第五靈災「大冰雪時代」，有一支狩獵種族為了追捕獵物而渡過了海洋，
貓魅族正是這成功到達艾歐澤亞的勇敢種族的後裔。
不過也因為這個原因，種族人數在艾歐澤亞地區屬於少數。
他們在族內的領地意識也很強，所以即使是成為了城邦居民，
大多數貓魅人也還是喜歡獨居生活。
尤其是男性貓魅族人，在避免接觸他人這點上來說有著極強的傾向。"
117,貓魅族,,
118,Roegadyn<hex:02090FE802FF04> ©<hex:FF04> ®<hex:FF01><hex:03>,,"魯加族的體型非常巨大，處處體現出堅實和厚重的感覺。
魯加族是曾經在北洋拼搏的海洋種族的後裔，
他們的祖先多數是駕駛著長船來到艾歐澤亞的。
雖然魯加族比拼勇猛的習俗在其他種族看來會有些野蠻，
不過他們重情重義的忠厚一面也廣為人知，
歷史上也曾經出現過諸多偉大的武者。"
119,魯加族,,
120,Midlanders,,"即使是在人口眾多的人族中，中原之民的數量也達到了一半以上。
雖然部族名字的由來是因為多數人來自低地，不過其實也有很多不同。
在各地的城鎮和村莊裡都有中原之民的身影，他們從事著各種各樣的行業。"
121,中原之民,,
122,Highlanders,,"高地之民是人族的一支部族，曾以基拉巴尼亞高地地區為領地。
高地之民的體格比中原之民要健壯，而且他們也很以自己的強健肉體為傲。
隨著阿拉米格要塞城邦的淪陷，失去了祖國的流民流離到各地，
在烏爾達哈貿易城邦中也有很多阿拉米格的難民。"
123,高地之民,,
124,Forester,,"森林之民是自古以來就以黑衣森林地帶為據點的部族。
多數人在伊修加德城邦和格里達尼亞城邦建國之後就一直居住其中。
森林之民喜好秩序，尊重規律，不過這一點卻總被其他種族誤解為高傲。"
125,森林之民,,
126,Shader,,"黑影之民在過去幾百年內一直以森林地帶中那些昏暗的鐘乳洞為據點。
他們的祖先在格里達尼亞城邦建國時與主流派的森林之民決裂，
一直過著陰暗的穴居生活。
黑影之民不喜歡被約束，即使是現在，與城邦保持距離的人也不在少數。"
127,黑影之民,,
128,Plainsfolk,,"平原之民是遷移到拉諾西亞適合耕種的平原地區生活的部族。
雖然大多數人都從事農業，不過以利姆薩·羅敏薩海洋城邦為據點，
從事海運及漁業的人也不少。
平原之民通常都是處於悠閒自得逍遙自在的狀態。"
129,平原之民,,
130,Dunesfolk,,"沙漠之民是遷移到薩納蘭荒涼的沙漠地帶生活的部族。
他們建立起了烏爾達哈貿易城邦，以善於經商聞名於世。
沙漠之民傾向於有了想法便立刻動手去做，基本都是實踐主義者，
這種性格對於他們捕捉商機也帶來了很大幫助。"
131,沙漠之民,,
132,Seekers of the Sun,,"逐日之民通常自稱為「太陽的使者」，信仰太陽神阿澤瑪的信徒很多。
雖然從艾歐澤亞整體來看，這一種族的總人口數量很少，
不過在利姆薩·羅敏薩，卻有著相當一部分已經融入了和其他種族共同生活的環境中。
此外，據說這一種族內還有一部分氏族生活在撒溝厲沙漠等邊境地區。"
133,逐日之民,,
134,Keepers of the Moon,,"護月之民通常自稱為「月亮的守衛」，信仰月亮神梅茵菲娜的信徒很多。
他們主要在黑衣森林過著狩獵生活，也因此與將他們視為偷獵者的
格里達尼亞居民長年處於對立的狀態。
不過近年來貌似有所和解，現在也有一部分人生活在城邦內。"
135,護月之民,,
136,Seewolf,,"北洋之民曾是以「海狼」之名從北方的海域侵襲而來的海盜。
現在作為構成利姆薩·羅敏薩海洋城邦的主要部族，
多數人都在從事著水手及水兵一類的工作。
北洋之民一直遵從著古老的傳統習慣，他們的名字也是由古魯加語而來。"
137,北洋之民,,
138,Lohengarde,,"紅焰之民是聚居在北阿巴拉提亞山脈的少數部族。
因為很多人都從事著傳統的傭兵產業，所以他們把名字改成了
便於記憶的通用語形式。
現在在烏爾達哈也經常能看到紅焰之民活躍在劍鬥士和保鏢等領域中。"
139,紅焰之民,,
140,Au Ra<hex:02090FE802FF04> ©<hex:FF04> ®<hex:FF01><hex:03>,,"敖龍族來自東洲奧薩德次大陸。
這一種族最大的特徵是頭部明顯的雙角和一部分鱗質化的皮膚。
頭上的角是他們引以為傲的特徵，同時也有著聽覺和空間認知的作用。
雖然有種說法說這個東方的種族是龍的傳人，
但是現在的學術界仍然對這種說法有著極大的爭議。
學者們聲稱人和龍是不同的物種，完全沒有融合的可能。
最為關鍵的證據便是龍族的角沒有聽覺和空間認知能力。
敖龍族的男性通常身材高大魁梧，女性則小巧可人，
這也是龍族所不具備的另一特徵。"
141,敖龍族,,
142,Raen,,"在敖龍族的創世神話中，所有的族人都由晨曦之父與暮暉之母所生。
晨曦之民除了身上帶有發出微弱光芒的白色鱗片之外，
還繼承了晨曦之父安靜堅忍的性格。
晨曦之民原本居住在東洲邊境的溪谷地帶，
近年通過海路來到了艾歐澤亞。"
143,晨曦之民,,
144,Xaela,,"在敖龍族的創世神話中，所有的族人都由晨曦之父與暮暉之母所生。
暮暉之民除了身上帶有發出微弱光芒的黑色鱗片之外，
還繼承了暮暉之母勇猛好鬥的性格。
暮暉之民基本上居無定所，
總是以家庭為單位不斷地從一個地方流浪到另一個地方。"
145,暮暉之民,,
146,,,
147,,,
148,,,
149,,,
150,,,
151,,,
152,CUSTOM,,
153,自訂,,
154,Halone,,
155,冰河與戰爭女神：哈羅妮,,
156,Menphina,,
157,雙月與慈愛女神：梅茵菲娜,,
158,Thaliak,,
159,河流與知識之神：沙利亞克,,
160,Nymeia,,
161,行星與命運之神：妮美雅,,
162,Llymlaen,,
163,海洋與航海女神：利姆萊茵,,
164,Oschon,,
165,山岳與放浪之神：奧修昂,,
166,Byregot,,
167,建築與工藝之神：比爾格,,
168,Rhalgr,,
169,彗星與破壞之神：拉爾戈,,
170,Azeyma,,
171,太陽與審理女神：阿澤瑪,,
172,Nald‘thal,,
173,地底與商貿之神：納爾札爾,,
174,Nophica,,
175,大地與豐饒女神：諾菲卡,,
176,Althyk,,
177,重力與光陰之神：阿爾基克,,
178,Gladiator,,"從短劍到長劍，從雙刃的直劍到單刃的彎刀，
劍術師能夠使用一切單手劍與敵人在近距離一決高下。
劍術師的技巧以守勢為主，首先將敵人牢牢牽制住，
利用盾牌擋下對方的進攻，再用手中的利劍進行回擊。
在團隊作戰中，劍術師一向勇敢地沖在隊伍的最前方，
成為整個隊伍的堅盾，在敵人的攻擊中保護同伴不受傷害。

開始地點：烏爾達哈"
179,,,
180,Pugilist,,"格鬥家是修練傳統護身術的戰士。
其經過鍛鍊的拳腳已經擁有超於常人的力量，
裝備格鬥武器之後更是如虎添翼，甚至能夠使破壞力加倍。
由於甲胄會妨礙身體活動，所以格鬥家們向來輕裝上陣。
降低防禦力的同時增強的靈活性及攻擊力會令任何敵人為之震顫。

開始地點：烏爾達哈"
181,,,
182,Marauder,,"「大斧」通常是海盜們在破壞敵船或強襲登陸時使用的武器，
斧術師則是以使用這種高破壞性武器為主的專家。
雖然大斧給人以很強烈的傳統海盜武器的印象，
但是由於在戰爭以及討伐魔物時都有著非常出色的表現，
所以也有很多斧術師被尊為英雄留下了英名。
豪爽的戰鬥方式及出眾的破壞力，令斧術師能夠深陷敵陣仍悠然自得。

開始地點：利姆薩·羅敏薩"
183,,,
184,Lancer,,"槍術師以雙手長槍等刺殺武器為主，是身手矯健的戰士。
曾經在強盛的阿拉米格尖槍兵的影響下，出現過一段競爭槍柄長度的風潮，
不過現在已經發展成多種長槍混合使用了。
想要將長柄武器掌握得隨心所欲可不是一件簡單的事情。
不過，一旦能夠掌握其技巧，便可用猶如狂風暴雨般的身手橫掃戰場。

開始地點：格里達尼亞"
185,,,
186,Archer,,"弓箭手的主旨為利用手中弓箭從遠距離外進行狙殺及曲射。
在艾歐澤亞，最普及的弓術有兩種，
分別為精靈族弓兵所擅長的長弓術及貓魅族獵人代代相傳的短弓術。
理解並掌握每種弓的特性，以及選准有利的位置，是成為一名弓箭手的第一步。
一旦將技巧熟練掌握之後，戰場上就可以帶來如雨般的飛箭。

開始地點：格里達尼亞"
187,,,
188,Conjurer,,"幻術師能夠使用幻術魔法，這是一種受到屬性影響很強烈的魔法。
通過感受自身周圍萬物，可以發現土、風、水等自然屬性。
攜帶上以自然物為素材做出的魔器「幻具」，
便可以將自己的乙太與周圍的元素轉換成魔法。
由於幻術師都很擅長恢復及強化等施展到肉體身上的魔法，
所以高級幻術師同時也是一名優秀的醫療能手。

開始地點：格里達尼亞"
189,,,
190,Thaumaturge,,"所謂咒術，是指利用自身的消極性情而發動的魔法。
咒術師能夠通過觀測自己的內心本性，將心中蘊藏的神秘力量發動出來。
咒術師所持有的魔器被稱為「咒具」，是將念珠嵌入到笏板之中構成。
並以念珠為集中點注入乙太力，便可發動出破壞性極強的魔法。

開始地點：烏爾達哈"
191,,,
192,Arcanist,,"秘術師能夠通過法術來操縱特定的使魔。
秘術以南洋傳來的算術為源頭，通過獨特的幾何學圖形「魔紋」來控制精神力。
平時秘術師都會攜帶描繪有多種魔紋的「魔導書」以便隨時變更乙太的流動。
另外，在解開寶珠的神秘原理後，通過特定的魔紋還能夠召喚出寶石靈獸。

開始地點：利姆薩·羅敏薩"
193,,,
194,,,
195,,,
196,,,
197,,,
198,,,
199,,,
200,預設,,
201,身高,,
202,膚色,,
203,聲音,,
204,體型,,
205,,,
206,,,
207,體型,,
208,,,
209,胸圍,,
210,耳朵大小,,
211,耳朵形狀,,
212,,,
213,耳朵大小,,
214,耳朵形狀,,
215,胸圍,,
216,耳朵大小,,
217,耳朵形狀,,
218,,,
219,耳朵大小,,
220,耳朵形狀,,
221,胸圍,,
222,尾巴長度,,
223,尾巴形狀,,
224,,,
225,尾巴長度,,
226,尾巴形狀,,
227,胸圍,,
228,體型,,
229,,,
230,,,
231,體型,,
232,,,
233,胸圍,,
234,髮型,,
235,頭髮特徵,,
236,髮色,,
237,挑染,,
238,臉部,,
239,臉部特徵,,
240,臉部特徵顏色,,
241,臉部輪廓,,
242,眉毛,,
243,眼睛,,
244,眼瞳,,
245,瞳色,,
246,鼻型,,
247,嘴型,,
248,唇色,,
249,面妝,,
250,面妝顏色,,
251,確定,,
252,臉部,,
253,尾巴長度,,
254,尾巴形狀,,
255,,,
256,尾巴長度,,
257,尾巴形狀,,
258,胸圍,,
259,,,
260,,,
261,,,
262,,,
263,,,
264,,,
265,最矮,,
266,較矮,,
267,標準,,
268,較高,,
269,最高,,
270,約<hex:022003E80203>.<hex:022003E80303> cm,,
271,,,
272,,,
273,,,
274,,,
275,類型1,,
276,類型2,,
277,類型3,,
278,類型4,,
279,類型5,,
280,類型6,,
281,類型7,,
282,類型8,,
283,類型9,,
284,類型10,,
285,類型11,,
286,類型12,,
287,,,
288,,,
289,,,
290,非常瘦弱,,
291,比較瘦弱,,
292,標準,,
293,比較強健,,
294,非常強健,,
295,,,
296,,,
297,,,
298,,,
299,,,
300,,,
301,,,
302,,,
303,,,
304,,,
305,非常瘦弱,,
306,比較瘦弱,,
307,標準,,
308,比較強健,,
309,非常強健,,
310,,,
311,,,
312,,,
313,,,
314,,,
315,最小,,
316,較小,,
317,標準,,
318,較大,,
319,最大,,
320,最短,,
321,較短,,
322,標準,,
323,較長,,
324,最長,,
325,類型1,,
326,類型2,,
327,類型3,,
328,類型4,,
329,,,
330,,,
331,,,
332,,,
333,,,
334,,,
335,最短,,
336,較短,,
337,標準,,
338,較長,,
339,最長,,
340,類型1,,
341,類型2,,
342,類型3,,
343,類型4,,
344,,,
345,最小,,
346,較小,,
347,標準,,
348,較大,,
349,最大,,
350,非常瘦弱,,
351,比較瘦弱,,
352,標準,,
353,比較強健,,
354,非常強健,,
355,類型1,,
356,類型2,,
357,類型3,,
358,類型4,,
359,,,
360,,,
361,,,
362,,,
363,,,
364,,,
365,非常瘦弱,,
366,比較瘦弱,,
367,標準,,
368,比較強健,,
369,非常強健,,
370,類型1,,
371,類型2,,
372,類型3,,
373,類型4,,
374,,,
375,最小,,
376,較小,,
377,標準,,
378,較大,,
379,最大,,
380,最短,,
381,較短,,
382,標準,,
383,較長,,
384,最長,,
385,類型1,,
386,類型2,,
387,類型3,,
388,類型4,,
389,,,
390,,,
391,,,
392,,,
393,,,
394,,,
395,最短,,
396,較短,,
397,標準,,
398,較長,,
399,最長,,
400,類型1,,
401,類型2,,
402,類型3,,
403,類型4,,
404,,,
405,最小,,
406,較小,,
407,標準,,
408,較大,,
409,最大,,
410,非常瘦弱,,
411,比較瘦弱,,
412,標準,,
413,比較強健,,
414,非常強健,,
415,,,
416,,,
417,,,
418,,,
419,,,
420,,,
421,,,
422,,,
423,,,
424,,,
425,非常瘦弱,,
426,比較瘦弱,,
427,標準,,
428,比較強健,,
429,非常強健,,
430,,,
431,,,
432,,,
433,,,
434,,,
435,最小,,
436,較小,,
437,標準,,
438,較大,,
439,最大,,
440,,,
441,,,
442,,,
443,,,
444,,,
445,DISCIPLES OF WAR,,
446,戰鬥菁英,,
447,DISCIPLES OF MAGIC,,
448,魔法導師,,
449,,,
450,,,
451,,,
452,,,
453,,,
454,,,
455,,,
456,,,
457,,,
458,Hrothgar<hex:02090FE802FF04> ©<hex:FF04> ®<hex:FF01><hex:03>,,"硌獅族來自北洲伊爾薩巴德大陸。
他們有著發達的肌肉和尖銳的爪子與鋒利的牙齒，其長相會讓人誤以為是獅子或豹子。
正因為他們的這般長相，所以被其他種族視為野蠻人，導致與其他種族之間的戰鬥不斷。
直到通用語出現後，各種族才更加了解對方，從而才慢慢加深了相互之間的交流。
硌獅族男女出生比例非常極端，幾乎看不到女性。"
459,硌獅族,,
460,Viera<hex:02090FE802FF04> ©<hex:FF04> ®<hex:FF01><hex:03>,,"維埃拉族是奧薩德次大陸的少數民族，其名字的意思為森林居民。
自古以來，他們就隱居在森林深處構築著自己的歷史，
現如今依舊很少出現在其他種族的生活圈內。
特別是他們有規定成年男性要獨自過著流浪生活，所以很少見到男性維埃拉族。
另外，維埃拉族的外觀與人族和精靈族非常相近，特徵則是那發達的大長耳朵。"
461,維埃拉族,,
462,Helions,,"擁有暖色毛髮的硌獅部族。
他們以女王為中心，生活在北洲大陸南部的博茲雅地區。
在他們自己的語言中並不存在對自身部族的稱呼，
不過那以一名女性指導者為中心，多數男性為之行動的社會構造，
正像是以太陽為中心環繞的彗星，因此通用語中將他們稱為掠日之民。"
463,掠日之民,,
464,The Lost,,"擁有冷色毛髮的硌獅部族。
在很久以前，他們捨去了定居生活，開始了流浪生活。
他們時而是體力勞動者，時而是助人的傭兵，有時甚至是旅行商人，
根據不同時期改變自己的職業，過著隨性的自由生活。
這種生活方式被比喻為遠離太陽的彗星，故被稱作迷蹤之民。"
465,迷蹤之民,,
466,Rava,,"擁有褐色皮膚能夠融入昏暗密林的維埃拉部族。
他們將葛爾摩大密林視為聖地，稱自己為森林的守護者，
對未經允許就踏入森林的人，將會用長槍與弓箭歡迎對方。
在受到舊達爾馬斯卡王國統治的時期，他們依然享有自治權。
雖然大部分族人至今維持著古樸的生活習慣，不過也有小部分人離開森林去到了外界生活。"
467,密林之民,,
468,Veena,,"擁有白色皮膚如同飄雪點綴山林的維埃拉部族。
他們以斯卡提山脈南側的山腹附近為根據地，
堅持著古時延續下來的狩獵採集的生活，完全斷絕與外界的接觸。
其中也有人捨棄了這種生活，走出了故鄉，
因受到戰亂餘波的影響，其中一部分人前往了艾歐澤亞。"
469,山林之民,,
470,,,
471,哈羅妮是司掌冰河與戰爭的女神，同時也是伊修加德城邦的守護神。<hex:02100103>她有著冰屬性的神力，負責管理星一月的運行。<hex:02100103>據傳說，哈羅妮是破壞神拉爾戈的女兒，也是大地神諾菲卡的敵人。<hex:02100103>她經常被描繪為一位裝備著青銅巨盾的強大戰士。象徵符號則是三把並列的尖槍。,,
472,梅茵菲娜是司掌雙月與慈愛的女神。<hex:02100103>她有著冰屬性的神力，負責管理靈一月的運行。<hex:02100103>據傳說，梅茵菲娜是太陽神阿澤瑪同父異母的妹妹，也是山岳神奧修昂的戀人。<hex:02100103>她經常被描繪為一位手持平底鍋的侍女。象徵符號則是一輪滿月。,,
473,沙利亞克是司掌河流與知識的男神，同時也是薩雷安城邦的守護神。<hex:02100103>他有著水屬性的神力，負責管理星二月的運行。<hex:02100103>據傳說，沙利亞克是海洋神利姆萊茵的父親，也是工藝神比爾格的師傅。<hex:02100103>他經常被描繪為一位手持白蠟木手杖的學者。象徵符號則是一個卷軸。,,
474,妮美雅是司掌行星與命運的女神。<hex:02100103>她有著水屬性的神力，負責管理靈二月的運行。<hex:02100103>據傳說，妮美雅是光陰神阿爾基克的妹妹，也是破壞神拉爾戈的主人。<hex:02100103>她經常被描繪為一位披戴著白色面紗的紡織人。象徵符號則是一架紡車。,,
475,利姆萊茵是司掌海洋與航海的女神，同時也是利姆薩·羅敏薩城邦的守護神。<hex:02100103>她有著風屬性的神力，負責管理星三月的運行。<hex:02100103>據傳說，利姆萊茵是河川神沙利亞克的女兒，也是大地神諾菲卡的姐姐。<hex:02100103>她經常被描繪為一位手持長尖漁叉的健壯漁民。象徵符號則是一朵浪花。,,
476,奧修昂是司掌山岳與放浪的男神。<hex:02100103>他有著風屬性的神力，負責管理靈三月的運行。<hex:02100103>據傳說，奧修昂是商貿神納爾札爾的結義兄弟，也是戰爭神哈羅妮的摯友。<hex:02100103>他經常被描繪為一位手持紫杉木弓的悠閒獵人。象徵符號則是一把登山手杖。,,
477,比爾格是司掌建築與工藝的男神。<hex:02100103>他有著雷屬性的神力，負責管理星四月的運行。<hex:02100103>據傳說，比爾格是河川神沙利亞克的弟子，也是戰爭神哈羅妮的兄長。<hex:02100103>他經常被描繪為一位手持雙頭鐵錘的老實鐵匠。象徵符號則是一隻靈巧的手。,,
478,拉爾戈是司掌彗星與破壞的男神，同時也是阿拉米格城邦的守護神。<hex:02100103>他有著雷屬性的神力，負責管理靈四月的運行。<hex:02100103>據傳說，拉爾戈是行星神妮美雅的僕人，也是工藝神比爾格和戰爭神哈羅妮的養父。<hex:02100103>他經常被描繪為一位手持黃銅手杖的魔法師。象徵符號則是一顆流星。,,
479,阿澤瑪是司掌太陽與審理的女神。<hex:02100103>她有著火屬性的神力，負責管理星五月的運行。<hex:02100103>據傳說，阿澤瑪是光陰神阿爾基克的女兒，也是慈愛神梅茵菲娜的姐姐。<hex:02100103>她經常被描繪為一位手持黃金扇的貴婦。象徵符號則是一輪旭日。,,
480,納爾札爾是司掌地底與商貿的男神，同時也是烏爾達哈城邦的守護神。<hex:02100103>他有著火屬性的神力，負責管理靈五月的運行。<hex:02100103>據傳說，納爾札爾有著名為納爾和札爾的兩張面孔，是一個雙子神。<hex:02100103>他經常被描繪為一位手持天平的機敏商人。象徵符號則是貝殼貨幣。,,
481,諾菲卡是司掌大地與豐饒的女神，同時也是格里達尼亞城邦的守護神。<hex:02100103>她有著土屬性的神力，負責管理星六月的運行。<hex:02100103>據傳說，諾菲卡是太陽神阿澤瑪的女兒，也是海洋神利姆萊茵的妹妹。<hex:02100103>她經常被描繪為一位手持鋼鐵鐮刀的開朗農民。象徵符號則是表示春天的綠葉。,,
482,阿爾基克是司掌重力與光陰的男神。<hex:02100103>他有著土屬性的神力，負責管理靈六月的運行。<hex:02100103>據傳說，阿爾基克是行星神妮美雅的兄長，也是太陽神阿澤瑪與月亮神梅茵菲娜的父親。<hex:02100103>他經常被描繪為一位手持秘銀大斧的帝王。象徵符號則是一個沙漏。,,
483,,,
484,,,
485,,,
486,,,
487,,,
488,,,
489,,,
490,,,
491,,,
492,,,
493,,,
494,,,
495,,,
496,,,
497,,,
498,,,
499,,,
500,CASTING,,
501,建立角色,,
502,Paladin,,
503,騎士,,
504,裝備,,
505,建立角色,,
506,確定,,
507,返回,,
508,,,
509,,,
510,預設出演（中原之民男性）,,
511,存檔<hex:022003E80203>:<hex:020929E804FF12><hex:02280BFF06>Tribe<hex:E8030103>男<hex:FF12><hex:02280BFF06>Tribe<hex:E8030203>女<hex:03>,,
512,該角色僅用來演示遊戲影像，無法變更身上的裝備。,,
513,沒有任何儲存時的留言。,,
514,,,
515,,,
516,,,
517,,,
518,,,
519,,,
520,,,
521,,,
522,,,
523,,,
524,,,
525,,,
526,,,
527,,,
528,,,
529,,,
530,(開始地:<hex:02280AFF05>Town<hex:E8030103>) <hex:022B14FF12><hex:02280EFF09>ClassJob<hex:E8020103><hex:03>,,
531,(Start: Ul'dah) Gladiator,,
532,(Start: Ul'dah) Pugilist,,
533,(Start: Limsa Lominsa) Marauder,,
534,(Start: Gridania) Lancer,,
535,(Start: Gridania) Archer,,
536,(Start: Gridania) Conjurer,,
537,(Start: Ul'dah) Thaumaturge,,
538,(Start: Limsa Lominsa) Arcanist,,
539,,,
540,最短,,
541,較短,,
542,標準,,
543,較長,,
544,最長,,
545,類型1,,
546,類型2,,
547,類型3,,
548,類型4,,
549,,,
550,,,
551,,,
552,,,
553,,,
554,,,
555,最短,,
556,較短,,
557,標準,,
558,較長,,
559,最長,,
560,類型1,,
561,類型2,,
562,類型3,,
563,類型4,,
564,,,
565,最小,,
566,較小,,
567,標準,,
568,較大,,
569,最大,,
570,,,
571,,,
572,,,
573,,,
574,,,
575,,,
576,,,
577,,,
578,,,
579,,,
580,,,
581,,,
582,,,
583,,,
584,,,
585,,,
586,,,
587,,,
588,,,
589,,,
590,,,
591,,,
592,,,
593,,,
594,,,
595,,,
596,,,
597,,,
598,,,
599,,,
600,<hex:021E021803>旋轉視角 <hex:021E021503>旋轉背景 <hex:021E020D03>+<hex:021E021903>縮放 <hex:021E021403>迴轉方向反轉,,
601,<hex:021E021303>,,
602,<hex:021E021803>旋轉視角 <hex:021E021503>旋轉背景 <hex:021E020D03>+<hex:021E021903>縮放 <hex:021E020D03>+<hex:021E021603>上下移動 <hex:021E021403>迴轉方向反轉,,
603,<hex:021E021303>,,
604,<hex:0212021103>,,
605,<hex:0212021203>,,
606,<hex:021E020F03>,,
607,<hex:021E021003>,,
608,<hex:021E020C03>,,
609,<hex:021E020B03>,,
610,<hex:021E020C03>軟鍵盤,,
611,<hex:021E020B03>次級指令,,
612,左鍵拖曳：旋轉視角 右鍵拖曳：旋轉背景 轉動滑鼠滾輪：縮放,,
613,左鍵拖曳：旋轉視角 右鍵拖曳：旋轉背景 轉動滑鼠滾輪：縮放 滑鼠滾輪按下拖曳：上下移動,,
614,<hex:021E020703>,,
615,剩餘天數：<hex:022003E80203>天,,
616,累積獲得獎勵　<hex:020824E1E80201FF10>等級：<hex:022003E80203><hex:FF0D>尚未獲得<hex:03>,,
617,累計利用天數：<hex:022206E802FF022C03>天<hex:02083DE4E80301FF01><hex:FF35><hex:02100103>距離下一份禮物所需天數：<hex:022206E803FF022C03>天<hex:03>,,
618,剩餘天數<hex:022003E80203>天。<hex:02100103>提醒您提前到官網進行充值。<hex:02100103>https://sqex.to/Msp,,
619,免費體驗時間還剩<hex:022003E80203>天。<hex:02100103>體驗結束後如果想繼續遊玩，請前往官網進行充值。<hex:02100103>官網地址：<hex:02100103>https://sqex.to/Msp,,
620,,,
621,確定要將僱員的形象設定成目前的樣子嗎？,,
622,中斷設定僱員形象。,,
623,確定要中斷設定僱員的形象嗎？,,
624,,,
625,確定要中止編輯角色容貌嗎？<hex:02100103>正在編輯中的容貌會被完全放棄。,,
626,確定要完成角色容貌的編輯嗎？,,
627,確定要放棄編輯中的容貌嗎？<hex:02100103>角色會還原成當前的容貌。,,
628,,,
629,確定要以「<hex:022903EA0203>」登入遊戲嗎？<hex:02100103><hex:024804F201FA03><hex:024904F201FB03>※可以通過次級指令重新編輯角色形象。<hex:0249020103><hex:0248020103>,,
630,可以對角色的種族、性別及外貌進行更改。請在次級指令中選擇「重新編輯角色」。,,
631,確定要對角色的種族、性別及外貌進行更改嗎？<hex:02100103><hex:024804F201FA03><hex:024904F201FB03>※不進行重新編輯也可以直接登入遊戲。<hex:02100103>※特定條件下的髮型和面妝會回到初始狀態。<hex:02100103>※髮型與頭部裝備的顯示會根據種族不同有所限制。<hex:0249020103><hex:0248020103>,,
632,要重新設定角色的種族、性別以及外貌需要脫下全部防具和首飾。請登入後做好準備再退出回來。,,
633,確定要將上述更改反映到實際角色上嗎？<hex:02100103><hex:024804F201FA03><hex:024904F201FB03>※種族不同在美容師處可選的髮型也會有所不同。<hex:0249020103><hex:0248020103>,,
634,確定要中斷設重新編輯角色形象嗎？,,
635,,,
636,：標記髮型,,
637,<hex:021E020E03>：標記髮型,,
638,只顯示標記的髮型,,
639,通過使用「<hex:02280AFF05>Item<hex:E8020103>」才可以在美容師處選擇的特殊髮型。,,
640,通過完成季節活動「未知的女騎士」或使用「<hex:02280AFF05>Item<hex:E8020103>」才可以在美容師處選擇的特殊髮型。,,
641,為舉辦「永結同心典禮」做準備後才可以在美容師處選擇的特殊髮型。,,
642,通過完成季節活動「令人驚訝的變身奇術」至「帶來歡笑的幸運魔咒」或使用「<hex:02280AFF05>Item<hex:E8020103>」才可以在美容師處選擇的特殊面妝。,,
643,通過使用「<hex:02280AFF05>Item<hex:E8020103>」才可以在美容師處選擇的特殊面妝。,,
644,,,
645,因角色在任務過程中登出或斷開連接，無法重新編輯角色。<hex:02100103>請先登入遊戲，退出任務後重新嘗試。,,
646,因角色處於任務中，無法變更種族、性別以及外觀。,,
647,因角色位於陌迪翁牢獄，無法重新編輯角色。,,
648,現在無法變更角色的種族、性別以及外觀。,,
649,,,
650,是否要從現在連接中的<hex:022903EA0203>資料中心重新連接到<hex:022903EA0303>資料中心？,,
651,保存介面各視窗的位置以及大小等情報，<hex:02100103>包含部分窗口內保存的設定情報。,介面設定,
652,保存每個職業的熱鍵欄與十字熱鍵欄情報。,熱鍵欄,
653,保存套裝列表情報。,套裝列表,
654,保存角色的滑鼠或手把的操作類型設定，<hex:02100103>包括鍵位設定、訊息過濾等情報。,角色設定,
655,保存各個角色專用巨集的情報。,角色專用巨集,
656,保存技能變換設定、坐騎列表的常用列表<hex:02100103>以及肖像設計等情報。,其他,
657,,,
658,,,
659,,,
660,勾選  全選,,
661,<hex:021E020903>勾選  <hex:021E020B03>全選,,
662,,,
663,,,
664,,,
665,,,
666,,,
667,,,
668,,,
669,,,
670,,,
671,,,
672,,,
673,,,
674,,,
675,,,
676,,,
677,,,
678,,,
679,,,
680,100級特職專用裝備,,
681,種族裝備,,
682,龍神裝備,,
683,加隆德裝備,,
684,亞歷山大裝備,,
685,墮龍裝備,,
686,漩渦菁英裝備,,
687,牙蛇菁英裝備,,
688,耀輝菁英裝備,,
689,源氏裝備,,
690,歐米茄裝備,,
691,地獄犬裝備,,
692,矮人裝備,,
693,伊甸之晨裝備,,
694,荒天裝備,,
695,光之戰士裝備,,
696,野玫瑰裝備,,
697,月衛裝備,,
698,孤雲裝備,,
699,獅心裝備,,
700,坦塔羅斯裝備,,
701,艾普/大召喚士裝備,,
702,斯諾/雷光裝備,,
703,薩雷安神童裝備,,
704,路西斯王子裝備,,
705,美堤亞裝備,,
706,波奇裝備,,
707,,,
708,,,
709,,,
710,,,
711,,,
712,,,
713,,,
714,,,
715,,,
716,,,
717,,,
718,,,
719,,,
720,,,
721,,,
722,,,
723,,,
724,,,
725,,,
726,,,
727,,,
728,,,
729,,,
730,,,
731,,,
732,,,
733,,,
734,,,
735,,,
736,,,
737,,,
738,,,
739,,,
740,,,
741,,,
742,,,
743,,,
744,,,
745,,,
746,,,
747,,,
748,,,
749,,,
750,,,
751,,,
752,,,
753,,,
754,,,
755,,,
756,,,
757,,,
758,,,
759,,,
760,,,
761,,,
762,,,
763,,,
764,,,
765,,,
766,,,
767,,,
768,,,
769,,,
770,,,
771,,,
772,,,
773,,,
774,,,
775,,,
776,,,
777,,,
778,,,
779,,,
780,,,
781,,,
782,,,
783,,,
784,,,
785,,,
786,,,
787,,,
788,,,
789,,,
790,,,
791,Japan Data Center,,
792,North America Data Center,,
793,Europe Data Center,,
794,Oceania Data Center,,
795,,,
796,,,
797,,,
798,,,
799,,,
800,DATA CENTER SELECT,,
801,選擇資料中心,,
802,Data Center,,
803,INFORMATION,,
804,,,
805,,,
806,最終幻想14是需要持續與資料中心通訊的遊戲，<hex:02100103>推薦你選擇距離所在地較近的資料中心。<hex:02100103><hex:0208F2022FE1E80201FFF20153><hex:02100103>現在選定的資料中心是推薦給居住在<hex:020932E802FF07>日本<hex:FF07>北美<hex:FF07>歐洲<hex:FF0A>大洋洲<hex:FF01><hex:FF01><hex:FF07>北美<hex:03>的玩家。<hex:02100103><hex:02100103>除此之外，提供角色建立與遊玩的伺服器稱之為「世界」，一個資料中心裡面包含了多個世界。<hex:02100103>如果已經決定好要遊玩的世界，請選擇該世界所屬的資料中心。<hex:FFF0D1><hex:02100103>首先請先選擇一個區域，如果選擇的區域裡有多個資料中心，再從中決定喜歡的資料中心。<hex:02100103>可以在同一個區域裡的任何資料中心以相同的方式進行遊戲。<hex:03>,,
807,,,
808,正在連接到資料中心「<hex:022903EA0203>」。,,
809,正在從資料中心中獲取角色列表。,,
810,確定,,
811,取消,,
812,Japan Data Center,,
813,North America Data Center,,
814,Europe Data Center,,
815,Oceania Data Center,,
816,NA Cloud Data Center (Beta),,
817,,,
818,,,
819,,,
820,「伺服器」即是您的角色所在的世界。<hex:02100103>選定伺服器之後，沒有特殊情況無法變更。<hex:02100103>如果想和朋友一起體驗«最終幻想14»的樂趣，<hex:02100103>請一定要在同一個世界裡建立角色。<hex:02100103><hex:02100103>伺服器根據位於不同位置的資料中心與您所在位置的距離進行分組。<hex:02100103>如果您找不到想要的伺服器，<hex:02100103>請返回標題畫面並選擇另一個資料中心。<hex:02100103>請注意，帶(LEGACY)的伺服器為繼承自1.0的伺服器。<hex:02100103><hex:02100103><hex:020876E4E80302FF6E><hex:02100103><hex:02100103><hex:0212026403><hex:024804F201FA03><hex:024904F201FB03>目前在此伺服器建立角色可享經驗值加成等多項特典！<hex:0249020103><hex:0248020103><hex:FF01><hex:03><hex:0208F2010EE4E80303FFF20104><hex:02100103><hex:02100103><hex:024804F201FE03><hex:024904F201FF03>這個伺服器目前限制創建新角色。<hex:02100103>請等待解除限制，或在其他伺服器創建角色。<hex:02100103>在其他伺服器創建角色並開始遊戲後，<hex:02100103>可以使用跨界傳送等功能移動到這個伺服器。<hex:0249020103><hex:0248020103><hex:FF01><hex:03>,,
821,,,
822,,,
823,讀取在<hex:020703E80203><hex:022002DF03>/<hex:022002DE03>/<hex:022002DC03> <hex:022002DB03>:<hex:022402DA03>保存的<hex:022003E80303>號<hex:020929E805FF12><hex:02280BFF06>Tribe<hex:E8040103>♂<hex:FF12><hex:02280BFF06>Tribe<hex:E8040203>♀<hex:03>人物形象資料。,,
824,在「最終幻想XIV」文件夾中檢測到了人物形象數據。<hex:02100103>請選擇要讀取的數據，前往建立人物形象的最後一步。,,
825,,,
826,,,
827,,,
828,,,
829,,,
830,,,
831,,,
832,要載入事先建好的角色資料嗎？,,
833,,,
834,,,
835,,,
836,PlayStation®4版尚未開始提供該服務，<hex:02100103>請耐心等待。,,
837,<hex:02100103>（複製對象）,,
838,<hex:02100103>（覆蓋對象）,,
839,<hex:021E020603>滾動,,
840,備份客戶端通用設定資料,,
841,備份角色設定資料,,
842,備份角色設定資料,,
843,CLIENT SETTINGS BACKUP,,
844,CHARACTER SETTINGS BACKUP,,
845,CLIENT SETTINGS BACKUP DATA,,
846,CHARACTER SETTINGS BACKUP DATA,,
847,下載,,
848,上傳,,
849,備份：<hex:024804F2023703><hex:024904F2023803>客戶端通用設定資料<hex:0249020103><hex:0248020103>,,
850,備份：<hex:024804F2023903><hex:024904F2023A03>角色專有設定資料<hex:0249020103><hex:0248020103>,,
851,備份<hex:024804F2023703><hex:024904F2023803>客戶端通用設定資料<hex:0249020103><hex:0248020103>，包括全形色公用巨集還有介面尺寸、聲音設定等一部分系統設定。<hex:02100103>※受設備環境影響的畫面解析度、控制設備等設定不在備份範圍內。,,
852,將<hex:024804F2023903><hex:024904F2023A03>角色專有設定資料<hex:0249020103><hex:0248020103>備份到伺服器保存，包括角色設定、介面布局、熱鍵欄、套裝列表等。<hex:02100103>※道具整理與所持狀況確認用資料不在備份範圍內。,,
853,<hex:024804F2023703><hex:024904F2023803>「客戶端通用設定資料」<hex:0249020103><hex:0248020103>的備份,,
854,目標角色：<hex:024804F2023903><hex:024904F2023A03><hex:022903EA0203><hex:0212025903><hex:022903EA0303><hex:0249020103><hex:0248020103>,,
855,免費體驗期玩家無法使用此功能。,,
856,伺服器繁忙，暫時無法使用此功能。,,
857,DOWNLOAD,,
858,UPLOAD,,
859,伺服器資料備份,,
860,本地客戶端資料,,
861,將<hex:024804F2023703><hex:024904F2023803>客戶端通用設定資料<hex:0249020103><hex:0248020103>保存到伺服器。<hex:02100103>※保存資料到伺服器後，須經過23小時才能再次保存。,,
862,將所選角色的<hex:024804F2023903><hex:024904F2023A03>角色設定資料<hex:0249020103><hex:0248020103>保存到伺服器。<hex:02100103>※保存資料到伺服器後，須經過23小時才能再次保存。,,
863,用伺服器上保存的<hex:024804F2023703><hex:024904F2023803>客戶端通用設定資料<hex:0249020103><hex:0248020103>覆蓋當前本地的設定。,,
864,用伺服器上保存的<hex:024804F2023903><hex:024904F2023A03>角色設定資料<hex:0249020103><hex:0248020103>覆蓋所選角色當前本地的設定。,,
865,使用其他角色的角色設定資料。,,
866,當前角色,,
867,最近備份過的其他角色（限同一資料中心內的角色）,,
868,NO DATA,,
869,Backup Date: <hex:020703E80203><hex:022002DF03>/<hex:022002DE03>/<hex:022002DC03> <hex:022002DB03>:<hex:022402DA03>,,
870,[<hex:02091DE802FF04>Win<hex:FF04>PS4<hex:FF04>Mac<hex:FF04>PS5<hex:FF05>Xbox<hex:03>],,
871,已做好備份準備。,,
872,已做好下載準備。,,
873,用其他角色的<hex:024804F2023903><hex:024904F2023A03>角色設定資料<hex:0249020103><hex:0248020103>覆蓋所選角色當前本地的設定。,,
874,資料一致，無需上傳。,,
875,備份過於頻繁，暫時無法備份。<hex:02100103>下次可備份時間：<hex:020703E80203><hex:022002DF03>/<hex:022002DE03>/<hex:022002DC03> <hex:022002DB03>:<hex:022402DA03>,,
876,沒有客戶端通用設定資料的備份。,,
877,所選角色沒有備份資料。,,
878,,,
879,暫時不能進行上傳。,,
880,備份服務暫停提供。,,
881,確定要用「<hex:022903EA0203><hex:0212025903><hex:022903EA0303>」的備份資料覆蓋<hex:02100103>「<hex:022903EA0403><hex:0212025903><hex:022903EA0503>」的角色設定資料嗎？,,
882,沒有起他角色的<hex:024804F2023903><hex:024904F2023A03>角色設定資料<hex:0249020103><hex:0248020103>備份。,,
883,查找,,
884,Data Ready,,
885,備份準備中。,,
886,正在下載備份資料。,,
887,正在上傳備份資料。,,
888,伺服器備份資料已覆蓋本地客戶端通用設定資料。<hex:02100103><hex:024804F201FC03><hex:024904F201FD03>※部分設定需要重啟遊戲後生效。<hex:0249020103><hex:0248020103>,,
889,本地的客戶端通用設定資料已上傳伺服器保存。,,
890,伺服器備份資料已覆蓋本地<hex:022903EA0203><hex:0212025903><hex:022903EA0303>的設定資料。<hex:02100103><hex:024804F201FC03><hex:024904F201FD03>※聲音等設定在另外的客戶端通用設定資料內，請互相結合使用。<hex:0249020103><hex:0248020103>,,
891,本地<hex:022903EA0203><hex:0212025903><hex:022903EA0303>的資料已上傳伺服器保存。<hex:02100103><hex:024804F201FC03><hex:024904F201FD03>※聲音等設定在另外的客戶端通用設定資料內，請互相結合使用。<hex:0249020103><hex:0248020103>,,
892,設定資料不足，無法備份。<hex:02100103>請先使用角色登入遊戲，然後返回標題畫面重試。<hex:02100103>[<hex:022003E80203>],,
893,設定資料損壞，無法備份。<hex:02100103>請先使用角色登入遊戲，然後返回標題畫面重試。<hex:02100103>[<hex:022003E80203>],,
894,備份資料建立失敗。<hex:02100103>請先使用角色登入遊戲，然後返回標題畫面重試。<hex:02100103>[<hex:022003E80203>],,
895,資料上傳失敗。<hex:02100103>請先使用角色登入遊戲後返回標題畫面，<hex:02100103>然後過段時間後再試。<hex:02100103>[<hex:022003E80203>],,
896,下載備份資料失敗。<hex:02100103>請先使用角色登入遊戲後返回標題畫面，<hex:02100103>然後過段時間後再試。<hex:02100103>[<hex:022003E80203>],,
897,硬碟空間不足，覆蓋失敗。<hex:02100103>[<hex:022003E80203>],,
898,發生錯誤。<hex:02100103>請過段時間後再試。<hex:02100103>[<hex:022003E80203>],,
899,與當前資料一致，無需下載。,,
900,保存介面顯示尺寸、幀數限制等資訊。<hex:02100103>※解析度等受設備環境影響的設定不在保存範圍內。,顯示設定,
901,保存音量、靜音等設定。,聲音設定,
902,保存滑鼠與手把的各種設定。<hex:02100103>※受控制設備影響的設定不在保存範圍內。,控制器設定,
903,保存窗口顏色主題的設定。,顏色主題設定,
904,保存過場動畫的語音等設定。<hex:02100103>※受設備環境影響的設定不在保存範圍內。,其他設定,
905,保存聲音的視覺表現、色覺多樣性設定。,輔助功能設定,
906,保存角色公用巨集的情報。<hex:02100103>※角色專用巨集則需要在角色設定數據裡備份。,角色公用巨集,
907,,,
908,,,
909,,,
910,,,
911,,,
912,,,
913,,,
914,,,
915,,,
916,,,
917,,,
918,,,
919,,,
920,保存滑鼠或手把的操作類型設定。,角色設定,
921,保存介面各視窗的位置與尺寸等情報。,介面設定,
922,保存每個職業的熱鍵欄與十字熱鍵欄情報。,熱鍵欄,
923,保存套裝列表情報。,套裝列表,
924,保存鍵位設定情報。,鍵位設定,
925,保存聊天視窗用的訊息過濾設定。,訊息過濾設定,
926,保存角色專用巨集的情報。<hex:02100103>※角色公用巨集則需要在客戶端通用設定資料裡備份。,角色專用巨集,
927,保存九宮幻卡、萌寵之王等設定情報。,其他,
928,保存好友名單的分組名、戰友列表等情報。,社交,
929,,,
930,,,
931,,,
932,,,
933,,,
934,,,
935,,,
936,,,
937,,,
938,,,
939,,,
940,恢復,,
941,RESTORE <hex:020817E4E94C01FF07>MACROS<hex:FF09>SETTINGS<hex:03>,,
942,RESTORE SETTINGS,,
943,RESTORE <hex:020825E4E94C01FF0E>COMMON MACROS<hex:FF10>CLIENT SETTINGS<hex:03>,,
944,恢復客戶端共用巨集,,
945,恢復對象：<hex:024804F2023703><hex:024904F2023803>客戶端通用設定資料<hex:0249020103><hex:0248020103><hex:020825E4E94C01FF1D><hex:02100103>中的100個公用巨集<hex:FF01><hex:03>,,
946,下載備份的客戶端通用設定資料時如果發生問題，<hex:02100103>可選擇將<hex:020818E4E94C01FF10>公用巨集的<hex:FF01><hex:03>資料恢復到下載開始前的狀態。<hex:02100103>請選擇用來恢復的資料。,,
947,下載伺服器上保存的備份資料進行覆蓋時，<hex:02100103>會自動保存最多10個恢復用資料。<hex:02100103>現在還沒有恢復用資料。,,
948,資料日期：<hex:020703E80203><hex:022002DF03>/<hex:022002DE03>/<hex:022002DC03> <hex:022002DB03>:<hex:022402DA03>,,
949,RESTORE CHARACTER SETTINGS,,
950,恢復角色設定,,
951,恢復對象：<hex:024804F2023903><hex:024904F2023A03>角色設定<hex:0249020103><hex:0248020103>,,
952,下載備份的角色設定資料時如果發生問題，<hex:02100103>可選擇將角色設定資料恢復到下載開始前的狀態。<hex:02100103>請選擇用來恢復的資料。,,
953,下載伺服器上保存的備份資料進行覆蓋時，<hex:02100103>會自動保存最多10個恢復用資料。<hex:02100103>現在還沒有恢復用資料。,,
954,確定要使用<hex:020703E80203><hex:022002DF03>/<hex:022002DE03>/<hex:022002DC03> <hex:022002DB03>:<hex:022402DA03>的資料<hex:02100103>恢復<hex:020830E4E94C01FF13>角色公用巨集<hex:FF16>客戶端通用設定<hex:03>嗎？,,
955,確定要使用<hex:020703E80203><hex:022002DF03>/<hex:022002DE03>/<hex:022002DC03> <hex:022002DB03>:<hex:022402DA03>的資料<hex:02100103>恢復角色設定嗎？,,
956,<hex:020830E4E94C01FF13>角色公用巨集<hex:FF16>客戶端通用設定<hex:03>恢復成功。,,
957,<hex:020830E4E94C01FF13>角色公用巨集<hex:FF16>客戶端通用設定<hex:03>恢復失敗。,,
958,角色設定恢復成功。,,
959,角色設定恢復失敗。,,
960,備份的資料存在問題，下載失敗。,,
961,BROKEN DATA,,
962,此為將您本地保存的介面、熱鍵欄等情報上傳到伺服器備份或下載下來使用的功能。<hex:02100103>利用本功能可以讓您在其他設備遊玩時繼承很大一部分設定。<hex:02100103><hex:02100103>在使用此功能上傳、下載前，強烈建議玩家自行在本地備份一份設定檔案。除了通過自己手動備份外，也可以通過登入器設定裡的備份還原選項進行備份。,,
963,,,
964,,,
965,,,
966,恢復用資料列表獲取失敗。,,
967,恢復用資料列表獲取失敗。,,
968,所選恢復用資料獲取失敗。,,
969,恢復失敗。,,
970,恢復準備工作失敗。,,
971,恢復任務失敗。,,
972,,,
973,正在搜索恢復用資料。,,
974,正在準備下載。,,
975,複製其他角色的設定資料,,
976,<hex:020703E80203><hex:022002DF03>/<hex:022002DE03>/<hex:022002DC03> <hex:022002DB03>:<hex:022402DA03>:<hex:022402D903>,,
977,,,
978,,,
979,System Config Backup Data,,
980,CONFIG BACKUP UPDATE INFORMATION,,
981,已確認。,,
982,自您上次備份<hex:02083FE4E80303FF05><hex:02100103><hex:FF33>客戶端通用設定數據<hex:020814E4E80302FF05><hex:02100103><hex:FF08><hex:02100103>及<hex:03><hex:03><hex:020834E4E80302FF01><hex:FF2C>最後登入角色的角色設定數據<hex:02100103><hex:03>已經過了<hex:022003E80203>天。<hex:02100103>推薦您定期更新備份數據。,,
983,自上次備份經過一段期間後進行通知。,,
984,※從系統設定中也可以變更通知設定。,,
985,OK,,
986,,,
987,複製指定角色的設定資料。<hex:02100103>※請根據需要使用備份功能。,,
988,,,
989,,,
990,,,
991,,,
992,,,
993,CHARACTER CONFIG COPY,,
994,請選擇想要複製的角色設定。,,
995,可以將其他角色的介面設定<hex:02100103>以及熱鍵欄鍵位等設定數據複製到當前角色。<hex:02100103>請選擇想要複製的角色。<hex:02100103>※最多顯示8位最近登入過遊戲的角色。,,
996,正在搜索其他角色的設定數據。,,
997,沒有找到可以複製的角色設定數據。,,
998,角色設定數據複製完成。<hex:02100103>該角色下次登入時將適用新的設定數據。,,
999,,,
1000,尾巴長度,,
1001,尾巴形狀,,
1002,,,
1003,最短,,
1004,,,
1005,,,
1006,,,
1007,最長,,
1008,,,
1009,,,
1010,,,
1011,,,
1012,,,
1013,毛紋,,
1014,毛色,,
1015,耳朵長度,,
1016,耳朵形狀,,
1017,胸圍,,
1018,最短,,
1019,,,
1020,,,
1021,,,
1022,最長,,
1023,類型1,,
1024,類型2,,
1025,類型3,,
1026,類型4,,
1027,,,
1028,最小,,
1029,,,
1030,,,
1031,,,
1032,最大,,
1033,耳朵形狀,,
1034,耳朵長度,,
1035,最短,,
1036,最長,,
1037,胸圍,,
1038,最小,,
1039,最大,,
1040,尾巴形狀,,
1041,尾巴長度,,
1042,最短,,
1043,最長,,
1044,牙齒長度,,
1045,刺青與裝飾,,
1046,刺青與裝飾顏色,,
1047,耳尖毛與眉毛與眼線,,
1048,,,
1049,,,
1050,類型1,,
1051,類型2,,
1052,類型3,,
1053,類型4,,
1054,,,
1055,類型1,,
1056,類型2,,
1057,類型3,,
1058,類型4,,
1059,類型5,,
1060,類型6,,
1061,,,
1062,,,
1063,,,
1064,,,
1065,類型1,,
1066,類型2,,
1067,類型3,,
1068,類型4,,
1069,類型5,,
1070,類型6,,
1071,,,
1072,,,
1073,,,
1074,,,
1075,較大,,
1076,較小,,
1077,,,
1078,,,
1079,,,
1080,類型1,,
1081,類型2,,
1082,類型3,,
1083,類型4,,
1084,類型5,,
1085,類型6,,
1086,,,
1087,,,
1088,,,
1089,,,
1090,類型1,,
1091,類型2,,
1092,類型3,,
1093,類型4,,
1094,,,
1095,,,
1096,,,
1097,,,
1098,,,
1099,,,
1100,移動到空閒伺服器,,
1101,為避免擁擠，暫時移動到空閒伺服器。<hex:02100103><hex:024804F2023703><hex:024904F2023803>·登入的伺服器將會由系統自動選擇<hex:02100103>·登入後將會從角色建立時所選城邦的乙太之光處開始<hex:0249020103><hex:0248020103><hex:02100103>相關注意事項可以查看下方跨界傳送的說明。,,
1102,確認跨界傳送的注意事項,,
1103,關閉,,
1104,移動到空閒伺服器,,
1105,取消,,
1106,正在移動到空閒伺服器，請稍候。,,
1107,現在無法使用此功能。,,
1108,距離上次移動時間過短，請經過一段時間後再嘗試移動。,,
1109,進行移動前，請先通過次級指令選擇「修改姓名」，確定好角色的新名字。,,
1110,進行移動前，請先通過次級指令選擇「修改僱員姓名」，確定好僱員的新名字。,,
1111,角色上次結束遊戲或掉線的地點為副本任務內，無法<hex:020842E1E80201FF1C>「返回原始伺服器」<hex:FF1F>「移動到空閒伺服器」<hex:03>。<hex:02100103>請先登入一次再進行該操作。,,
1112,角色還未完成遊戲的初始教學，無法移動到空閒伺服器。,,
1113,角色在陌迪翁牢獄內，無法<hex:020842E1E80201FF1C>「返回原始伺服器」<hex:FF1F>「移動到空閒伺服器」<hex:03>。,,
1114,現在「移動到空閒伺服器」服務暫時停用。,,
1115,沒能順利移動到空閒伺服器。請在經過一段時間後，通過次級指令再次嘗試。,,
1116,已經順利移動到<hex:022903EA0203>，可以正常進入遊戲。,,
1117,返回原始伺服器,,
1118,<hex:021E021903>滾動說明文,,
1119,,,
1120,,,
1121,,,
1122,,,
1123,,,
1124,,,
1125,,,
1126,,,
1127,,,
1128,,,
1129,,,
1130,,,
1131,,,
1132,,,
1133,,,
1134,,,
1135,,,
1136,,,
1137,,,
1138,,,
1139,,,
1140,,,
1141,,,
1142,,,
1143,,,
1144,,,
1145,,,
1146,,,
1147,,,
1148,,,
1149,,,
1150,前往其他資料中心遊玩,,
1151,返回原始資料中心,,
1152,TRAVELED FROM,,
1153,TRAVELED TO,,
1154,<hex:022903EA0203> [ <hex:022903EA0303> ],,
1155,前往其他資料中心的伺服器進行遊玩吧！<hex:02100103>在其他資料中心依舊可以自由組隊、參加招募、購買物品以及進行任務。<hex:02100103>盡情享受超域傳送帶來的樂趣吧！<hex:02100103><hex:02100103>※通過超域傳送去往其他伺服器時無法使用原始資料中心的通訊貝和部隊，此外還有其他部分限制，敬請諒解。,,
1156,查看超域傳送的注意事項,,
1157,,,
1158,選擇伺服器,,
1159,取消,,
1160,,,
1161,關閉,,
1162,請選擇想去遊玩的資料中心和伺服器。<hex:02100103>預測需要時間：<hex:0208C5E3E8023DFF0E>不到1分鐘<hex:FFB0><hex:0208ACE3E80279FF0E>不到2分鐘<hex:FF97><hex:020893E3E802B5FF0E>不到3分鐘<hex:FF7E><hex:02087AE3E802F2012CFF0E>不到5分鐘<hex:FF63><hex:02085FE3E802F20258FF0F>不到10分鐘<hex:FF47><hex:020843E3E802F204B0FF0F>不到20分鐘<hex:FF2B>當前擁擠，可能花費很長時間。<hex:03><hex:03><hex:03><hex:03><hex:03><hex:03>,,
1163,返回原始資料中心的原始伺服器。<hex:02100103>預測需要時間：<hex:0208C5E3E8023DFF0E>不到1分鐘<hex:FFB0><hex:0208ACE3E80279FF0E>不到2分鐘<hex:FF97><hex:020893E3E802B5FF0E>不到3分鐘<hex:FF7E><hex:02087AE3E802F2012CFF0E>不到5分鐘<hex:FF63><hex:02085FE3E802F20258FF0F>不到10分鐘<hex:FF47><hex:020843E3E802F204B0FF0F>不到20分鐘<hex:FF2B>當前擁擠，可能花費很長時間。<hex:03><hex:03><hex:03><hex:03><hex:03><hex:03>,,
1164,DATA CENTER,,
1165,WORLD,,
1166,確定,,
1167,取消,,
1168,❖<hex:022903EA0203>,,
1169,正在獲取伺服器情報。,,
1170,將角色「<hex:022903EA0203><hex:0212025903><hex:022903EA0303>」移動至<hex:02100103>資料中心「<hex:022903EA0403>」的伺服器「<hex:022903EA0503>」。<hex:02100103><hex:02100103>預測需要時間：<hex:0208C5E3E8063DFF0E>不到1分鐘<hex:FFB0><hex:0208ACE3E80279FF0E>不到2分鐘<hex:FF97><hex:020893E3E802B5FF0E>不到3分鐘<hex:FF7E><hex:02087AE3E806F2012CFF0E>不到5分鐘<hex:FF63><hex:02085FE3E806F20258FF0F>不到10分鐘<hex:FF47><hex:020843E3E806F204B0FF0F>不到20分鐘<hex:FF2B>當前擁擠，可能花費很長時間。<hex:03><hex:03><hex:03><hex:03><hex:03><hex:03><hex:02100103><hex:02100103><hex:024804F2023703><hex:024904F2023803>角色移動時的注意事項<hex:02100103>・在角色完成移動前無法取消。<hex:02100103>・在角色完成移動前，無法使用其他角色進入遊戲。<hex:02100103>敬請諒解。<hex:0249020103><hex:0248020103>,,
1171,執行,,
1172,返回上一步,,
1173,角色正在進行超域傳送，請等待傳送完成。<hex:02100103>預測需要時間：<hex:0208C5E3E8023DFF0E>不到1分鐘<hex:FFB0><hex:0208ACE3E80279FF0E>不到2分鐘<hex:FF97><hex:020893E3E802B5FF0E>不到3分鐘<hex:FF7E><hex:02087AE3E802F2012CFF0E>不到5分鐘<hex:FF63><hex:02085FE3E802F20258FF0F>不到10分鐘<hex:FF47><hex:020843E3E802F204B0FF0F>不到20分鐘<hex:FF2B>當前擁擠，可能花費很長時間。<hex:03><hex:03><hex:03><hex:03><hex:03><hex:03>,,
1174,角色「<hex:022903EA0203><hex:0212025903><hex:022903EA0303>」已經移動至<hex:02100103>資料中心「<hex:022903EA0403>」的伺服器「<hex:022903EA0503>」！,,
1175,該角色正在<hex:022903EA0203>資料中心遊玩。,,
1176,以該角色登入遊戲需要修改姓名。修改姓名需要返回原始伺服器。,,
1177,以該角色登入遊戲需要修改僱員姓名。修改僱員姓名需要返回原始伺服器。,,
1178,為修改角色姓名和僱員姓名，即將返回原始伺服器。<hex:02100103>修改姓名登入後，將會從角色建立時所選城邦的乙太之光處開始。,,
1179,正在返回原始伺服器，請稍後。,,
1180,現在無法使用此功能。,,
1181,距離上次返回時間過短，請經過一段時間後再嘗試返回。,,
1182,沒能順利返回原始伺服器。請在經過一段時間後，通過次級指令再次嘗試。,,
1183,已經順利返回原始伺服器。,,
1184,以該角色登入遊戲需要修改姓名。修改姓名需要返回原始伺服器。,,
1185,以該角色登入遊戲需要修改僱員姓名。修改僱員姓名需要返回原始伺服器。,,
1186,返回原始伺服器,,
1187,已經過時間：,,
1188,選擇資料中心,,
1189,選擇伺服器,,
1190,執行,,
1191,將角色「<hex:022903EA0203><hex:0212025903><hex:022903EA0303>」返回至<hex:02100103>原始資料中心「<hex:022903EA0403>」的原始伺服器「<hex:022903EA0503>」。<hex:02100103>預測需要時間：<hex:0208C5E3E8063DFF0E>不到1分鐘<hex:FFB0><hex:0208ACE3E80279FF0E>不到2分鐘<hex:FF97><hex:020893E3E802B5FF0E>不到3分鐘<hex:FF7E><hex:02087AE3E806F2012CFF0E>不到5分鐘<hex:FF63><hex:02085FE3E806F20258FF0F>不到10分鐘<hex:FF47><hex:020843E3E806F204B0FF0F>不到20分鐘<hex:FF2B>當前擁擠，可能花費很長時間。<hex:03><hex:03><hex:03><hex:03><hex:03><hex:03><hex:02100103><hex:02100103><hex:024804F2023703><hex:024904F2023803>角色移動時的注意事項<hex:02100103>・在角色完成移動前無法取消。<hex:02100103>・在角色完成移動前，無法使用其他角色進入遊戲。<hex:02100103>敬請諒解。<hex:0249020103><hex:0248020103>,,
1192,處於其他資料中心時，<hex:02100103>角色情報簡化顯示。,,
1193,,,
1194,,,
1195,,,
1196,,,
1197,,,
1198,,,
1199,,,
1200,當前無法使用<hex:020848E1E80301FF1C>「返回原始伺服器」<hex:FF25>「前往其他資料中心遊玩」<hex:03>功能。<hex:020815E1E80201FF0D><hex:02100103>[<hex:022003E80203>]<hex:FF01><hex:03>,,
1201,現在所選的資料中心中沒有相同地域的其他資料中心，因此無法使用「前往其他資料中心遊玩」。,,
1202,需要經過一定時間才可再次執行<hex:020848E1E80201FF1C>「返回原始伺服器」<hex:FF25>「前往其他資料中心遊玩」<hex:03>。,,
1203,進行移動前，請先通過次級指令選擇「修改姓名」，確定好角色的新名字。,,
1204,進行移動前，請先通過次級指令選擇「修改僱員姓名」，確定好僱員的新名字。,,
1205,角色在陌迪翁牢獄內，無法使用<hex:020848E1E80201FF1C>「返回原始伺服器」<hex:FF25>「前往其他資料中心遊玩」<hex:03>功能。,,
1206,角色還未完成遊戲的初始教學，無法前往其他資料中心遊玩。,,
1207,前往其他資料中心遊玩時，需要角色處於原始伺服器。,,
1208,沒能順利<hex:020848E1E80301FF1C>「返回原始伺服器」<hex:FF25>「前往其他資料中心遊玩」<hex:03>。請在經過一段時間後，通過次級指令再次嘗試。<hex:020815E1E80201FF0D><hex:02100103>[<hex:022003E80203>]<hex:FF01><hex:03>,,
1209,<hex:020848E1E80301FF1C>「返回原始伺服器」<hex:FF25>「前往其他資料中心遊玩」<hex:03>功能臨時維護中。<hex:020815E1E80201FF0D><hex:02100103>[<hex:022003E80203>]<hex:FF01><hex:03>,,
1210,沒能順利<hex:020848E1E80301FF1C>「返回原始伺服器」<hex:FF25>「前往其他資料中心遊玩」<hex:03>。<hex:020815E1E80201FF0D><hex:02100103>[<hex:022003E80203>]<hex:FF01><hex:03>,,
1211,角色上次結束遊戲或掉線的地點為副本任務內，無法<hex:020848E1E80301FF1C>「返回原始伺服器」<hex:FF25>「前往其他資料中心遊玩」<hex:03>。<hex:02100103>請先登入一次再進行該操作。,,
1212,通過「前往其他資料中心遊玩」所選擇的伺服器「<hex:022903EA0203>」中可建立的角色數已達上限，無法移動。,,
1213,無法在原始資料中心以外的資料中心執行「前往其他資料中心遊玩」。,,
1214,「返回原始伺服器」時選擇的伺服器「<hex:022903EA0203>」，不是該角色的原始伺服器。,,
1215,通過「前往其他資料中心遊玩」所選擇的伺服器「<hex:022903EA0203>」是當前資料中心內的伺服器，請使用跨界傳送進行移動。,,
1216,通過「前往其他資料中心遊玩」所選擇的伺服器「<hex:022903EA0203>」是其他地域資料中心的伺服器，無法移動。,,
1217,通過「前往其他資料中心遊玩」所選擇的伺服器「<hex:022903EA0203>」是當前所在伺服器，處理中斷。,,
1218,目前無法移動至通過<hex:020848E1E80301FF1C>「返回原始伺服器」<hex:FF25>「前往其他資料中心遊玩」<hex:03>所選擇的伺服器「<hex:022903EA0203>」。,,
1219,部分遊戲資料出現錯誤，無法<hex:02083CE1E80201FF16>返回原始伺服器<hex:FF1F>前往其他資料中心遊玩<hex:03>。請聯繫服務台或客服。<hex:020815E1E80301FF0D><hex:02100103>[<hex:022003E80303>]<hex:FF01><hex:03>,,
1220,發生錯誤，伺服器無響應。<hex:020815E1E80201FF0D><hex:02100103>[<hex:022003E80203>]<hex:FF01><hex:03>,,
1221,組隊情況下無法<hex:02083CE1E80201FF16>返回原始伺服器<hex:FF1F>前往其他資料中心遊玩<hex:03>。,,
1222,更多操作選項,,
1223,獲取角色情報,,
1224,為緩解登入壓力而簡化顯示角色情報時，使用此指令可以正常獲取角色情報，以便進行改名或重新編輯角色等操作。,,
1225,確定要從伺服器獲取此角色的情報嗎？,,
1226,正在獲取角色情報。,,
1227,修改姓名前，需要先獲取角色情報。,,
1228,修改僱員姓名前，需要先獲取角色情報。,,
1229,此角色需要修改姓名才可登入。請先獲取角色情報，然後修改姓名。,,
1230,此角色需要修改僱員姓名才可登入。請先獲取角色情報，然後修改僱員姓名。,,
1231,返回原始伺服器。<hex:02100103>登入時將會從角色建立時所選城邦的乙太之光進入遊戲。,,
1232,此角色需要返回原始伺服器修改姓名後才可使用「移動到空閒伺服器」功能。,,
1233,此角色需要返回原始伺服器修改僱員姓名後才可使用「移動到空閒伺服器」功能。,,
1234,您此前從未連接過<hex:022903EA0203>伺服器所在的<hex:022903EA0303>，無法進行超域傳送。<hex:02100103>請退出遊戲，在登入器中選擇<hex:022903EA0303>後開始遊戲，直到進入該資料中心的角色選擇介面。此後就可以向該資料中心進行超域傳送了。,,
1235,您在<hex:022903EA0203>伺服器所在的<hex:022903EA0303>中建立的角色數量已達到上限，無法使用超域傳送前往該資料中心。<hex:02100103>只有建立在目標伺服器所在資料中心的角色數量未達到上限時，才能通過超域傳送前往目標伺服器。請調整<hex:022903EA0303>的角色數量後，再次嘗試超域傳送。,,
1236,該賬號正在遊戲中。請在經過一段時間後，通過次級指令再次嘗試。,,
1237,沒能在此資料中心找到當前設備記錄的最後一個登出角色。<hex:02100103>請前往其他資料中心查看。,,
1238,<hex:024804F201FA03><hex:024904F201FB03>此伺服器當前擁擠，限制了原始伺服器之外的角色登入，因此無法返回副本任務。<hex:0249020103><hex:0248020103><hex:02100103>如果執行「退出副本任務」，可選擇「返回原始伺服器」然後在原始伺服器登入遊戲。<hex:02100103>要退出副本任務嗎？,,
1239,開始執行退出副本任務，請稍候。,,
1240,正在退出副本任務。<hex:02100103><hex:024804F201FA03><hex:024904F201FB03>這可能需要花費5分鐘時間。<hex:0249020103><hex:0248020103><hex:02100103>請稍等一會再執行移動到其他伺服器的操作。,,
1241,退出副本任務還未完成，請稍後再試。,,
1242,已確認,,
1243,您選中的<hex:022903EA0203>伺服器所在的<hex:022903EA0303>資料中心帳號資訊需要更新，無法進行超域傳送。<hex:02100103>請退出遊戲，在登入器中選擇<hex:022903EA0303>後開始遊戲，直到進入該資料中心的角色選擇介面。此後就可以向該資料中心進行超域傳送了。,,
1244,,,
1245,,,
1246,,,
1247,,,
1248,,,
1249,,,
1250,,,
1251,,,
1252,,,
1253,,,
1254,,,
1255,,,
1256,,,
1257,,,
1258,,,
1259,,,
1260,,,
1261,,,
1262,,,
1263,,,
1264,,,
1265,,,
1266,,,
1267,,,
1268,,,
1269,,,
1270,,,
1271,,,
1272,,,
1273,,,
1274,,,
1275,,,
1276,,,
1277,,,
1278,,,
1279,,,
1280,,,
1281,,,
1282,,,
1283,,,
1284,,,
1285,,,
1286,,,
1287,,,
1288,,,
1289,,,
1290,,,
1291,,,
1292,,,
1293,,,
1294,,,
1295,,,
1296,,,
1297,,,
1298,,,
1299,,,
1300,,,
1301,,,
1302,,,
1303,,,
1304,,,
1305,,,
1306,,,
1307,,,
1308,,,
1309,,,
1310,,,
1311,,,
1312,,,
1313,,,
1314,,,
1315,,,
1316,,,
1317,,,
1318,,,
1319,,,
1320,,,
1321,,,
1322,,,
1323,,,
1324,,,
1325,,,
1326,,,
1327,,,
1328,,,
1329,,,
1330,,,
1331,,,
1332,,,
1333,,,
1334,,,
1335,,,
1336,,,
1337,,,
1338,,,
1339,,,
1340,,,
1341,,,
1342,,,
1343,,,
1344,,,
1345,,,
1346,,,
1347,,,
1348,,,
1349,,,
1350,,,
1351,,,
1352,,,
1353,,,
1354,,,
1355,,,
1356,,,
1357,,,
1358,,,
1359,,,
1360,,,
1361,,,
1362,,,
1363,,,
1364,,,
1365,,,
1366,,,
1367,,,
1368,,,
1369,,,
1370,,,
1371,,,
1372,,,
1373,,,
1374,,,
1375,,,
1376,,,
1377,,,
1378,,,
1379,,,
1380,,,
1381,,,
1382,,,
1383,,,
1384,,,
1385,,,
1386,,,
1387,,,
1388,,,
1389,,,
1390,,,
1391,,,
1392,,,
1393,,,
1394,,,
1395,,,
1396,,,
1397,,,
1398,,,
1399,,,
1400,,,
1401,,,
1402,,,
1403,,,
1404,,,
1405,,,
1406,,,
1407,,,
1408,,,
1409,,,
1410,,,
1411,,,
1412,,,
1413,,,
1414,,,
1415,,,
1416,,,
1417,,,
1418,,,
1419,,,
1420,,,
1421,,,
1422,,,
1423,,,
1424,,,
1425,,,
1426,,,
1427,,,
1428,,,
1429,,,
1430,,,
1431,,,
1432,,,
1433,,,
1434,,,
1435,,,
1436,,,
1437,,,
1438,,,
1439,,,
1440,,,
1441,,,
1442,,,
1443,,,
1444,,,
1445,,,
1446,,,
1447,,,
1448,,,
1449,,,
1450,,,
1451,,,
1452,,,
1453,,,
1454,,,
1455,,,
1456,,,
1457,,,
1458,,,
1459,,,
1460,,,
1461,,,
1462,,,
1463,,,
1464,,,
1465,,,
1466,,,
1467,,,
1468,,,
1469,,,
1470,,,
1471,,,
1472,,,
1473,,,
1474,,,
1475,,,
1476,,,
1477,,,
1478,,,
1479,,,
1480,,,
1481,,,
1482,,,
1483,,,
1484,,,
1485,,,
1486,,,
1487,,,
1488,,,
1489,,,
1490,,,
1491,,,
1492,,,
1493,,,
1494,,,
1495,,,
1496,,,
1497,,,
1498,,,
1499,,,
1500,,,
1501,,,
1502,,,
1503,,,
1504,,,
1505,,,
1506,,,
1507,,,
1508,,,
1509,,,
1510,,,
1511,,,
1512,,,
1513,,,
1514,,,
1515,,,
1516,,,
1517,,,
1518,,,
1519,,,
1520,,,
1521,,,
1522,,,
1523,,,
1524,,,
1525,,,
1526,,,
1527,,,
1528,,,
1529,,,
1530,,,
1531,,,
1532,,,
1533,,,
1534,,,
1535,,,
1536,,,
1537,,,
1538,,,
1539,,,
1540,,,
1541,,,
1542,,,
1543,,,
1544,,,
1545,,,
1546,,,
1547,,,
1548,,,
1549,,,
1550,,,
1551,,,
1552,,,
1553,,,
1554,,,
1555,,,
1556,,,
1557,,,
1558,,,
1559,,,
1560,,,
1561,,,
1562,,,
1563,,,
1564,,,
1565,,,
1566,,,
1567,,,
1568,,,
1569,,,
1570,,,
1571,,,
1572,,,
1573,,,
1574,,,
1575,,,
1576,,,
1577,,,
1578,,,
1579,,,
1580,,,
1581,,,
1582,,,
1583,,,
1584,,,
1585,,,
1586,,,
1587,,,
1588,,,
1589,,,
1590,,,
1591,,,
1592,,,
1593,,,
1594,,,
1595,,,
1596,,,
1597,,,
1598,,,
1599,,,
1600,,,
1601,,,
1602,,,
1603,,,
1604,,,
1605,,,
1606,,,
1607,,,
1608,,,
1609,,,
1610,,,
1611,,,
1612,,,
1613,,,
1614,,,
1615,,,
1616,,,
1617,,,
1618,,,
1619,,,
1620,,,
1621,,,
1622,,,
1623,,,
1624,,,
1625,,,
1626,,,
1627,,,
1628,,,
1629,,,
1630,,,
1631,,,
1632,,,
1633,,,
1634,,,
1635,,,
1636,,,
1637,,,
1638,,,
1639,,,
1640,,,
1641,,,
1642,,,
1643,,,
1644,,,
1645,,,
1646,,,
1647,,,
1648,,,
1649,,,
1650,,,
1651,,,
1652,,,
1653,,,
1654,,,
1655,,,
1656,,,
1657,,,
1658,,,
1659,,,
1660,,,
1661,,,
1662,,,
1663,,,
1664,,,
1665,,,
1666,,,
1667,,,
1668,,,
1669,,,
1670,,,
1671,,,
1672,,,
1673,,,
1674,,,
1675,,,
1676,,,
1677,,,
1678,,,
1679,,,
1680,,,
1681,,,
1682,,,
1683,,,
1684,,,
1685,,,
1686,,,
1687,,,
1688,,,
1689,,,
1690,,,
1691,,,
1692,,,
1693,,,
1694,,,
1695,,,
1696,,,
1697,,,
1698,,,
1699,,,
1700,,,
1701,,,
1702,,,
1703,,,
1704,,,
1705,,,
1706,,,
1707,,,
1708,,,
1709,,,
1710,,,
1711,,,
1712,,,
1713,,,
1714,,,
1715,,,
1716,,,
1717,,,
1718,,,
1719,,,
1720,,,
1721,,,
1722,,,
1723,,,
1724,,,
1725,,,
1726,,,
1727,,,
1728,,,
1729,,,
1730,,,
1731,,,
1732,,,
1733,,,
1734,,,
1735,,,
1736,,,
1737,,,
1738,,,
1739,,,
1740,鬍鬚與傷痕等,,
1741,黑痣與傷痕等,,
1742,刺青,,
1743,耳飾,,
1744,刺青顏色,,
1745,耳飾顏色,,
1746,瞳孔輪廓,,
1747,鱗片與飾品,,
1748,瞳孔輪廓顏色,,
1749,刺青與裝飾,,
1750,刺青與裝飾顏色,,
1751,黑痣與裝飾等,,
1752,,,
1753,牙齒長度,,
1754,,,
1755,刺青與裝飾,,
1756,刺青與裝飾顏色,,
1757,,,
1758,,,
1759,,,
1760,,,
1761,,,
1762,,,
1763,,,
1764,,,
1765,,,
1766,,,
1767,,,
1768,,,
1769,,,
1770,,,
1771,,,
1772,,,
1773,,,
1774,,,
1775,,,
1776,,,
1777,,,
1778,,,
1779,,,
1780,,,
1781,,,
1782,,,
1783,,,
1784,,,
1785,,,
1786,,,
1787,,,
1788,,,
1789,,,
1790,,,
1791,,,
1792,,,
1793,,,
1794,,,
1795,,,
1796,,,
1797,,,
1798,,,
1799,,,
1800,確定要取消登入嗎？,,
1801,一段時間內沒有進行任何操作，已經自動登出遊戲。,,
1802,,,
1803,,,
1804,,,
1805,,,
1806,,,
1807,,,
1808,,,
1809,,,
1810,,,
1811,,,
1812,,,
1813,,,
1814,,,
1815,,,
1816,,,
1817,,,
1818,,,
1819,,,
1820,,,
1821,,,
1822,,,
1823,,,
1824,,,
1825,,,
1826,,,
1827,,,
1828,,,
1829,,,
1830,,,
1831,,,
1832,,,
1833,,,
1834,,,
1835,,,
1836,,,
1837,,,
1838,,,
1839,,,
1840,,,
1841,,,
1842,,,
1843,,,
1844,,,
1845,,,
1846,,,
1847,,,
1848,,,
1849,,,
1850,,,
1851,,,
1852,,,
1853,,,
1854,,,
1855,,,
1856,,,
1857,,,
1858,,,
1859,,,
1860,,,
1861,,,
1862,,,
1863,,,
1864,,,
1865,,,
1866,,,
1867,,,
1868,,,
1869,,,
1870,,,
1871,,,
1872,,,
1873,,,
1874,,,
1875,,,
1876,,,
1877,,,
1878,,,
1879,,,
1880,,,
1881,,,
1882,,,
1883,,,
1884,,,
1885,,,
1886,,,
1887,,,
1888,,,
1889,,,
1890,,,
1891,,,
1892,,,
1893,,,
1894,,,
1895,,,
1896,,,
1897,,,
1898,,,
1899,,,
1900,,,
1901,,,
1902,,,
1903,,,
1904,,,
1905,,,
1906,,,
1907,,,
1908,,,
1909,,,
1910,,,
1911,,,
1912,,,
1913,,,
1914,,,
1915,,,
1916,,,
1917,,,
1918,,,
1919,,,
1920,,,
1921,,,
1922,,,
1923,,,
1924,,,
1925,,,
1926,,,
1927,,,
1928,,,
1929,,,
1930,,,
1931,,,
1932,,,
1933,,,
1934,,,
1935,,,
1936,,,
1937,,,
1938,,,
1939,,,
1940,,,
1941,,,
1942,,,
1943,,,
1944,,,
1945,,,
1946,,,
1947,,,
1948,,,
1949,,,
1950,請選擇角色種族及性別。,,
1951,請選擇角色部族。,,
1952,請選擇角色性別。,,
1953,請設定角色特徵。,,
1954,請設定角色命名日期。<hex:02100103><hex:02100103><hex:0248020203><hex:0249022503>角色的生日對遊戲進程沒有任何影響。<hex:0249020103><hex:0248020103>,,
1955,請選擇角色守護神。<hex:02100103><hex:02100103><hex:0248020203><hex:0249022503>角色的守護神對遊戲進程沒有任何影響。<hex:0249020103><hex:0248020103>,,
1956,請選擇開始遊戲時的職業。,,
1957,請選擇角色所在伺服器。,,
1958,請設定角色姓名。,,
1959,請修改角色姓名。,,
1960,將當前的預覽服裝設為僱員的正式服裝。遊戲中僱員將會穿著這套服裝出現。,,
1961,將角色的預覽服裝更換為初期裝備。此套服裝在遊戲開始時會作為預設裝備。,,
1962,將角色的預覽服裝更換為所選初始職業成長後對應的特職專有裝備。為角色選擇戰鬥職業之後即可查看。,,
1963,將角色的預覽服裝更換為內衣。此套服裝在遊戲中將裝備卸除後即可看到。,,
1964,將角色的姿勢設定為站姿。可以方便地查看各個細節。,,
1965,預覽角色各種情感動作的表現。可以方便地確認角色的動作習慣。,,
1966,,,
1967,將背景畫面與環境切換到「乙太空間」。,,
1968,將背景畫面與環境切換到「森林場景」。,,
1969,將背景畫面與環境切換到「室內」。,,
1970,放棄未完成的角色，退出角色建立。,,
1971,將背景畫面與環境切換到「海岸場景」。,,
1972,將背景畫面與環境切換到「荒野場景」。,,
1973,EORZEAN CALENDAR,,"艾歐澤亞歷，星與靈雙極性交互輪迴之月，依6屬性順次排列，從而成為一「年」。
（※所選月日對應的新曆日期會顯示在畫面下部）"
1974,<hex:02280EFF09>ClassJob<hex:E8021F03>   Lv.<hex:022003E80303>,,
1975,<hex:02280EFF09>ClassJob<hex:E8020103>,,
1976,調整系統設定。,,
1977,調整背景的打光方式及時間。,,
1978,調整外景環境背景的天氣。,,
1979,調整視角操作。,,
1980,Limsa Lominsa,,"利姆薩·羅敏薩濱海城邦位於羅塔諾內海上的威爾布蘭德島的南岸，統轄著威爾布蘭德島的南部地區。
利姆薩·羅敏薩的人民用鐵橋將散布在海灣內的無數小島和岩礁連接到了一起，並以白堊為材料搭建了街道及各種建築。
城邦的領袖叫做「提督」，是由城邦居民所選舉出來。提督負責管理城邦的各項事務，並且掌管著強大的海軍。
雖然這裡的海軍幾乎將艾歐澤亞近海的制海權完全掌握到手中，不過時而也會有海賊事件發生。"
1981,Gridania,,"格里達尼亞田園城邦位於阿爾迪納德次大陸的東部，統轄著周圍茂盛的森林和眾多的河流。
格里達尼亞的人民在城內無數的運河上搭建了水車，並以樹木為材料搭建了街道及各種建築。
城邦中有著以鬼哭隊為首的多個獵人部隊，他們經常在森林中巡邏，以守護城邦的安全。"
1982,Ul‘dah,,"烏爾達哈貿易城邦位於阿爾迪納德次大陸的南部，統轄著周圍荒涼的沙漠與戈壁。
烏爾達哈的城鎮四周建有高大的城牆，內部則建有鬥技場及游技場等設施。以穹頂城堡為中心形成了圓周型的城鎮。 
雖然官方聲稱城邦元首在歷史上歷來都是烏爾達哈王朝的女王，然而實際上則是由被稱為沙蠍眾的6名領導人實行寡頭制來管理事務。 "
1983,,,
1984,角色名字只能使用英文字母、撇號和減號。<hex:02100103>First Name / Family Name 單格2個字以上15個字以內，<hex:02100103>兩者加起來不得超過20個字。 <hex:02100103>撇號和減號不得放在名字的最前面和連續使用。 ,,
1985,角色名字只能使用英文字母、撇號和減號。<hex:02100103>長度在3個字以上20個字以內。 <hex:02100103>撇號和減號不得放在名字的最前面和連續使用。 ,,
1986,,,
1987,,,
1988,,,
1989,,,
1990,將角色的預覽服裝更換當前遊戲內裝備。隨裝備情況不同可能會將面部及頭髮遮蓋住。,,
1991,將背景畫面與環境切換到「乙太空間」。,,
1992,將背景畫面與環境切換到「森林場景」。,,
1993,將背景畫面與環境切換到「室內」。,,
1994,放棄未編輯完的角色，退出角色編輯。,,
1995,將背景畫面與環境切換到「海岸場景」。,,
1996,將背景畫面與環境切換到「荒野場景」。,,
1997,,,
1998,,,
1999,,,
2000,© SQUARE ENIX,,
2001,GAME START,,
2002,EXIT,,
2003,SYSTEM CONFIG,,
2004,OPENING MOVIE,,
2005,,,
2006,DATA CENTER,,
2007,OPENING MOVIE,,
2008,A REALM REBORN DEMO & TITLE,,
2009,BACK,,
2010,CHARACTER SELECT,,
2011,MOVIE & TITLE VERSIONS,,
2012,HEAVENSWARD DEMO & TITLE,,
2013,STORMBLOOD DEMO & TITLE,,
2014,SHADOWBRINGERS DEMO & TITLE,,
2015,RACE&GENDER,,
2016,TRIBE,,
2017,BIRTHDAY,,
2018,GUARDIAN,,
2019,CLASS,,
2020,LOCATION,,
2021,WORLD VISIT,,
2022,ENDWALKER DEMO & TITLE,,
2023,DAWNTRAIL DEMO & TITLE,,
2024,,,
2025,選擇伺服器,,
2026,,,
2027,建立新角色,,
2028,SAVED CHARACTERS,,
2029,,,
2030,WORLD SELECT,,
2031,,,
2032,,,
2033,World List,,
2034,,,
2035,名字,,
2036,姓氏,,
2037,變更,,
2038,CHARACTER NAME,,
2039,請更改角色姓名。,,
2040,RETAINER NAME,,
2041,請更改僱員姓名。,,
2042,,,
2043,隨機生成<hex:02092FE803FF15><hex:02280BFF06>Tribe<hex:E8020103>男性<hex:FF15><hex:02280BFF06>Tribe<hex:E8020203>女性<hex:03>風格的名字。<hex:02100103>生成之後的名字可以直接進行編輯。,,
2044,要使用已保存的角色形象嗎？,,
2045,自動選擇了<hex:022903EA0203>伺服器，<hex:02100103>確定進入下一步嗎？,,
2046,選擇其它伺服器,,
2047,返回,,
2048,,,
2049,,,
2050,OK,,
2051,CANCEL,,
2052,RETURN,,
2053,UPDATE,,
2054,,,
2055,CHARACTER CREATION,,
2056,CHARACTER CUSTOMIZE,,
2057,LICENSE,,
2058,OPTIONS,,
2059,INSTALL INFO,,
2060,POSE,,
2061,普通,,
2062,獨有,,
2063,隨機,,
2064,服裝,,
2065,種族,,
2066,特職,,
2067,內衣,,
2068,僱員,,
2069,裝備,,
2070,環境,,
2071,早上,,
2072,中午,,
2073,傍晚,,
2074,深夜,,
2075,晝間,,
2076,夜間,,
2077,Head/Facewear off,,
2078,在角色預覽中摘除頭部、耳部、頸部裝備及眼鏡，以便更好地查看角色的臉部及髮型。,,
2079,,,
2080,1,,
2081,1,,
2082,2,,
2083,2,,
2084,3,,
2085,3,,
2086,4,,
2087,4,,
2088,5,,
2089,5,,
2090,6,,
2091,6,,
2092,,,
2093,,,
2094,,,
2095,燈光1,,
2096,燈光2,,
2097,,,
2098,,,
2099,,,
2100,姓名,,
2101,名字,,
2102,姓氏,,
2103,,,
2104,確定,,
2105,"First Name, Family Name<hex:02100103>名字單格長度在2個字以上15個字以內，兩格相加需在20個字以內。<hex:02100103><hex:02100103>名字不能與他人重複。<hex:02100103><hex:02100103>只能使用英文字母和‘號。",,
2106,隨機生成<hex:02092FE803FF15><hex:02280BFF06>Tribe<hex:E8020103>男性<hex:FF15><hex:02280BFF06>Tribe<hex:E8020203>女性<hex:03>風格的名字。<hex:02100103>生成之後的名字可以直接進行編輯。,,
2107,,,
2108,,,
2109,,,
2110,©,,
2111,®,,
2112,,,
2113,,,
2114,,,
2115,,,
2116,,,
2117,,,
2118,,,
2119,,,
2120,ORIGIN,,
2121,NEW,,
2122,濃豔,,
2123,清淡,,
2124,雙眼顏色,,
2125,虹膜異色,,
2126,隨機生成,,
2127,無,,
2128,髮色,,
2129,挑染,,
2130,PING STATUS,,
2131,,,
2132,,,
2133,返回當前容貌,,
2134,紋染,,
2135,反轉,,
2136,,,
2137,,,
2138,,,
2139,,,
2140,CHARACTER DATA IMPORT,,
2141,在「最終幻想XIV」文件夾下檢測到了角色資料。<hex:02100103>請選擇要導入的角色。,,
2142,資料,,
2143,儲存編號,,
2144,部族/性別,,
2145,,,
2146,沒有找到已保存的角色資料。,,
2147,所選資料為<hex:020703E80203><hex:022002DF03>/<hex:022002DE03>/<hex:022002DC03> <hex:022002DB03>:<hex:022402DA03>保存在資料欄<hex:022003E80303>的<hex:020929E805FF12><hex:02280BFF06>Tribe<hex:E8040103>男<hex:FF12><hex:02280BFF06>Tribe<hex:E8040203>女<hex:03>。讀取該資料需要安裝«<hex:02280FFF0A>ExVersion<hex:E8060103>»。,,
2148,,,
2149,,,
2150,CHARACTER DATA EXPORT,,
2151,請選擇保存資料的位置,,
2152,資料,,
2153,儲存編號,,
2154,部族/性別,,
2155,,,
2156,,,
2157,,,
2158,,,
2159,,,
2160,將<hex:020929E803FF12><hex:02280BFF06>Tribe<hex:E8020103>男<hex:FF12><hex:02280BFF06>Tribe<hex:E8020203>女<hex:03>的形象存到臨時資料欄<hex:022003E80403>中。,,
2161,備註,,
2162,保存,,
2163,取消,,
2164,讀取在<hex:020703E80203><hex:022002DF03>/<hex:022002DE03>/<hex:022002DC03> <hex:022002DB03>:<hex:022402DA03>保存的<hex:022003E80303>號<hex:020929E805FF12><hex:02280BFF06>Tribe<hex:E8040103>男<hex:FF12><hex:02280BFF06>Tribe<hex:E8040203>女<hex:03>角色形象。,,
2165,確定,,
2166,取消,,
2167,讀取1.0版本<hex:022903EA0203>伺服器中<hex:022903EA0303>的角色形象：<hex:02092FE805FF15><hex:02280BFF06>Tribe<hex:E8040103>男性<hex:FF15><hex:02280BFF06>Tribe<hex:E8040203>女性<hex:03>。,,
2168,讀取1.0版本臨時存檔<hex:022003E80303>中的角色形象：<hex:02092FE805FF15><hex:02280BFF06>Tribe<hex:E8040103>男性<hex:FF15><hex:02280BFF06>Tribe<hex:E8040203>女性<hex:03>。,,
2169,確定要覆蓋掉<hex:020703E80203><hex:022002DF03>/<hex:022002DE03>/<hex:022002DC03> <hex:022002DB03>:<hex:022402DA03>保存在資料欄<hex:022003E80303>的<hex:020929E805FF12><hex:02280BFF06>Tribe<hex:E8040103>男<hex:FF12><hex:02280BFF06>Tribe<hex:E8040203>女<hex:03>嗎？,,
2170,（1.0版）,,
2171,（β版）,,
2172,（基準測試）,,
2173,<hex:020703E80203><hex:022002DF03>/<hex:022002DE03>/<hex:022002DC03>保存,,
2174,臨時資料欄<hex:022003E80203>,,
2175,<hex:020929E803FF12><hex:02280BFF06>Tribe<hex:E8020103>男<hex:FF12><hex:02280BFF06>Tribe<hex:E8020203>女<hex:03>,,
2176,要保存目前的形象嗎？<hex:02100103>今後建立新角色時，可以讀取已保存的角色形象，快速完成角色的建立。,,
2177,是,,
2178,否,,
2179,無法讀取已有的形象資料，文件格式錯誤或文件已損壞。,,
2180,確定,,
2181,要讀取已保存的形象嗎？<hex:02100103>當前編輯中的形象將會消失。,,
2182,是,,
2183,否,,
2184,保存完畢。,,
2185,保存失敗。,,
2186,確定,,
2187,保存建立完畢的形象嗎？保存後的形象可以在建立角色選單中查看，同時在«最終幻想14»正式版遊戲中也可以繼承已保存的形象。,,
2188,不相容資料,,
2189,要覆蓋資料嗎？<hex:02100103><hex:020703E80203><hex:022002DF03>/<hex:022002DE03>/<hex:022002DC03> <hex:022002DB03>:<hex:022402DA03>保存在資料欄<hex:022003E80303>的形象與當前版本不相容。,,
2190,MOVIES,,
2191,A REALM REBORN DEMO,,
2192,HEAVENSWARD DEMO,,
2193,STORMBLOOD DEMO,,
2194,,,
2195,,,
2196,,,
2197,,,
2198,,,
2199,,,
2200,,,
