key,8,9,10
#,ChapterName,ChapterPart,Transient
offset,0,4,8
int32,str,str,str
0,,,
1,重生之境1,,某位冒險者來到了受眾神眷顧之地——艾歐澤亞。<hex:02100103>冒險者追求的是力量、名聲，或是財富嗎？還是說……<hex:02100103>被母水晶引導的光之戰士、日後被人們稱為英雄的冒險者，<hex:02100103>從這一刻開始，踏上了漫長的旅途。
2,重生之境2,,巡迴艾歐澤亞三國後，冒險者發現各國都面臨著嚴峻的問題。<hex:02100103>正在此時，冒險者遇到了秘密組織「拂曉血盟」的一位成員。<hex:02100103>為了探尋超越之力和自己所看到的幻象到底代表了什麼，<hex:02100103>冒險者來到了拂曉血盟的根據地。
3,重生之境3,,在成功討伐了蠻神伊弗利特後，冒險者為眾人所矚目，<hex:02100103>被認為是「光之戰士」再現。<hex:02100103>聲名大噪的冒險者同樣引起了暗之使徒無影的注意，短暫對峙過後，<hex:02100103>冒險者開始追蹤在艾歐澤亞暗中活躍的面具男無影拉哈布雷亞。
4,重生之境4,,在海雄旅團的幫助下，光之戰士成功地討伐了蠻神泰坦。<hex:02100103>而注意到有人正暗中關注著這場激鬥的雅·修特拉，<hex:02100103>也明白了加雷馬帝國與無影之間的合作關係。<hex:02100103>為了制定今後的行動方針，光之戰士回到了沙之家。
5,第七星曆1,,光之戰士一行成功突破了天幕魔導城，粉碎了帝國的野心。<hex:02100103>人們終於走出了第七靈災的陰霾，開始邁向第七星曆。<hex:02100103>對於以拯救艾歐澤亞為目標的拂曉血盟來說，這是一次巨大的邁進。<hex:02100103>然而，開始受到關注的拂曉血盟也面臨著新的問題。
6,第七星曆2,,雖然艾歐澤亞進入了第七星曆，但各地依然動亂頻發。<hex:02100103>蠻族與蠻神、消失的瓦爾島、難民的湧入與暴動，以及庫爾札斯的異端者……<hex:02100103>阿爾菲諾創設的先鋒組織「水晶義勇隊」要面對艾歐澤亞堆積成山的問題，<hex:02100103>一時有些應接不暇。
7,蒼穹之禁城 1,,在沙蠍眾羅羅力特的謀略下，拂曉血盟被扣上了暗殺女王的罪名。<hex:02100103>名聲掃地的英雄與失意的阿爾菲諾共同踏上了前往北地庫爾札斯的路。<hex:02100103>坐落在那片土地上的宗教城邦伊修加德，是一座閉關鎖國、獨自與龍族爭鬥了千年之久的獨特國家。
8,蒼穹之禁城 2,,造訪龍族的領域，見到了聖龍赫拉斯瓦爾格的一行人得知了有關龍詩戰爭起因的真相。<hex:02100103>原來在很久很久以前，人類與龍族曾和平相處，是人類國王的背叛導致了兩族的對立……<hex:02100103>為了阻止悲劇的延續，光之戰士與蒼天之龍騎士向邪龍發起了挑戰。
9,龍詩戰爭終章,,付出莫大的犧牲後，光之戰士在魔大陸的決戰中取得了最終勝利，斬斷了導致戰爭無法終結的要因。<hex:02100103>但這並不意味著紛爭能立刻結束……<hex:02100103>任誰都能看出，在伊修加德前進的道路上，還有著無數的艱難險阻等在那裡。
10,龍詩戰爭尾聲,,經歷雲廊的決戰，尼德霍格的邪影消散，<hex:02100103>持續千年的龍詩戰爭終告完結。<hex:02100103>但一個故事的結束，也意味著另一個故事的開始。<hex:02100103>此處記載了那位伯爵的回憶錄中未曾收錄故事……
11,紅蓮之狂潮 1,,為了將阿拉米格從加雷馬帝國的殘暴統治中解放出來，<hex:02100103>艾歐澤亞同盟軍開始了行動。<hex:02100103>與此同時，東洲奧薩德次大陸也燃起了反攻的狼煙。<hex:02100103>光之戰士的冒險之旅不再局限於艾歐澤亞，開始向東方邁進。
12,紅蓮之狂潮 2,,經過在紅玉海的冒險，光之戰士一行在曾經由多瑪統治的延夏之地再次目睹了帝國治下領地的慘狀。<hex:02100103>為了拯救被代理總督夜露壓迫的百姓們，光之戰士一行向多瑪少主藏身的太陽神草原進發。
13,解放戰爭戰後 1,,解放，既是統治的終結，也是新生的開始。<hex:02100103>站在時代臨界點上的人們，又能否勇敢面對過去和未來，做出自己的抉擇？<hex:02100103>為建國奔走的莉瑟、被囚禁於昏暗牢房的芙朵拉、達成夙願的猛將勞班，<hex:02100103>他們又將選擇怎樣的道路與歸宿？
14,解放戰爭戰後 2,,活躍在加雷馬帝國核心的「芝諾斯樣貌的男性」，<hex:02100103>皇太子芝諾斯消失的遺體……<hex:02100103>一連串謎團的背後都顯現出混沌使者無影干預的痕跡。<hex:02100103>就在此時，一位使者造訪了拂曉血盟的總部石之家。
15,暗影之逆焰 1,,光之戰士成功從帝國的統治中解放了多瑪與阿拉米格，<hex:02100103>然而支撐著英雄的拂曉賢人們卻在神秘的呼喚聲中接連倒下。<hex:02100103>背向邊境線上戰火熊熊燃燒的基姆利特暗區，<hex:02100103>冒險者毅然遵從聲音的指引，開啟了前往新世界的旅程……
16,暗影之逆焰 2,,暗之戰士一行為拉凱提卡大森林奪回了夜晚，<hex:02100103>然而諾弗蘭特充滿無盡光明的地域還有很多。<hex:02100103>將愛梅特賽爾克透露的驚人真相收於心底，<hex:02100103>一行人再次踏上了叛逆的旅途。
17,巴哈姆特大迷宮,,由於奈爾·範·達納斯推進的「隕石計劃」，<hex:02100103>衛月碎裂、墜落到了艾歐澤亞。<hex:02100103>通過衛月的殘骸探索埋藏於地下的大迷宮，<hex:02100103>探尋隱藏在黑暗中的「第七靈災的真相」吧！
18,水晶塔,,長久以來，人們都以為聖典中記述的絢麗水晶巨塔僅僅只是一個傳說。<hex:02100103>然而，在第七靈災的影響下，水晶塔的身影出現在了摩杜納的土地上。<hex:02100103>和探尋亞拉戈秘密的同伴們一起解開水晶塔之謎吧！
19,亞歷山大機神城,,一座機械巨城突然出現在了位於龍堡內陸低地的沙利亞克河中段。<hex:02100103>面對這新的蠻神威脅，光之戰士們再次挺身而出！<hex:02100103>就這樣，一場穿越時光的大冒險拉開了帷幕。
20,瑪哈之影,,空賊，那是一群駕馭著自己心愛的飛空艇、自由翱翔於天空追尋各處秘境與秘寶的無畏之人。<hex:02100103>然而在這樣一群人中間，近日卻流傳出了「有一條幽靈船在雲海中徘徊」的恐怖傳聞。<hex:02100103>時值大航空時代，古代魔法師們建造的魔航船「方舟」顯露了它的身影。
21,上古眾神,,魔大陸阿濟茲封印著古代蠻神「三鬪神」，<hex:02100103>其中的魔神薩菲洛特即將甦醒。<hex:02100103>從來訪血盟的蛇心口中知曉了這一危機的光之戰士展開了新的死鬥……
22,歐米茄時空狹縫,,為了從蠻神的威脅中解救艾歐澤亞，<hex:02100103>西德與尼祿啟動了古代兵器「歐米茄」。<hex:02100103>它與神龍大戰一番後，消失在了基拉巴尼亞方向。<hex:02100103>由此，一場超乎想像的戰鬥即將在時空狹縫展開。
23,重返伊瓦利斯,,遠東之國的黃金港迎來了一艘名為「初見號」的移動空中劇場。<hex:02100103>這個憑藉音樂劇«黃道勇士傳奇»在加雷馬帝國極富盛名的劇團為何會來到這遠東的商港？<hex:02100103>我們的故事即將重返那夢幻般的國度——伊瓦利斯。
24,四聖獸奇譚,,「典膳驅鬼」講的是一名武士帶著擁有神奇力量的「四聖獸」挑戰鬼怪的故事。<hex:02100103>然而在這個傳說故事的背後，究竟隱藏著怎樣的真相呢？<hex:02100103>紅玉海的角落裡，奇妙的物語正在拉開序幕。
25,非著名調查員,,在第七靈災中喪生的那個男人又回來了！<hex:02100103>天知地知事件知，其乃漂泊的調查員——希爾迪布蘭德！<hex:02100103>請和勇敢無畏且充滿智慧的紳士一起，<hex:02100103>解決困擾艾歐澤亞人民的案件吧！
26,非著名調查員：蒼穹之章,,調查員希爾迪布蘭德飛向高空，消失在北方天際。<hex:02100103>調查員助手娜修·瑪卡拉卡追隨他的行蹤，來到了北方皇都伊修加德。<hex:02100103>希爾迪布蘭德究竟是否還活著？<hex:02100103>在北方的凍土上，調查員的故事拉開了新的序幕！
27,非著名調查員：紅蓮之章,,追隨著消失在東方天際的紳士，娜修·瑪卡拉卡來到了遙遠的東方國度。<hex:02100103>在這裡，她聽說了在黃金港作亂的「小賊一匹狼」的傳聞……<hex:02100103>調查員的故事再次拉開了新的序幕！
28,聖恩達利姆神學院記,,光之戰士揭露了龍詩戰爭的真相，<hex:02100103>卻也從根本上顛覆了伊修加德的宗教與歷史。<hex:02100103>此事波及到培養伊修加德正教神職人員的「聖恩達利姆神學院」，<hex:02100103>引發了一場將諸多學子捲入其中的騷亂。
29,龍詩戰爭外傳,,追憶而行，踏過那銀色的雪原，<hex:02100103>浮現於眼前的，是友人不變的笑臉。<hex:02100103>龍詩戰爭結束了。光之戰士踏上了一段回憶之旅。
30,刻木匠任務 1,,在格里達尼亞，人們利用黑衣森林所賜予的自然恩惠，發展出了各式各樣的木材加工技術。<hex:02100103>而聚集了眾多從事刻木行業人員的「刻木匠公會」也成為了保障人們生活基礎的一個重要支點。<hex:02100103>冒險者跟隨熱愛木材的刻木匠公會會長貝亞坦學習刻木技術，<hex:02100103>通過自己製作的作品，為森都的住民們解決著各種各樣的煩惱。
31,刻木匠任務 2,,圍繞著公會會長貝亞坦的朋友蓋伊爾哈德的弓所引發的騷動，<hex:02100103>在冒險者製作的新弓和蓋伊爾哈德的平安歸來下順利地解決了。<hex:02100103>而作為刻木匠略有所成的冒險者，也接受了貝亞坦的囑託，<hex:02100103>帶著一桿用舊了的槍，出發前往伊修加德。
32,刻木匠任務 3,,以成為騎士為目標的巴爾托維厄，利用冒險者製作的槍，<hex:02100103>成功地打倒了父親的仇敵狐蛇飛龍，加入了神殿騎士團。<hex:02100103>在見證了巴爾托維厄開始新生活後，<hex:02100103>冒險者又接受了監督新人刻木匠的任務，動身前往遠東之國。
33,鍛鐵匠任務 1,,說到利姆薩·羅敏薩鍛鐵技術的發展，就不得不提起海盜和地靈族。<hex:02100103>而鍛鐵匠公會則一直守護傳承著這項在改良和交流中發展起來的技術。<hex:02100103>跟隨在時常因操心而胃痛的鍛鐵匠公會會長布瑞賽爾身邊學習的冒險者，<hex:02100103>通過一件件委託，不斷地磨練著自己的技藝。
34,鍛鐵匠任務 2,,成功完成了貿易商人費茲阿爾的委託後，冒險者的優秀技術得到了公會會長布瑞賽爾的認可。<hex:02100103>胃痛得到緩解的布瑞賽爾，又將一項來自伊修加德名門貴族的委託交給了冒險者。
35,鍛鐵匠任務 3,,沒落貴族傑爾凡家的年輕家主洛莉斯，<hex:02100103>在冒險者的幫助下修好了寶劍，踏出了參選神殿騎士的第一步。<hex:02100103>順利地結束了伊修加德的工作後，冒險者又被捲入了另一場風波，<hex:02100103>一位來自東方的少女，想要加入鍛鐵匠公會……
36,鑄甲匠任務 1,,一些專精於板金技術的匠人們從鍛鐵匠中獨立出來，成立了鑄甲匠公會，<hex:02100103>他們一邊和鍛鐵匠公會切磋較量，一邊共同支撐著利姆薩·羅敏薩人們的生活。<hex:02100103>冒險者跟隨著重視技術共享與傳承的公會會長赫·納恩薩，<hex:02100103>在和公會的夥伴們一起鑽研著鑄甲技術時，一名鑄甲匠擋在了冒險者的面前。
37,鑄甲匠任務 2,,冒險者與孤高的鑄甲匠布蘭修提爾定下的三局兩勝之約，<hex:02100103>在梅爾維布提督的裁定下，最終以冒險者的勝利落下了帷幕。<hex:02100103>冷靜下來的布蘭修提爾也在冒險者一行人的幫助下重新振作了起來，開始了新的修行。
38,鑄甲匠任務 3,,通過解決冒險者一行人的委託，鑄甲匠布蘭修提爾學會了體察客人的意向，<hex:02100103>以及與同伴更好地配合，有了很大的成長。<hex:02100103>然而，這個好強的男人並不會就這樣輕易安分下來，<hex:02100103>於是冒險者與布蘭修提爾一同踏上了前往東方的旅途，開始了新技術的交流。
39,雕金匠任務 1,,因薩納蘭地區擁有豐富的礦產資源，再加上烏爾達哈作為繁榮的貿易城邦的優勢，<hex:02100103>雕金文化在烏爾達哈十分發達，許多從事雕金行業的匠人都在「雕金匠公會」大展身手。<hex:02100103>冒險者跟隨文靜的公會會長賽倫蒂碧提與擁有審美之眼的魔法人偶一起鑽研雕金技術，<hex:02100103>卻意外地被捲入了某個事件中。
40,雕金匠任務 2,,在城中引起騷動的傳說中的欺詐師狐狸傑德終於被繩之以法，<hex:02100103>魔法人偶涅吉也在冒險者製作的裝飾品下成功地被修復了。<hex:02100103>公會會長賽倫蒂碧提對冒險者的技術表示了充分的肯定，<hex:02100103>並打算將冒險者介紹給在烏爾達哈享譽盛名的艾斯泰姆珠寶店的銷售人員。
41,雕金匠任務 3,,知名珠寶店「艾斯泰姆」的銷售人員馬塞爾將一對夫婦介紹給了冒險者，<hex:02100103>冒險者製作了一對八音盒，為他們的結婚紀念日裝點了更加浪漫的色彩。<hex:02100103>而雕金技術更上一層樓的冒險者也從一位意想不到的人物那裡接到了一份<hex:02100103>事關烏爾達哈未來的重要委託。
42,製革匠任務 1,,自古以來生活在森林中的格里達尼亞人民十分擅長狩獵，<hex:02100103>皮革產業也因此興起，匠人們聚集在一起成立了「製革匠公會」。<hex:02100103>在跟隨技術超然的公會會長蓋娃學習如何使用「生命的恩惠」的同時，<hex:02100103>冒險者也面臨著「新興製革品牌」的各種挑戰。
43,製革匠任務 2,,冒險者與新興製革品牌「博薩大叔」之間的競爭，<hex:02100103>最終以冒險者的作品獲得品評會的第一名而告終。<hex:02100103>之後，冒險者又從公會會長蓋娃處接受了新的委託，<hex:02100103>前去拜訪在伊修加德開設店鋪的「新銳商人」。
44,製革匠任務 3,,因協助新銳商人艾爾德為更多的市民提供優質的商品，<hex:02100103>冒險者的名匠之名也在伊修加德變得家喻戶曉了。<hex:02100103>製革手藝大幅進步的冒險者不僅得到了公會會長蓋娃的賞識，<hex:02100103>也因此收到了某位博物學者提出的特殊委託。
45,裁衣匠任務 1,,在薩納蘭，傳統的紡織業曾因東方流入的低價商品而大受打擊，<hex:02100103>於是裁衣匠們以技術共享、提高品質為目標建立了「裁衣匠公會」並發展至今。<hex:02100103>冒險者跟隨秀麗的公會會長雷多倫特·羅斯，<hex:02100103>用自己的技術為毫不在意衣著的採礦工鋪就了戀愛之路。
46,裁衣匠任務 2,,在冒險者製作的服裝的幫助下，採礦工瓦瓦魯卡<hex:02100103>和寶石商人家小姐可可摩終於走上了兩情相悅的戀愛之路。<hex:02100103>冒險者也代替忙得抽不開身的雷多倫特·羅斯前往伊修加德，<hex:02100103>繼續研究時尚風向。
47,裁衣匠任務 3,,在冒險者的裁衣技藝支持下，貴族少女阿弗麗爾終於消除了與母親之間的芥蒂，<hex:02100103>在母親與冒險者的見證下與心愛之人一起前往了戰場。<hex:02100103>結束了在伊修加德學習之旅的冒險者回到公會後，<hex:02100103>收到了公會會長雷多倫特·羅斯的委託，與他一同前往出席某個商談會。
48,煉金術士任務 1,,煉金術曾一度被認為是異端的秘術而被忌諱，「福隆戴爾藥學院」改變了這種認知，<hex:02100103>於是煉金術研究者們紛紛前往烏爾達哈，並在此設立了「煉金術士公會」。<hex:02100103>冒險者加入公會後，被醉心於研究的公會會長塞文利安任命為助手，<hex:02100103>開始協助他完成其追求的「究極煉金術」。
49,煉金術士任務 2,,公會會長塞文利安在冒險者的協助下完成了「究極煉金術」，<hex:02100103>得以與已經陰陽兩隔的戀人瓦·奈嘉的靈魂短暫相見。<hex:02100103>之後，塞文利安將一件「神秘又偉大的雜活」交給了冒險者，<hex:02100103>於是冒險者攜帶著與某個事件相關的鑑定書出發前往喪靈鐘。
50,煉金術士任務 3,,在冒險者公會的威爾特維克和查奈奈的幫助下，<hex:02100103>冒險者作為調查顧問成功地完成了使命，逮捕了事件的主謀。<hex:02100103>然而，愛使喚助手的公會會長塞文利安又給冒險者安排了新的雜活，<hex:02100103>於是冒險者不得不前往烏爾達哈的墓地，開始調查「奇妙的屍體」。
51,烹調師任務 1,,拉諾西亞物產豐富，加上因貿易而從他國流入的食材、香料以及烹調方法，<hex:02100103>使利姆薩·羅敏薩的烹調行業飛速發展，並創立了「烹調師公會」。<hex:02100103>冒險者在烹調師公會會長兼海都引以為豪的「俾斯麥餐廳」總廚師長<hex:02100103>林格薩斯的指導下不斷修行，逐漸成長為一位被美食家們交口稱讚的烹調師。
52,烹調師任務 2,,在烏爾達哈女王娜娜莫的晚餐會上，冒險者用美味菜餚大展身手，<hex:02100103>給了羅羅力特沉重一擊，守住了「俾斯麥餐廳」的招牌。<hex:02100103>作為烹調師名聲大振的冒險者在公會會長林格薩斯的介紹下，<hex:02100103>前往三大海盜團之一「紅血聖女團」經營的酒館「永遠少女亭」。
53,烹調師任務 3,,冒險者與永遠少女亭的廚師長赫·瑪夏·提亞之間的對決，<hex:02100103>最終以獲得金德萊蒙烹飪大賽有史以來最高分的冒險者勝出落幕。<hex:02100103>此時，在名聲與實力大漲的冒險者面前出現了一個崇拜者，<hex:02100103>這位曾經是冒險者的烹調師希望能跟冒險者一起開發東方的菜餚。
54,採礦工任務 1,,礦業一直是礦脈豐富的薩納蘭地區的支柱產業，而為了維護採礦工的權益，<hex:02100103>使採礦工們不被礦山老闆剝削，「採礦工公會」這一組織就此誕生。<hex:02100103>冒險者需要幫助現今首屈一指的採礦工——公會會長阿達爾博塔，<hex:02100103>解決她和與她頗有淵源的「艾瑪吉娜礦山公司的副總經理」之間的紛爭。
55,採礦工任務 2,,公會會長阿爾達博塔與採礦工迪普·卡尼恩之間的誤會<hex:02100103>在冒險者的幫助下順利解決了。而在騷動中大展身手的冒險者，<hex:02100103>也接到了伊修加德僱傭的傭兵團委託的工作。
56,採礦工任務 3,,運用自己高超的技術，冒險者成功發掘出稀有的礦物，<hex:02100103>幫助「迅風傭兵團」完成了調查資源的任務，化解了他們的危機。<hex:02100103>面對不斷成長的冒險者，公會會長阿達爾博塔感到十分欣慰，<hex:02100103>並為冒險者介紹了一個來自田園郡工房的委託。
57,園藝工任務 1,,想要擁有黑衣森林的恩惠，就必須得到守護著森林的「元靈」的許可，<hex:02100103>為了能更好地和元靈溝通而成立的組織，後來逐漸演化為「園藝工公會」。<hex:02100103>冒險者在跟隨熱愛自然的公會會長弗弗茶學習的過程中，<hex:02100103>也逐漸了解到了戰爭對森林的破壞給她帶來的煩惱。
58,園藝工任務 2,,考慮隱退的弗弗茶在冒險者的全力努力下，終於找回了園藝工的熱情。<hex:02100103>之後，弗弗茶又將一份新的工作交給了冒險者，<hex:02100103>與前來園藝工公會取材的«渡鴉周刊»記者一同前往庫爾札斯。
59,園藝工任務 3,,冒險者在阿巴拉提亞雲海協助園藝工巴吉勒開拓雲海的活躍身姿，<hex:02100103>在«渡鴉周刊»記者穆吉·繆里拉的報道下引起了很大的反響。<hex:02100103>作為園藝工名聲大噪的冒險者受公會會長弗弗茶的邀請，<hex:02100103>出發前往田園郡的農業開發地「綠地菜園」。
60,捕魚人任務 1,,在漁業興盛的利姆薩·羅敏薩，有一種被稱為「網組」的捕魚人合作組織，<hex:02100103>而其中規模最大的便是海都引以為豪的「捕魚人公會」。<hex:02100103>冒險者在自由奔放的公會會長瓦瓦拉哥和代理公會會長希希蒲的指導下，<hex:02100103>通過為委託者們釣上他們所需要的魚類來磨鍊自己的捕魚技藝。
61,捕魚人任務 2,,由於傳聞海中出現了「大海蛇」，黑渦團下達了禁漁令，<hex:02100103>但在冒險者釣上被誤認為是「大海蛇」的大魚後，禁漁令便解除了。<hex:02100103>以高超的捕魚技術而聞名街頭巷尾的冒險者在機緣巧合之下，<hex:02100103>認識了釣遍世界的「旅行捕魚人」並與其一同在伊修加德地區享受釣魚的樂趣。
62,捕魚人任務 3,,旅行捕魚愛好者昂索姆為了對抗暴君弟弟，守護自己領地的子民，<hex:02100103>從冒險者釣上的魚中取回了象徵繼承權的戒指，向弟弟發起了挑戰。<hex:02100103>從伊修加德回到捕魚人公會的冒險者與公會會長瓦瓦拉哥的魚人族朋友交流後，<hex:02100103>決定出發尋找消失的「海流星」的蹤跡。
63,劍術師任務 ,,在烏爾達哈的國民級娛樂「劍鬥」的舉辦地「鬥技場」旁邊，<hex:02100103>便是培養出諸多劍鬥士冠軍的「劍術師公會」。<hex:02100103>冒險者手持劍與盾，跟隨在公會會長密拉身邊修習劍術，<hex:02100103>並通過與揮舞著名劍的神秘男子相遇，逐步揭開了烏爾達哈的陰暗面。
64,斧術師任務,,自古時起，「斧子」這一工具就與「船」息息相關，<hex:02100103>因此「斧術師公會」也是海都利姆薩·羅敏薩的象徵之一。<hex:02100103>冒險者在公會會長威爾恩茲恩的指導下體會著斧術的奧妙，<hex:02100103>同時為了實現身世悲慘的少年的願望，冒險者決定前往挑戰殺害了少年雙親的魔物。
65,幻術師任務,,通過能夠傾聽黑衣森林元靈之聲的法師，灌注生命力的魔法「幻術」得到發展，<hex:02100103>並由「幻術師公會」傳承至今。<hex:02100103>冒險者與公會會長艾·斯密·雅恩的弟子——某位問題少女一同，<hex:02100103>探尋著幻術師之路。
66,秘術師任務,,「秘術」這一魔法體系剛從南洋傳入時，能夠將其掌握之人寥寥無幾，<hex:02100103>為了培養後繼者，人們在利姆薩·羅敏薩開辦了「秘術師公會」。<hex:02100103>冒險者與代理會長圖比爾蓋姆、個性古怪的指導員一同，<hex:02100103>追尋著秘術的真理。
67,格鬥家任務,,在烏爾達哈，格鬥家們以「鬥技場」舉行的「拳鬥賽事」為契機聚集於此。<hex:02100103>拳鬥士科內利亞從中脫穎而出並建立了道場，那就是如今的「格鬥家公會」的前身。<hex:02100103>而現在，發生了一件足以動搖整個格鬥家公會的大事，<hex:02100103>為了守住公會，冒險者正與公會會長哈蒙以及同門的夥伴們一起努力著。
68,槍術師任務,,早在格里達尼亞建國前便已存在的槍術，<hex:02100103>在原鬼哭隊隊長米斯塔爾建立「槍術師公會」後快速地發展了起來。<hex:02100103>冒險者在公會會長伊維因的指導下，通過對戰踢館之人，<hex:02100103>理解了槍術師所需的真正的「勇氣」。
69,雙劍師任務,,建於利姆薩·羅敏薩一隅的「雪絨花商會」的倉庫，<hex:02100103>其實是暗中守護海都治安的武裝組織「雙劍師公會」的據點。<hex:02100103>冒險者協助以公會會長賈可為首的「規矩」的守護者們，<hex:02100103>制裁著在拉諾西亞地區暗中違反規矩的傢伙。
70,弓箭手任務,,精靈族的長弓術與貓魅族的短弓術相結合，<hex:02100103>便形成了格里達尼亞特有的「弓術」，「弓箭手公會」也應運而生。<hex:02100103>在公會會長呂西安娜的教導下，冒險者磨練著自己的弓術，<hex:02100103>與各自抱有煩惱的師兄師姐一起，將箭矢指向了在黑衣森林作惡的不法之徒。
71,咒術師任務,,「咒術」是由納爾札爾教團的送葬儀式發展而來的魔法體系，<hex:02100103>因此，「咒術師公會」也附設在烏爾達哈的「阿達內斯聖櫃堂」。<hex:02100103>冒險者跟隨以老大可可布奇為首的咒術師公會五兄弟，學習操控魔力的方法，<hex:02100103>卻被捲入了五兄弟的「另外一個弟弟」引起的麻煩中。
72,騎士任務 1,,負責守護烏爾達哈王家的近衛兵團銀胄團將騎士戰技公之於眾。<hex:02100103>銀胄團總長傑林斯這樣做的目的似乎是為了獲取強大冒險者的幫助，<hex:02100103>從而使得已經失去民眾支持的銀胄團重新獲得威信。<hex:02100103>冒險者在與騎士們共同奮戰的過程中，逐漸發現了自己的騎士精神。
73,騎士任務 2,,為了尋找守誓之劍而踏上旅途的索爾克扎吉爾如今杳無音訊。<hex:02100103>冒險者與其弟子——名叫康斯坦的少年共同追尋其足跡，<hex:02100103>一起來到了龍堡深處。<hex:02100103>而在路上等待著他們的，是接二連三的謎團和通往「真正的騎士」的試煉。
74,騎士任務 3,,成為了「真正的騎士」，開始作為自由騎士開啟新篇章的冒險者，<hex:02100103>得知了歷史悠久的烏爾王盃鬥技大會恢復的消息。<hex:02100103>因劍術出眾而收到邀請函的冒險者，<hex:02100103>將要與來自艾歐澤亞各地的劍豪們一決高下……
75,騎士任務 4,,為第一世界奪回了黑夜的冒險者在原初世界與熟人重逢。<hex:02100103>據銀胄團總長傑林斯所說，<hex:02100103>劍術師公會會長密拉最近的樣子有些奇怪。<hex:02100103>為了一探究竟，冒險者來到了劍術師公會，沒想到卻遇到了……
76,戰士任務 1,,傳承於北阿巴拉提亞山脈戰士的故鄉中的戰技，<hex:02100103>是能夠激發潛藏於內心深處的獸性「原初之魂」的神奇技藝。<hex:02100103>不過同時也伴隨著失去理性化身狂戰士的危險。<hex:02100103>冒險者與盼望著戰士復興的居里斯·高吉一起，勇敢面對自己的原初之魂。
77,戰士任務 2,,雖然居里斯·高吉為了實現戰士戰技的復興而勤加修行，<hex:02100103>不過在這過程中卻被原初之魂吞噬而失去了理性，深刻地體會到了自己的弱小。<hex:02100103>冒險者和他一起為了尋求新的戰技而輾轉於各地，<hex:02100103>在經歷了多場戰鬥的洗禮之後，他們對自己提出了更高的目標……
78,戰士任務 3,,馴服了原初之魂的居里斯·高吉<hex:02100103>和哥哥布羅肯·馬烏恩坦一起被黑渦團招為教官，負責指導新成立的戰士部隊。<hex:02100103>兩兄弟懷揣著將戰士的戰技發揚光大的夢想，砥礪前行。<hex:02100103>然而，一位從遙遠東方前來的女性，再次讓他們平靜的生活掀起了巨大的波瀾。
79,戰士任務 4,,為第一世界奪回了黑夜的冒險者在原初世界與熟人重逢。<hex:02100103>居里斯·高吉最近似乎始終無法集中精力修行。據他所說，一切都是因為愛。<hex:02100103>為了見到美麗的朵爾格諾，他踏上了前往太陽神草原的旅程。<hex:02100103>可另一邊，朵爾格諾卻來到了艾歐澤亞。唉，擦肩而過的二人究竟要如何擦出火花呢？
80,暗黑騎士任務 1,,暗黑騎士，是為了完成無法伸張的正義不惜弒殺聖職者，<hex:02100103>為了自身的信念不惜背負罪孽，在內心滋養黑暗之人……<hex:02100103>位於皇都伊修加德基礎層的貧民們的居住區，通稱雲霧街，<hex:02100103>在那裡，冒險者看到了在決鬥裁判中敗北的暗黑騎士的遺體……
81,暗黑騎士任務 2,,冒險者遇到了追求暗黑騎士奧義的男子希德勒格，<hex:02100103>並與他一起保護了被神殿騎士團盯上的少女莉艾勒。<hex:02100103>究竟是誰出於什麼目的要加害於她呢……<hex:02100103>答案就隱藏在龍詩戰爭的黑暗之中。
82,暗黑騎士任務 3,,因為守護了繼承龍族血脈的少女莉艾勒，希德勒格掌握了暗黑騎士的奧義。<hex:02100103>他邀請冒險者在變革後的伊修加德四處轉轉。<hex:02100103>伴隨著龍詩戰爭的終結，如今的皇都開始逐漸轉變。<hex:02100103>在這裡，冒險者遇到了擁有淡青色頭髮的神秘少年密斯托。
83,暗黑騎士任務 4,,為第一世界奪回了黑夜的冒險者在原初世界與熟人重逢。<hex:02100103>在與希德勒格和莉艾勒簡單交流之後，冒險者收到了寄給自己的信。<hex:02100103>信的內容似乎是向自己過往的行為表達謝意……不過不知道是誰寫的。<hex:02100103>就這樣，冒險者開始了小小的旅程。
84,絕槍戰士任務 1,,絕槍戰士起源於負責守護亡國博茲雅的女王貢希爾德的親衛隊。<hex:02100103>冒險者的武藝被身為原加雷馬帝國士兵的保鏢拉德萬看中，<hex:02100103>為了繼承即將失傳的技藝，冒險者與拉德萬和蘇菲一起積極開展保鏢事業。<hex:02100103>而在這個過程中，冒險者看到了……
85,絕槍戰士任務 2,,為第一世界奪回了黑夜的冒險者在原初世界與熟人重逢。<hex:02100103>那就是向其傳授了絕槍戰士技藝的拉德萬。<hex:02100103>冒險者表示，拂曉血盟賢人桑克瑞德在第一世界和自己一樣<hex:02100103>使用著絕槍戰士的技藝，不過……
86,白魔法師任務 1,,白魔法是格里達尼亞的角尊們代代相傳的治癒和淨化的魔法體系。<hex:02100103>冒險者為了幫忙鎮壓格里達尼亞的大元靈而繼承了這一秘技，<hex:02100103>跟隨著幻術三皇之一的拉雅·奧·神納提升實力。<hex:02100103>新人白魔法師究竟能否完成使命呢？
87,白魔法師任務 2,,不淨之物持續流入，不斷侵蝕著森林。<hex:02100103>面對黑衣森林的大元靈發出的警告，幻術三皇預感到危機即將到來，<hex:02100103>他們向冒險者委託了跟傳說中的角尊阿·拓瓦·坎特同樣的淨化之旅。<hex:02100103>就這樣，冒險者與阿·拓瓦·坎特隨從的後代——艾希娃一起，出發前往了黑衣森林。
88,白魔法師任務 3,,收到黑衣森林的元靈們正在躁動的消息後，<hex:02100103>冒險者與幻術師公會會長艾·斯密·雅恩以及幻術師希爾菲等人一起前去調查。<hex:02100103>之後查明發生此次異常情況的原因竟是與母親一同隱居在基拉巴尼亞森林中的一名少女。<hex:02100103>而伴隨著這次不期而遇，隱藏在森林中的秘密的過去被逐漸揭開。
89,白魔法師任務 4,,為第一世界奪回了黑夜的冒險者在原初世界與熟人重逢。<hex:02100103>冒險者在以白魔法師的身份旅行時遇到了希爾菲、阿拉嘉、嘉蒂三人，<hex:02100103>冒險者向她們講述了在異界的經歷，而伴隨著一件小事的發生，<hex:02100103>冒險者見證了她們之間萌生的新的友誼。
90,學者任務 1,,在魔大戰發生的第五星曆時代，<hex:02100103>當時的海洋城邦「尼姆」不過是一個小國，而守護了他們的則是傳說中的最強軍團「海兵團」。<hex:02100103>冒險者遇到了對海兵團憧憬不已的斧術師阿爾卡·佐爾卡，<hex:02100103>並在機緣巧合之下令學者之力和使魔「小仙女」覺醒了。
91,學者任務 2,,冒險者和阿爾卡·佐爾卡搭檔並自稱新生海兵團，<hex:02100103>他們收到了1500年前因怪病而變成冬貝利的軍事學者斯里托·卡里托的協助請求。<hex:02100103>他希望二人可以幫忙完成阻止尼姆瘟疫蔓延的研究。<hex:02100103>就這樣，次世代的學者開始向古代之謎發起挑戰。
92,學者任務 3,,斯里托·卡里托再次向新生海兵團發出了協助請求。<hex:02100103>他表示雖然已經發現了阻止尼姆瘟疫惡化的方法，<hex:02100103>但臨床試驗的協助者冬貝利瑟托托卻下落不明。<hex:02100103>為了尋找消失的冬貝利，冒險者和阿爾卡·佐爾卡開始奔走於各地。
93,學者任務 4,,為第一世界奪回了黑夜的冒險者在原初世界與熟人重逢。<hex:02100103>冒險者向阿爾卡·佐爾卡和斯里托·卡里托、瑟托托講述了自己在異界的經歷，<hex:02100103>其中也包括導師拉蜜圖的大再生魔法的故事。<hex:02100103>這為長期以來毫無進展的尼姆瘟疫治療研究帶來了一線希望。
94,占星術士任務 1,,在以知識之都聞名的薩雷安中，<hex:02100103>占星術是為人類開闢命運的魔法體系，<hex:02100103>人們從天上的繁星中獲得力量，編織出了各種治癒和強化魔法。<hex:02100103>冒險者通過與美少女蕾薇瓦相遇，開始學習占星術的知識。
95,占星術士任務 2,,在伊修加德，用於占卜龍族動向的占星術根基深厚，<hex:02100103>薩雷安式占星術的普及之路道阻且長。<hex:02100103>冒險者與占星術士蕾薇瓦、雅內基納爾一起，<hex:02100103>跨越重重障礙，不斷向他人伸出援手……
96,占星術士任務 3,,在戰鬥中開闢新的命運、掌握了占星術士精髓的冒險者，<hex:02100103>遇到了為學習占星術從東方遠道而來的風水師旭峰。<hex:02100103>這次邂逅，將為大洋東西獨自發展的技術帶來融合的契機，<hex:02100103>將占星術引領至新的高度。
97,占星術士任務 4,,為第一世界奪回了黑夜的冒險者在原初世界與熟人重逢。<hex:02100103>據聖岡里奧爾占星院的雅內基納爾所說，<hex:02100103>蕾薇瓦最近的樣子有些奇怪，經常發呆。<hex:02100103>他認為這都是出於蕾薇瓦對旭峰的戀愛煩惱所致，但真相究竟如何……
98,武僧任務 1,,冒險者接受了自稱超自然探求者的艾里克的保鏢任務，<hex:02100103>並遇到了同樣被雇為保鏢的青年維達蓋爾特。<hex:02100103>據說他是拉爾戈星導教的僧兵們<hex:02100103>不斷打磨傳承下來的體術——武僧技藝的繼承者……
99,武僧任務 2,,通過與冒險者切磋，此前一直被復仇思想所禁錮的維達蓋爾特為過去而懺悔，<hex:02100103>內心發生了巨大的改變，如今已經收了兩個弟子，潛心修行。<hex:02100103>冒險者了解了這些之後便去造訪維達蓋爾特，<hex:02100103>但很快名為「太陰流」的勢力便出現在了他們面前。
100,武僧任務 3,,在基拉巴尼亞，決心復興拉爾戈星導教的維達蓋爾特<hex:02100103>帶著兩個弟子德·傑恩茶和奧·夏可哈，來到阿拉加納募集新的修行者。<hex:02100103>但是在那裡卻遇到了自稱是阿拉米格最後的王「泰奧德里克」長子的人。<hex:02100103>冒險者幫助了維達蓋爾特，並為了編織阿拉米格新的希望而努力。
101,武僧任務 4,,為第一世界奪回了黑夜的冒險者在原初世界與熟人重逢。<hex:02100103>據超自然學者艾里克所說，阿拉米格解放軍<hex:02100103>正在尋找阿拉米格最後的王的後代——維達蓋爾特。<hex:02100103>他究竟是否會重新踏上復仇之路呢？
102,龍騎士任務 1,,在與龍族經歷了千年戰爭的伊修加德中，<hex:02100103>有一群擅長槍術的獵龍之人，他們被稱作龍騎士。<hex:02100103>冒險者見到了其首席——蒼天之龍騎士埃斯蒂尼安，<hex:02100103>並被他手中的秘寶邪龍尼德霍格的眼睛所魅惑，獲得了力量。
103,龍騎士任務 2,,冒險者受龍騎士厄絲蒂安所託，<hex:02100103>前去幫忙討伐格勞利血龍及其眷屬。<hex:02100103>為了幫助她實現盡可能接近蒼天之龍騎士的夢想，冒險者為她提供了指引，<hex:02100103>兩人共同磨練著龍騎士的力量……
104,龍騎士任務 3,,因遭到異端者囚禁，並被迫喝下龍血，<hex:02100103>龍騎士厄絲蒂安不得不捨棄迄今為止的生活。<hex:02100103>她來到龍堡參天高地的森林中，作為獵人開始了全新的生活，<hex:02100103>冒險者前去造訪，並且遇到了她的新朋友——幼龍奧恩·凱。
105,龍騎士任務 4,,為第一世界奪回了黑夜的冒險者在原初世界與熟人重逢。<hex:02100103>為前代蒼天之龍騎士雅伯里克和幼龍奧恩·凱講述了四使徒的故事後，<hex:02100103>他們都表示想起了邪龍尼德霍格。<hex:02100103>於是，冒險者和奧恩·凱一起踏上了悼念尼德霍格的追悼之旅。
106,忍者任務 1,,冒險者受雙劍師公會委託，<hex:02100103>負責調查在葡萄酒港附近目擊到的可疑人物，<hex:02100103>在調查的過程中，遇到了來自多瑪忍村的忍者朧和燕。<hex:02100103>冒險者最終決定幫助二人，以換取忍者的技藝……
107,忍者任務 2,,朧誅殺了真正的叛徒月海，完成了忍村交付的任務。<hex:02100103>不過他卻向忍村傳達了虛假的報告，留在了艾歐澤亞。<hex:02100103>雙劍師公會的賈可向他發來了協助請求。<hex:02100103>據稱是擅長操縱忍術的疑似東方人的盜賊把海都鬧的雞犬不寧。
108,忍者任務 3,,取回傳家寶的雪公主回到了遠東之國，<hex:02100103>而朧卻選擇留在艾歐澤亞繼續生活。<hex:02100103>雙劍師公會的賈可再次向他發來了協助請求。<hex:02100103>開始行動的朧等人，不久後將會知道忍者起源的秘密。
109,忍者任務 4,,為第一世界奪回了黑夜的冒險者在原初世界與熟人重逢。<hex:02100103>在艾歐澤亞享受著自由生活的朧，<hex:02100103>聲稱自己想到了贏下宿敵鴉的妙計，並邀請冒險者一起實行。<hex:02100103>雖然他極力想要取回被鴉奪走的「禁忌通靈之術」，不過……
110,武士任務 1,,作為鬥技場的餘興節目，東方的劍士會展現從未見過的絕技。<hex:02100103>冒險者在聽聞這些之後造訪了劍術師公會，邂逅了劍豪無雙齋，並被要求一試身手。<hex:02100103>戰鬥結束後，冒險者了解到無雙齋似乎是來艾歐澤亞尋找弟子的。<hex:02100103>就這樣，冒險者成為了他的弟子，踏上了懲惡揚善的修行之旅。
111,武士任務 2,,無雙齋在冒險者之前曾經還收過一個弟子。<hex:02100103>其名為雨月，以顛覆遠東之國的幕府為目標，至今依然在暗中活動著。<hex:02100103>冒險者從黃金港治安維持組織赤誠組的真琴那裡了解了情況，<hex:02100103>繼承了師父的志向，為了阻止雨月，啟程奔赴東方。
112,武士任務 3,,為第一世界奪回了黑夜的冒險者在原初世界與熟人重逢。<hex:02100103>在無雙齋的墓前，赤誠組的真琴向他講述了征討雨月的經過。<hex:02100103>隨後，她與冒險者一起來到了烏爾達哈。<hex:02100103>在那裡，他們看到了老武士的信條在後世流傳的模樣。
113,吟遊詩人任務 1,,在戰場上，為了鼓舞同伴而吟唱戰歌的人就是吟遊詩人。<hex:02100103>身為吟遊詩人，同時也是曾經在神勇隊擁有著「強弓」稱號的<hex:02100103>善於用弓之人讓泰爾，久違地回到了黑衣森林。<hex:02100103>聽聞了其事跡的冒險者，為了接受弓術的指導而前去造訪了他。
114,吟遊詩人任務 2,,在冒險者的幫助下，讓泰爾成功克服了自己的心理陰影，<hex:02100103>決定留在神勇隊進行指導，培養新人。<hex:02100103>吟遊詩人的隊伍不斷壯大，而為其力量所傾倒的年輕軍官桑松，<hex:02100103>則希望成立一支以吟遊詩人為核心的部隊。
115,吟遊詩人任務 3,,桑松和吉德洛以及冒險者<hex:02100103>在尋求「終焉的戰歌」的旅途中建立了堅實的友情。<hex:02100103>之後，桑松在雙蛇黨設立吟遊詩人的部隊，實現了夢想。<hex:02100103>而他們的首個任務，將會揭露埋藏在紅葉戰爭中的真相。
116,吟遊詩人任務 4,,為第一世界奪回了黑夜的冒險者在原初世界與熟人重逢。<hex:02100103>冒險者和讓泰爾來到了吟遊詩人部隊，<hex:02100103>桑松卻告訴他們吉德洛已經不再指導後輩。<hex:02100103>為了觸動吉德洛的心靈，大家想出了一個合奏計劃……
117,機工士任務 1,,在皇都伊修加德的天鋼機工房中，除了開發生產對龍兵器以外，<hex:02100103>還會涉及融合了帝國的魔導技術和現有乙太學的機工兵器。<hex:02100103>冒險者受到機工房的主人斯特凡尼維安的邀請，成為了操縱機工兵器的機工士，<hex:02100103>而他們將要面對的是來自保守派貴族們的阻礙。
118,機工士任務 2,,天鋼機工房在模擬戰中獲得了勝利，向教皇廳展示了自己的實力。<hex:02100103>接下來的目標是要在實戰中取得戰果。<hex:02100103>不過與澤梅爾家的共同作戰當前，<hex:02100103>出色的機工士喬伊卻離開了天鋼機工房，可謂是狀況不斷。
119,機工士任務 3,,擊退黃龍斯瓦拉之後，機工士的名號轟動了整個皇都。<hex:02100103>希爾達帶領的警備團也因此開始考慮配備槍支和機工兵裝。<hex:02100103>某天，斯特凡尼維安拜託冒險者對警備團進行槍術指導。<hex:02100103>為此，冒險者需要找到自己從前的教官羅斯特恩斯塔爾。
120,機工士任務 4,,為第一世界奪回了黑夜的冒險者在原初世界與熟人重逢。<hex:02100103>據天鋼機工房的斯特凡尼維安所說，<hex:02100103>最近機工士喬伊經常無端消失，不知去向，讓人很是擔心。<hex:02100103>接受了調查委託的冒險者，目擊到了喬伊和警備團團長希爾達私下見面的場景……
121,舞者任務 1,,舞蹈劇團「法爾夏姆舞團」來自於近東島國拉札罕。<hex:02100103>冒險者被其團長娜休梅拉相中，受邀與舞團的招牌舞者拉娜·米果一起，<hex:02100103>以舞者的身份站到舞台上。<hex:02100103>就這樣，冒險者開始以習得武之舞蹈「戰舞」為目標。
122,舞者任務 2,,為第一世界奪回了黑夜的冒險者在原初世界與熟人重逢。<hex:02100103>結束了艾歐澤亞五國巡演的法爾夏姆舞團，<hex:02100103>開始以海洋之都利姆薩·羅敏薩為據點，作為純粹的舞者劇團進行活動。<hex:02100103>在聽冒險者描述完近況之後，團長娜休梅拉說……
123,黑魔法師任務 1,,黑魔法師庫庫魯卡·塔塔魯卡曾被關押在碼拉薩加收容所中長達100年。<hex:02100103>這位自稱聽到過納爾札爾神諭的怪人與冒險者相遇，並託付魔石，<hex:02100103>使冒險者成為了破壞之力「黑魔法」的繼承者。<hex:02100103>雖然這股危險的力量正是討伐從虛無界出現的妖異的關鍵，不過……
124,黑魔法師任務 2,,曾經以生命為代價封印的妖異再次出現，好在冒險者將其討伐，如今庫庫魯卡也可以安息了。<hex:02100103>之後，庫庫魯卡的弟子——菈菈伊在師父留於牢房的紙片中<hex:02100103>發現了師父生前寫的兩本書，上面記有其畢生的研究成果。<hex:02100103>而另一方面，心懷不軌之人也盯上了庫庫魯卡的書。
125,黑魔法師任務 3,,冒險者與菈菈伊在格里達尼亞的幻術師扎伊·阿·奈爾赫的協助下，<hex:02100103>成功摧毀了可怕集團「叛逆法師」。<hex:02100103>就這樣，庫庫魯卡留下的兩本書再次彙集到了一起。<hex:02100103>雖然書在菈菈伊的管理之下嚴密保管著，可是……
126,黑魔法師任務 4,,為第一世界奪回了黑夜的冒險者在原初世界與熟人重逢。<hex:02100103>黑魔法師菈菈伊把有關黑魔法的內容都總結到了一本書中。<hex:02100103>不過圍繞著書本的管理和研究問題，菈菈伊與咒術師公會的<hex:02100103>上級組織「納爾札爾教團」之間產生了分歧。
127,召喚師任務 1,,秘術師公會收到了來自學術組織「聖寇伊納克財團」的協助請求。<hex:02100103>因秘術師擁有討伐蠻神的經驗，所以對方希望公會可以派人協助研究。<hex:02100103>冒險者接受了這一請求，並遇到了所屬於財團的古代亞拉戈文明的研究者，<hex:02100103>同時也是雅·修特拉的妹妹雅·蜜特拉。
128,召喚師任務 2,,不擇手段尋求召喚魔法的敵人特里斯坦，在火焰的包圍中消失了。<hex:02100103>不過冒險者卻發現了暗藏在其身後的無影，認為依然需要提高警覺。<hex:02100103>有一天，冒險者從恆輝隊那裡收到了特里斯坦依然活著的消息，<hex:02100103>於是便與雅·蜜特拉一起再次開始追尋他的足跡。
129,召喚師任務 3,,新發現了一本疑似古代亞拉戈時代的召喚魔法教材的書籍。<hex:02100103>冒險者和雅·蜜特拉對其進行解讀之後，發現竟然是書型的使魔「原理」。<hex:02100103>冒險者遵照教材原理的指示，通過試煉，<hex:02100103>覺醒了作為召喚師的新能力，不過……
130,召喚師任務 4,,為第一世界奪回了黑夜的冒險者在原初世界與熟人重逢。<hex:02100103>雅·蜜特拉告訴冒險者，恆輝隊新設立的召喚師部隊成員加加薩姆<hex:02100103>正好在格里達尼亞活動，<hex:02100103>聽說他想和冒險者討論一下召喚師的戰鬥方式。
131,赤魔法師任務 1,,烏爾達哈的街角，一位眼淚汪汪的少女向冒險者求助。<hex:02100103>她剛從人販子的手中逃了出來，但她的姐姐卻慢了一步。<hex:02100103>冒險者急忙趕往現場，<hex:02100103>在那裡遇到了從惡漢手中保護了少女的赤魔法師西·如恩·提亞。
132,赤魔法師任務 2,,冒險者和西·如恩·提亞一起打敗了曾與他志同道合，<hex:02100103>後卻加入了帝國軍的叛徒——赤魔法師蘭巴德。<hex:02100103>原以為生活已經恢復了平靜，沒想到師妹艾莉亞卻出現了異常。<hex:02100103>冒險者與西·如恩·提亞能否拯救她呢？
133,赤魔法師任務 3,,為第一世界奪回了黑夜的冒險者在原初世界與熟人重逢。<hex:02100103>和師妹艾莉亞一起被師父西·如恩·提亞叫來的冒險者，<hex:02100103>了解到他曾經待過的赤魔法師集團「赤紅疾風」的同伴的遺物被盜了。<hex:02100103>就這樣，為了抓住盜墓者，冒險者一行又將再次進行共同作戰。
134,青魔法師任務 1,,青魔法既不是黑魔法，也不是白魔法，而是一種全新的魔法體系。<hex:02100103>有一名男子表示會毫無保留地傳授這一魅惑技術。<hex:02100103>他自稱馬丁，表示願意特價出售作為青魔法師之證的靈魂水晶<hex:02100103>和裝有特製武具的輕鬆入門套裝，不過……
135,青魔法師任務 2,,身為藍色假面的青魔法師馬丁和作為其第二代的冒險者，<hex:02100103>一同作為新興鬥技場天青鬥場的招牌鬥士贏得了大量的人氣。<hex:02100103>此時，沙蠍眾的一員菲厄蓋斯來訪，並表示願意為天青鬥場出資。<hex:02100103>但是其背後似乎另有目的……
136,防護職能任務：暗影之章,,義德是獨行食罪靈四使徒之一。<hex:02100103>劍士格蘭遜的故鄉曾經遭義德襲擊，而其戀人也被變成了食罪靈。<hex:02100103>冒險者在了解了這些之後，決定幫他復仇。<hex:02100103>最終發現了曾是英雄的罪人——魔劍士布蘭登的真相……
137,治療職能任務：暗影之章,,節德是獨行食罪靈四使徒之一。<hex:02100103>為了挽回一族的名譽，戰士吉奧圖發誓要將擁有驚人治癒能力的節德打倒。<hex:02100103>她離開了故鄉，與冒險者結伴而行，<hex:02100103>最終發現了曾是英雄的罪人——導師拉蜜圖的真相……
138,物理進攻職能任務：暗影之章,,勇德是獨行食罪靈四使徒之一。<hex:02100103>出身於游末邦的年輕賞金獵人蘆·利柯<hex:02100103>為了討伐這一神出鬼沒的食罪靈，向冒險者尋求了幫助。<hex:02100103>最終發現了曾是英雄的罪人——獵人任妲·芮的真相……
139,魔法進攻職能任務：暗影之章,,智德是獨行食罪靈四使徒之一。<hex:02100103>老練的賞金獵人凱瑞格認為只有與能夠應對「空洞」的魔法師一起，<hex:02100103>才能討伐這一惡名昭彰的食罪靈，因此他向冒險者尋求了幫助。<hex:02100103>而最終發現了曾是英雄的罪人——魔人奈貝爾特的真相……
140,職能劇情任務：暗影之章,,水晶都酒館「彷徨階梯亭」的女服務員塞埃拉<hex:02100103>十分欣賞打倒了四使徒的冒險者，並表示有事相商。<hex:02100103>她告訴冒險者，雖然一切看似塵埃落定，但仍有邪惡殘留於世，亟待戰勝。<hex:02100103>冒險者接受了她的邀請，兩人開始追尋曾經「光之戰士」們的冒險。
141,拂曉回歸,,在幻影都市亞馬烏羅提的最深處，暗之戰士與無影愛梅特賽爾克<hex:02100103>展開決戰並最終獲得勝利，為第一世界奪回了黑暗。<hex:02100103>同時，水晶公的獲救，令水晶都也恢復了穩定。<hex:02100103>回到原初世界後，冒險者向同伴們講述了自己在異界的旅程。
142,末日序曲,,打倒自稱光之戰士的艾里迪布斯後，<hex:02100103>暗之戰士與拂曉眾人終於回到了原初世界，重新展開活動。<hex:02100103>他們的面前將落下一片小小的希望，<hex:02100103>他們的耳邊將奏響一首末日的序曲。
143,寄葉異聞：暗黑天啟,,古姆拉村的地下隱藏著一座神秘的機械遺跡。<hex:02100103>冒險者與矮人族的阿諾古、科諾古姐弟，<hex:02100103>一起遇見了自稱是2P的神秘女性，得知了新的威脅即將降臨。<hex:02100103>在這場戰鬥的尾聲，等待著他們的究竟是什麼呢？
144,伊甸希望樂園,,空無大地包圍著唯一沒有被光吞噬的諾弗蘭特，<hex:02100103>在這片沒有任何生命存在的白色大地上，似乎出現了某種東西。<hex:02100103>琳感知到其中蘊含著光之力，於是便和暗之戰士們一同展開了調查。<hex:02100103>他們究竟能否到達空無大地深處的希望樂園呢？
145,維爾利特戰役,,帝國正在開發究極神兵的後繼機體，並準備將其投放至艾歐澤亞。<hex:02100103>帶來這個壞消息的，正是曾經的帝國軍軍團長蓋烏斯·巴埃薩。<hex:02100103>冒險者將與曾經的敵人並肩作戰，聯手對抗「神兵」這一巨大威脅。<hex:02100103>面對敵方充滿了悲劇色彩的計劃，冒險者和蓋烏斯會何去何從……
146,青魔法師任務 3,,身為第二代藍色假面擊敗了齊格弗里德的冒險者，<hex:02100103>也作為青魔法師開始協助培養新人了。<hex:02100103>原本以為一帆風順的青魔法師公會，卻收到了在東方的黃金港<hex:02100103>有人使用與青魔法類似的法術舉行比賽的情報。
147,虛無界再生計劃,,席爾瓦曾經與阿爾博特共同踏上旅程，之後卻自稱「影之王」與眾人反目。<hex:02100103>少年蛇心在故鄉化為虛無界後，跟隨無影艾里迪布斯來到了原初世界。<hex:02100103>兩人都曾經是第十三世界的英雄候補，<hex:02100103>當他們的人生軌跡再次交錯時，又會發生什麼樣的故事呢？
148,拂曉回歸外傳,,冒險者結束了在第一世界的旅行之後，<hex:02100103>將敏菲利亞的結局轉告給了她的母親芙·拉敏。<hex:02100103>靜靜聽完的芙·拉敏向冒險者提出了一個請求。<hex:02100103>就這樣，始於一封信的小小的旅途開始了。
149,曉月之終途 1,,妄圖將星球推向末日的終末使徒正式向全世界宣戰了。<hex:02100103>終末使徒建造末日塔的目的是什麼，被擄走的異族人又將走向怎樣的命運……<hex:02100103>世界陷入了末日危機，可知識之都竟還是拒絕了艾歐澤亞各國的求援。<hex:02100103>從中感到蹊蹺的拂曉血盟決定前往薩雷安一探究竟。
150,曉月之終途 2,,無影法丹尼爾的奸計得逞了，為了阻止末日而誕生的佐迪亞克因此消失。<hex:02100103>最古老蠻神的缺位，意味著他作為星球意志重塑的行星之理產生了破綻，<hex:02100103>曾經毀滅古代世界的末日隨之再度降臨。<hex:02100103>這個世界還有足以打破末日絕望的希望嗎？……光之戰士的旅途還在繼續。
151,,,
152,賢者任務,,賢學，一門綜合了醫學、乙太學、魔法學的複合學科，鑽研賢學到極致的人被稱為「賢者」。<hex:02100103>冒險者與來自薩雷安的菈菈·基恩加爾相遇，與她一同踏上了追捕逃犯的旅程。<hex:02100103>圍繞著數名賢者發生的種種事件，哲學家議會的命令背後的真意。<hex:02100103>3名逃犯是否真的罪大惡極……冒險者將和菈菈·基恩加爾一起在旅程中解開這個謎團。
153,釤鐮客任務,,「夜遊魂」是隱藏在烏爾達哈地下社會中的組織，<hex:02100103>冒險者在偶然間與夜遊魂的頭目德魯西拉達成了一場交易。<hex:02100103>德魯西拉將教授冒險者傳承多年的暗殺術，而冒險者則要為她狩獵某個妖異。<hex:02100103>這場交易將帶來怎樣的新朋友，又會牽扯出怎樣的感情……這一切都在等待冒險者去發掘。
154,防護職能任務：曉月之章,,因為心懷最為深刻的絕望，所以最先被擊潰。化為末日野獸的它們，被稱為偽神獸。<hex:02100103>黑衣森林的偽神獸格萊普尼爾是播散劇毒，為它觸及的一切都帶去死亡的邪魔。<hex:02100103>冒險者協助嘉恩·艾·神納等人奔走各地，試圖解開偽神獸劇毒背後的謎團。<hex:02100103>格萊普尼爾背後的真相和絕望是什麼，人們又將作何反應……冒險者將在這裡找到答案。
155,治療職能任務：曉月之章,,因為心懷最為深刻的絕望，所以最先被擊潰。化為末日野獸的它們，被稱為偽神獸。<hex:02100103>基拉巴尼亞的偽神獸是從扭曲的溫柔中誕生的陰影，是侵略者的迫害導致的悲劇。<hex:02100103>冒險者將與阿雷恩瓦爾德還有芙朵拉一起探索無奈的自責中誕生了何等的絕望，<hex:02100103>並由此推動阿拉米格人找到他們通往未來的前路。
156,近戰職能任務：曉月之章,,因為心懷最為深刻的絕望，所以最先被擊潰。化為末日野獸的它們，被稱為偽神獸。<hex:02100103>拉諾西亞的偽神獸是從多種族融合之路上跌落的魚人族變化而成的，<hex:02100103>冒險者將攜手梅爾維布提督等人，一同找到並解決絕望的根源。<hex:02100103>特立獨行的精銳們將再次重聚，成為冒險者戰勝強大的偽神獸途中強而有力的幫手。
157,遠程物理職能任務：曉月之章,,因為心懷最為深刻的絕望，所以最先被擊潰。化為末日野獸的它們，被稱為偽神獸。<hex:02100103>贏得了自由贏得了未來，百廢待興的多瑪也出現了末日野獸的蹤跡。<hex:02100103>冒險者協助飛燕和夕霧一同尋找遇難者和變成野獸的人有何共同點。<hex:02100103>途中，黃泉女神伊邪那美降臨在眾人的眼前，它的到來解開了隱藏在過去的悲劇與真相。
158,遠程魔法職能任務：曉月之章,,因為心懷最為深刻的絕望，所以最先被擊潰。化為末日野獸的它們，被稱為偽神獸。<hex:02100103>轉變成偽神獸的青年是誰，這是攔在伊修加德人解決偽神獸問題道路上的第一道難題。<hex:02100103>冒險者與艾默里克和阿圖瓦雷爾一起探尋來路，破解縈繞在獸化者身上的謎團，<hex:02100103>最終，他們將目光聚焦於一群被扭曲的教典和虛偽的教義折磨至今的人。
159,萬魔殿,,毀滅世界的危機正在逼近萬魔殿……<hex:02100103>冒險者從神秘的水晶中得到了警告，<hex:02100103>為此前往了遙遠的過去，在厄爾庇斯與一位青年相遇，<hex:02100103>冒險者決定與青年一同奔赴化為魔窟的萬魔殿……會有什麼在那裡等待著他們呢。
160,職能劇情任務：曉月之章,,在冒險者等人的努力之下，出現在世界各地的偽神獸被逐個擊破。<hex:02100103>然而正在此時，已擺脫末日危機的加雷馬帝都卻傳來了偽神獸現身的消息。<hex:02100103>冒險者集合從各地齊聚而來的朋友們的力量，一同找出應對之策。<hex:02100103>覆蓋在帝都之上的陰影褪去之後，人們能找到通往未來的道路嗎？
161,歐米茄時空狹縫外傳,,諸神黃昏號魔導船在歸來時，接收到了一條神秘訊息。<hex:02100103>就連知識之都薩雷安的學者們，都沒能解讀這條訊息。<hex:02100103>然而，人們在意外的地方發現了解謎的契機。<hex:02100103>就這樣，冒險者開始了「終結」與「心」的小小旅途。
162,嶄新的冒險 1,,冒險者一行人前往宇宙盡頭的天外天垓，以希望擊退了謳歌終結之物。<hex:02100103>末日災厄散去，拂曉血盟表面上解散，重新轉為秘密組織。<hex:02100103>嶄新的冒險也開始了。
163,艾歐澤亞神話,,末日危機解決後，巴爾德西昂委員會收到了一個消息。<hex:02100103>那是諾亞調查團的夥伴拉姆布魯斯發來的委託——調查未知的幻域。<hex:02100103>於是，冒險者與可露兒、古·拉哈·提亞一同，<hex:02100103>開始研究隱藏在「受到眾神眷顧之地」艾歐澤亞的謎題。
164,非著名調查員：曉月之章,,那個調查員終於回來了！<hex:02100103>然而，在薩維奈島找到的希爾迪布蘭德卻昏睡不醒……<hex:02100103>應娜修·瑪卡拉卡的請求，冒險者開始調查希爾迪布蘭德昏睡的原因。<hex:02100103>在脫離末日陰影的近東地帶，調查員的故事再次拉開帷幕！
165,塔塔露的大繁榮商店,,拂曉血盟可靠的資金管理人塔塔露創立了「大繁榮商店」，以集各國各業技術精華的新式裝備為招牌商品。<hex:02100103>塔塔露的下一個夢想是將大繁榮商店經營成一家廣受大家喜愛的商店，通過交易將人們聯繫起來。<hex:02100103>為了幫助塔塔露實現夢想，冒險者四處奔走著。
166,希拉狄哈水道,,拾穗人總會送到的一封信，<hex:02100103>讓冒險者接受了烏爾達哈女王——娜娜莫·烏爾·娜莫發起的秘密委託。<hex:02100103>女王拿著父母託付給自己的鑰匙，與冒險者前往了希拉狄哈水道的神秘大門……<hex:02100103>二人的冒險，將發現深埋已久的歷史真相。
167,嶄新的冒險外傳,,在冒險者等人開展新的冒險之時，邂逅了潛伏在多彩之都暗影之中的異界來客——小型的眼球妖異。<hex:02100103>作為交易的報酬，這些不起眼的弱小妖異開始向冒險者講述虛無界各位強者的故事。
168,,,
169,六根山,,拾穗人總會送到的一封信，<hex:02100103>讓冒險者接受了東阿爾迪納德商會的掌櫃漢考克發起的委託。<hex:02100103>於是，冒險者便前往化為魑魅魍魎巢穴的靈山「六根山」，開啟了搜索名品之旅……<hex:02100103>引發這次騷動的「不祥之物」的究竟是……？
170,青魔法師任務 4,,第二代藍色假面打敗了模仿師格格。<hex:02100103>然而招牌鬥士過於強大也影響了鬥技的趣味性，天青鬥場的來客日漸稀少。<hex:02100103>為了改變門庭冷落的現狀，天青鬥場急需一場讓人冷汗直流的激烈死鬥！<hex:02100103>於是冒險者便與馬丁輾轉各地，踏上了尋找獨特又強大的對手的旅途。
171,嶄新的冒險 2,,為了尋找5000年前音訊斷絕的月龍阿珠達雅，冒險者一行人準備前往第十三世界。<hex:02100103>然而，因被稱為高貝扎四天王的妖異出手干擾，虛無界之門被破壞。<hex:02100103>冒險者與新夥伴半妖異「零」不得不在原初世界摸索穿越世界的方法。<hex:02100103>嶄新的冒險即將圍繞著第十三世界的英雄傳說展開……
172,阿羅阿羅島,,拾穗人總會送到的一封信，<hex:02100103>讓冒險者接受了煉金術士帕薩松的委託——協助捕魚人摩提夏。<hex:02100103>冒險者與摩提夏一同前往浮於南洋的島嶼——阿羅阿羅島。<hex:02100103>在這場愉快的釣魚之旅中，等待著摩提夏的是怎樣的奇幻事件呢？！
173,路易索瓦傳,,冒險者在烏爾達哈遇到了一位寫書的青年納納恩吉。<hex:02100103>他計劃書寫一本賢人路易索瓦的傳記，因此想要調查第七靈災時的事情。<hex:02100103>在協助想要了解過去、放眼未來的納納恩吉的過程中，<hex:02100103>冒險者見到了諸多的「思念」……
174,金曦之遺輝1,,統一圖拉爾大陸的圖萊尤拉聯合王國即將展開選拔下一任國王的繼位儀式，<hex:02100103>公主烏克·拉瑪特遠渡重洋來到艾歐澤亞，尋求繼位儀式的協助者。<hex:02100103>冒險者接受了公主的邀請，嶄新的冒險即將在這片艾歐澤亞遙遠西方的大陸上拉開序幕……
175,金曦之遺輝2,,經過數個試煉之後，繼位儀式終於落下帷幕，<hex:02100103>烏克·拉瑪特和柯納分別作為武王和理王，繼位成為圖萊尤拉的新任聯王。<hex:02100103>而在新王繼位的熱鬧喧囂之外，冒險者與埃倫維爾一路北上，<hex:02100103>準備在薩卡圖拉爾開展新的冒險。
176,蝰蛇劍士任務,,蝰蛇劍士是以狩獵威脅人類安危的野獸為使命的戰士。<hex:02100103>冒險者在烏爾達哈遇到了一個自稱蝰蛇劍士的男人克蘇誇。<hex:02100103>出身於圖拉爾大陸的克蘇誇為何遠離故土來到艾歐澤亞？<hex:02100103>在與克蘇誇共同狩獵威爪的過程中，冒險者逐漸了解蝰蛇劍士的責任與信念。
177,繪靈法師任務,,喜歡畫畫嗎？想不想畫出魔法一般的畫？<hex:02100103>令人困擾的莫古力攔住了路過的冒險者不斷追問著。<hex:02100103>這次意外的邂逅成了冒險者繼承傳說中「繪靈法師」技巧的第一步。<hex:02100103>冒險者接過畫筆，在旅途的各地幫助人們，點亮希望……
178,防護職能任務：金曦之章,,自由之門是一個以顛覆國家為目標的邪惡秘密組織。<hex:02100103>該組織的幹部從圖拉爾大陸盜取擁有特殊力量的祭器，在世界各地暗中作亂。<hex:02100103>冒險者接下委託前往伊修加德，協助特恩托瓦奪回擁有操控睡眠的力量的獨角鯨祭器。<hex:02100103>冒險者能否成功挫敗邪惡組織的陰謀？一場考驗守護者的拉鋸戰即將開幕！
179,治療職能任務：金曦之章,,自由之門是一個以顛覆國家為目標的邪惡秘密組織。<hex:02100103>該組織的幹部從圖拉爾大陸盜取擁有特殊力量的祭器，在世界各地暗中作亂。<hex:02100103>冒險者接下委託前往利姆薩·羅敏薩，協助洛蘇卡納奪回擁有操控毒素的力量的蠍子祭器。<hex:02100103>冒險者能否成功挫敗邪惡組織的陰謀？一場對抗純真惡意的拉鋸戰即將開幕！
180,近戰職能任務：金曦之章,,自由之門是一個以顛覆國家為目標的邪惡秘密組織。<hex:02100103>該組織的幹部從圖拉爾大陸盜取擁有特殊力量的祭器，在世界各地暗中作亂。<hex:02100103>冒險者接下委託前往黃金港，協助伊陶喀取回擁有變化之力的鳳蝶祭器。<hex:02100103>冒險者能否成功挫敗邪惡組織的陰謀？一場分辨真偽的問心拉鋸戰即將開幕！
181,遠程物理職能任務：金曦之章,,自由之門是一個以顛覆國家為目標的邪惡秘密組織。<hex:02100103>該組織的幹部從圖拉爾大陸盜取擁有特殊力量的祭器，在世界各地暗中作亂。<hex:02100103>冒險者接下委託前往阿拉米格，協助西托加奪回擁有絕對防壁之力的犰狳祭器。<hex:02100103>冒險者能否成功挫敗邪惡組織的陰謀？一場銳意破壁的拉鋸戰即將開幕！
182,遠程魔法職能任務：金曦之章,,自由之門是一個以顛覆國家為目標的邪惡秘密組織。<hex:02100103>該組織的幹部從圖拉爾大陸盜取擁有特殊力量的祭器，在世界各地暗中作亂。<hex:02100103>冒險者接下委託前往拉札罕，協助帖佩切奪回能夠操控運氣的貓頭鷹祭器。<hex:02100103>冒險者能否成功挫敗邪惡組織的陰謀？一場揭穿虛假正義的拉鋸戰即將開幕！
183,職能劇情任務：金曦之章,,自由之門是一個以顛覆國家為目標的邪惡秘密組織。<hex:02100103>在冒險者的努力下，自由之門的幹部們的陰謀被一一挫敗，被盜走的祭器也全部追回。<hex:02100103>如今只剩自由之門的首領阿帕西仍未落網，為了防止她引發更大的混亂，<hex:02100103>冒險者開始追擊阿帕西，力求將其繩之以法。
184,阿卡狄亞登天鬥技場,,招式對招式、魔法對魔法，生命與生命碰撞出絢麗的火花，上演比戲劇更華麗的戰鬥——一切盡在阿卡狄亞登天鬥技場。<hex:02100103>在這一享譽亞歷山德裡亞的國民娛樂中，鬥士們利用魔物靈魂，為觀眾奉上了更加激烈的戰鬥。<hex:02100103>冒險者受邀加入了這場狂熱盛宴，踏上了通往鬥技場頂點的冠軍之路。
185,金曦之遺輝終章,,為了保護由死者記憶而生的永久人，<hex:02100103>永恆女王企圖從異界奪取生命乙太。<hex:02100103>冒險者一行成功擊潰這一危機，拯救了諸多生命。<hex:02100103>然而圖萊尤拉和亞歷山德裡亞兩國還面臨著諸多尚待解決的課題。
186,,,
187,,,
188,萬魔殿外傳,,解決了萬魔殿的一系列事件，成功粉碎雅典娜的野心後，<hex:02100103>冒險者從星海研究員克勞狄恩那裡拿到了一個神秘包裹。<hex:02100103>乘著悠久之風回到遙遠過去，冒險者再次見到了令人懷念的熟悉面孔。
189,職能任務序章：金曦之章,,圖萊尤拉最受歡迎的知名餐館「貝殼亭」每日人來人往，招待著來自各地的不同種族的客人。<hex:02100103>某日，一群高聲密謀邪惡計劃的外國客人引起了店主布魯克·耶伏的注意。<hex:02100103>為了阻止那些客人口中的陰謀詭計，布魯克·耶伏決定向冒險者求助……
190,,,
191,製作採集任務序章：曉月之章,,在薩雷安的最高學府魔法大學，從不缺申請各種稀奇物品的研究員。<hex:02100103>魔法大學的職員奇伊·阿里亞珀看中了冒險者的本事，<hex:02100103>請求冒險者協助解決各學系教授和學生的困難。<hex:02100103>這些尋求協助的人面臨的困難千奇百怪，冒險者能否順利幫助他們解決問題呢？
192,魔法大學交易：考古系,,<hex:024804F201F403><hex:024904F201F503>任務內可以直接推進劇情，無需交納收藏品。<hex:0249020103><hex:0248020103><hex:02100103>露露夏考古學研究室正在尋找能修復遺物的工匠。<hex:02100103>露露夏教授認為古代遺物「黃金恰塔號」是一種具有特殊能力的魔法人偶。<hex:02100103>冒險者與教授及其助手博里克一同開始修復這件古物。
193,魔法大學交易：天文系,,<hex:024804F201F403><hex:024904F201F503>任務內可以直接推進劇情，無需交納收藏品。<hex:0249020103><hex:0248020103><hex:02100103>性格軟弱的裘德獨自支撐著古典天文學研究會。<hex:02100103>為了證明兒時與友人一同發現的「蔚藍之星」是真實存在的，襲德一直堅持研究。<hex:02100103>與冒險者討論過後，襲德決定委託冒險者製作用於占星的魔具觀星鏡。
194,魔法大學交易：醫學系,,<hex:024804F201F403><hex:024904F201F503>任務內可以直接推進劇情，無需交納收藏品。<hex:0249020103><hex:0248020103><hex:02100103>醫學系加爾韋羅什教授的研究室正在開發一種「完美食料」，旨在應對極端環境下的食物問題。<hex:02100103>然而「完美食料」的試製品異常難吃，而負責人加爾韋羅什教授又是個只重視營養含量，不在乎味道的人。<hex:02100103>熱愛美食的學生德布羅依為了拯救眾人的味覺，請求冒險者協助她改良「完美食料」的味道。
195,魔法大學交易：文化系,,<hex:024804F201F403><hex:024904F201F503>任務內可以直接推進劇情，無需交納收藏品。<hex:0249020103><hex:0248020103><hex:02100103>文化系斷金研究室的雛芥子向冒險者坦白了她對教授的心意。<hex:02100103>可惜斷金教授是一個眼中只有研究的超級絕緣木頭，根本沒有察覺到雛芥子的心意。<hex:02100103>冒險者在協助他們體驗不同文化的同時，是否也能為雛芥子的戀愛推波助瀾呢？！
196,魔法大學交易：乙太系,,<hex:024804F201F403><hex:024904F201F503>任務內可以直接推進劇情，無需交納收藏品。<hex:0249020103><hex:0248020103><hex:02100103>茶·拉恰·提亞副教授開辦的環境乙太研究室正面臨關門危機。<hex:02100103>本該親赴外地考察的副教授因醉乙太症狀嚴重，無法使用傳送魔法外出。<hex:02100103>為了協助這位可憐的副教授完成河流及海洋的乙太流研究，冒險者前往各地釣取當地的水生生物樣本。
197,製作採集劇情任務：曉月之章,,蒙蒂謝涅校長打算辦一場各學系互相交流成果的「共享研究會」。<hex:02100103>冒險者接受了校長的委託，前往自己幫助過的5個研究室及研究會，邀請眾人參加共享研究會，並獲得了肯定的答覆。<hex:02100103>同時，自月球而來的兔兔族查明威，也在好奇心的驅使下前來參觀共享研究會。<hex:02100103>與查明威一起在共享研究會上轉轉，見證這場研究會的盛況吧！
198,製作採集任務序章：金曦之章,,珠串萬貨街的代表洛皮利很中意冒險者的手藝，為冒險者介紹了幾個有困難的店鋪，並請求冒險者協助他們處理問題。<hex:02100103>「珠串」是圖萊尤拉的特產，是一種將許多裝飾串在一起做成的項鏈。<hex:02100103>而珠串萬貨街就像是一串由不同的人和物串成的項鏈。來賓店主各取所需，皆大歡喜，也為整個萬貨街增添了光彩。
199,珠串萬貨街交易：五金店,,<hex:024804F201F403><hex:024904F201F503>任務內可以直接推進劇情，無需交納收藏品。<hex:0249020103><hex:0248020103><hex:02100103>拉爾·索吉五金店是一家以出貨快為賣點的店鋪，主營鍋及刀具等金屬類日用品。<hex:02100103>店主拉爾·索吉的煩惱源於她最近僱傭的新員工帕帕尼。帕帕尼曾是一名罐子工，<hex:02100103>她的製作經驗全是金銀工藝，追求豪華且耗時長，與五金店的風格大相徑庭。<hex:02100103>拉爾·索吉希望冒險者能協助帕帕尼完成工作，更好地適應五金店的節奏。
200,珠串萬貨街交易：筆記工房,,<hex:024804F201F403><hex:024904F201F503>任務內可以直接推進劇情，無需交納收藏品。<hex:0249020103><hex:0248020103><hex:02100103>圖萊尤拉有相當一部分人不會讀寫，而帕梅拉筆記工房便是為這樣的人提供代筆服務的店鋪。<hex:02100103>某日，店主帕梅拉接到了一個委託，委託人澤莫韋尼希望帕梅拉將他從酒館客人那裡聽來的故事整理成冊。<hex:02100103>冒險者在店主的請求下負責書籍裝訂，見證人們口中流傳的故事變成手中有形之物的過程。
201,珠串萬貨街交易：鮮榨果藝,,<hex:024804F201F403><hex:024904F201F503>任務內可以直接推進劇情，無需交納收藏品。<hex:0249020103><hex:0248020103><hex:02100103>謝榮加鮮榨果藝經營不善，面臨倒閉危機。<hex:02100103>為了改變這個局面，冒險者與店主謝榮加及採集人員哈雷納魯坷齊心協力，<hex:02100103>為居住在圖萊尤拉的眾多種族開發助益健康的新品果汁。
202,珠串萬貨街交易：奇珍異寶,,<hex:024804F201F403><hex:024904F201F503>任務內可以直接推進劇情，無需交納收藏品。<hex:0249020103><hex:0248020103><hex:02100103>身具神秘脆弱感的眾陽之民休涅經營著一間健康用品店，主營植物、礦石等具有特殊功效的物品。<hex:02100103>應前任籌備人員的請求，冒險者造訪了休涅的奇珍異寶，並與想了解眾陽之民文化的烏夫洛一起成了店裡的新任籌備人員。<hex:02100103>在完成籌集工作的過程中，冒險者逐漸了解了眾陽之民的文化，以及店主休涅的過去……
203,珠串萬貨街交易：隨心釣,,<hex:024804F201F403><hex:024904F201F503>任務內可以直接推進劇情，無需交納收藏品。<hex:0249020103><hex:0248020103><hex:02100103>多努哈努隨心釣是一家魚店。店主多努哈努喜愛怪魚，可這些怪魚卻銷量不佳。<hex:02100103>正當店主一籌莫展之際，遇到了正在修練幻魚術的瓦拉其族帕謝尼涅，兩人一拍即合。<hex:02100103>於是，魚店迎來了冒險者釣魚，帕謝尼涅吃魚修練，店主找到新銷路的好日子……
204,製作採集劇情任務：金曦之章,,圖萊尤拉在短期內頻繁遭遇苦難。好在國民齊心協力，總算渡過了難關。<hex:02100103>如今造訪圖萊尤拉的尤卡巨人族和從穹頂回歸故鄉的人也在不斷增加。<hex:02100103>為了加強各部族間的聯繫，讓人們像珠串一樣更加緊密地聯繫在一起，<hex:02100103>洛皮利決定舉辦一場盛大的販賣會——珠串萬貨街感恩大酬賓。
205,,,
