key,0,2,8
#,Name,,Description
offset,0,4,8
int32,str,str,str
0,0,0,
1,渡渡鳥,0,原產自馬茲拉雅島的大型鳥類，因為過於肥胖而失去了飛行的能力。當初一部分盧恩人將渡渡鳥的蛋帶到了大陸上，後來一部分沒有被吃掉的蛋孵化成功，從此不會飛的渡渡鳥成功跨越了大洋走進大陸。渡渡鳥的胸肉特別美味，現在在艾歐澤亞的各大城邦都有飼養。不過家養並不意味著沒有危險，渡渡鳥口中的催眠分泌物特別強勁，在遭到攻擊時會吐向對方以求自保。
2,冬貝利,0,謎一般的生物，集體生活在第五星曆時代繁榮興盛的尼姆文明的遺跡裡。和人一樣穿著衣服，並且從它們能駕馭各種道具來看，想必擁有著較高的智能。在尼姆時代的石板上，有著「病魔搬運者」等不吉利的記載。
3,仙人刺,0,生活在乾燥地區且會移動的仙人掌。因能在體記憶體留水分來長期抵禦乾燥而被人廣泛知曉。為了能在殘酷的環境中生存下去，它們會積極採取自衛行動，從體內射出針刺來攻擊它們的敵人。
4,魔石精,0,出沒於石場和礦山的黑色魔物。它們一直小心翼翼地抱著一塊珍貴的石頭，所以也被採礦工們敬稱為「財寶守護者」。不過根據古籍«百石大鑒»中的記載，其實魔石精是被石頭支配了。於是後人根據這一點將其在物種上劃分到了咒具綱中。
5,軟糊怪,0,虛無界中滿是汙水的沼澤裡產生的異形魔物。它們能夠模仿人類的聲音吸引獵物，不過自身的智慧卻很低。根據妖異學者分出的「妖異十二階」來看，軟糊怪在其中也就排第十階級，屬於下級妖異。
6,爆彈怪,0,「妖異十二階」中排名第十一階級的火球狀氣體生物。它們只要一見到體內含有油脂的生物，無論是動物植物還是人類，就會為了讓油脂成為自身的燃料而無差別地發起攻擊。而其中一類溫度更高的爆彈怪被稱作「榴彈怪」，可排進「妖異十二階」的第十階級。
7,蔓德拉,0,第七靈災後突然出現的類似植物的生物。具體是從哪裡來的，至今未能解明。它們好像有著特殊的智能，可以不通過語言就相互進行交流，因還在研究途中，所以具體情況還不是很了解。
8,礦爬蟲,0,這種奇妙的魔物會四處爬行尋找能夠形成自己甲殼的礦物。關於這種魔物有兩種截然不同的解釋：格里達尼亞的學者認為這是一種為了自保而在背上植入礦石的動物；烏爾達哈的學者則認為這是一種為了增殖而寄生並控制動物行動的礦石。
9,魔界花,0,利用卷鬚爬行的大型食獸植物。為了引誘獵物同時也為了讓獵物昏厥，它們會從捕食器官放出強烈的香氣。捕食器官裡大量牙狀的棘不是為了將獵物咬碎，而是為了固定住獵物並將其完全消化。
10,長鬚豹,0,一種四足肉食獸，其兇猛的模樣讓人畏懼。它們的觸鬚十分靈活，捕獵時會用觸鬚放出電擊將獵物麻痺後進行捕食。原棲息地為近東地域。艾歐澤亞棲息的長鬚豹是那些用於戰鬥被引進而後回歸野性的長鬚豹。
11,冥鬼之眼,0,一種虛無界的魔物，通過依附動物的眼球出現在物質界。有著較強的魔力，可以通過划動空中的乙太讓自己浮在空中，擅長石化之術。在妖異學的階級分類中，大概能排到第四至第五階級的樣子，屬於中級妖異。
12,古菩猩猩,0,如小山一樣的巨型兩足獸。與頭部的苔蘚是共存關係，苔蘚會給予古菩猩猩偽裝，而在乾燥期的時候，古菩猩猩會用長長的手臂給頭部的苔蘚澆水保濕。平時移動很緩慢，在餓了的時候會用那大大的嘴將會動的東西全部吃掉。
13,陸行鳥,0,利用強壯的腿在大地上奔跑的陸生大型鳥。在艾歐澤亞，陸行鳥自古就用來馱物、拉車以及騎乘。已知庫爾札斯是陸行鳥的一大產地，除此之外，在阿巴拉提亞山脈的秘境「陸行鳥之森」裡也有著大量野生的陸行鳥。
14,蜥蜴人,0,生活在帕戈爾贊草原的游牧之民，平日趕趕羊和蜥蜴，是烏爾達哈的宿敵。從小就接受各種軍事訓練，無論男女老幼，全都是優秀的兵士。另外，蜥蜴人擅長火法冶金技術，他們製作的武具也很有價值。
15,鳥人,0,非常好戰的山岳之民，生活在暴風肆虐的大溪谷。殘留在他們手臂上的羽翼是曾在空中翱翔過的證明，也是他們的驕傲。他們希望奪回曾經居住過的黑衣森林，將林木獻給他們信仰的風神。因此與格里達尼亞之間的關係非常不好。
16,壞妖精,0,住在黑衣森林深處的幽谷之民，是一種非常小的獸人。外表非常可愛，像是裹著樹葉的人偶。他們之中雖然幻術高手有很多，可是卻經常會用幻術做一些非常過分的惡作劇，鬧得雞飛狗跳。如果旅行途中經過他們的棲息地，可一定要多加留意周圍的一切可疑事物。
17,地靈,0,一種被稱作地底之民的獸人，居住在威爾布蘭德島山岳地帶的坑道裡。他們將礦物獻給土神，並從土神的法則中孕育出了高度發達的煉金術。與利姆薩·羅敏薩簽訂了不可侵犯的條約，可誰在乎呢。
18,魚人,0,以蒼茫洋為根據地的水棲之民。他們在水中也能呼吸，且柔軟的四肢讓他們游起泳來非常優雅。魚人族是由一隻雌性魚人以女王的身份進行管理的，建立起像金字塔一樣的階級社會。與利姆薩·羅敏薩是敵對關係。
19,塔塔露·塔露,0,「哼哼～哼哼～哼。<hex:02100103>沙之小屋～開滿了～鮮花。」<hex:02100103>拂曉血盟接待員：塔塔露·塔露
20,莫古力,0,生活在黑衣森林中謎一般的種族。有著強大的魔力，平時會用魔法將自身隱藏起來生活。因此，沒有魔法素養的人想看見他們是極其困難的。眾所周知，莫古力們非常喜歡歌舞。
21,塞壬,0,一種海上的魔物，會用優美的歌聲迷惑船員，使船隻遇難。傳聞在很久以前，所有的塞壬都被大海盜霧鬚王討伐掉了，可是近幾年，卻又有了塞壬的目擊情報。據說塞壬會吸取遇難船上船員的陽氣，使他們變成一具行屍走肉。
22,奧爾特羅斯&提豐,0,咒術師公會進行妖異召喚實驗時召喚出來的謎一樣的生物。雖然看似是虛無界的妖異，可具體情況一概不明。奧爾特羅斯就職於鬥技場財團，而提豐就職於金碟遊樂場。
23,惡魔牆,0,一種古代魔法的產物，用血在牆面刻上花紋，為其注入生命，讓其成為建築物的守護者。在失去了主人之後，惡魔牆依舊忠誠地守護著遺跡，將貿然闖入的冒險者們送上悲慘的末路。
24,夢魔,0,藉助依附女性的身體而顯現於物質界的妖異。擁有著神秘而美麗的容姿。有時甚至會將依附主生前的思想繼續繼承下去。可排進「妖異十二階」的第三至第四階級，屬於上級妖異。
25,奇美拉,0,有著獅子、山羊以及龍頭的異形魔物。背上長著如蝙蝠一樣的翅膀，尾巴又與蠍子的尾巴極其相似，奇美拉擁有著多種魔獸的特徵。有人說它是諸神無聊所創造出來的，也有人說它是邪惡魔法師的研究成果……
26,藍龍,0,與塵世幻龍和幻龍之子的七大天龍相關聯的種族。它們擁有上千年的壽命，而在成長過程中也會有著各種不同的「進化」。所以就算是同一種族，個體之間也會有著極大的差異。
27,美男子布迦加,0,「啊、啊……啊、喔……激動、起來了！」<hex:02100103>傭兵：美男子布迦加
28,莫莫蒂·莫蒂,0,「……不過，暢談人生就免了。<hex:02100103>戀愛諮詢的話我或許可以幫你。嘻嘻。」<hex:02100103>流沙屋老闆娘：莫莫蒂·莫蒂
29,十指巴德龍,0,「就算是海豚也會溺水，想要成為一名合格的冒險者，就不要忘記自己的初衷。」<hex:02100103>沉溺海豚亭老闆：十指巴德龍
30,繆恩,0,「歡迎來到魔女咖啡館，喝點東西放鬆一下吧。」<hex:02100103>魔女咖啡館店主：繆恩
31,莉維亞·薩斯·尤尼烏斯,0,「你要是再磨蹭的話……我就殺了你。」<hex:02100103>第十四軍團軍政官：莉維亞·薩斯·尤尼烏斯
32,里塔提恩·薩斯·阿維納,0,「里塔提恩·薩斯·阿維納！<hex:02100103>願為蓋烏斯閣下出生入死！」<hex:02100103>第十四軍團陣營官：里塔提恩·薩斯·阿維納
33,比格斯&魏吉,0,「還不快道謝？！」<hex:02100103>「謝謝你救了我們！」<hex:02100103>加隆德煉鐵廠：比格斯&魏吉
34,蓋羅爾特·布拉克索恩,0,「嘖……聽好了，<hex:02100103>別看我現在在給酒館做破水壺，<hex:02100103>可我就算再怎麼墮落，都是個一流武器工匠。」<hex:02100103>流浪的武器工匠：蓋羅爾特·布拉克索恩
35,弗里克希奧,0,「那裡面太悶了，我差點就變成基薩爾野菜了呼啾！」<hex:02100103>暫留地的族長：弗里克希奧
36,繆塔米克斯,0,「呼哧……呼哧……<hex:02100103>人心 寄宿於物品中 化為魔晶石 放出光輝。」<hex:02100103>窯爐搬運者：繆塔米克斯
37,梅梅盧恩,0,「梅梅盧恩，最喜歡，閃閃金幣。<hex:02100103>梅梅盧恩，交易站，變更大！」<hex:02100103>梅梅盧恩交易站：梅梅盧恩
38,貝希摩斯,0,一種肌肉異常發達的肉食獸。自第七靈災後，在庫爾札斯山脈地區相繼發現了有關其的目擊情報，人們將它稱為蠻神巴哈姆特之子，並起名「貝希摩斯」。有關貝希摩斯的生存狀態尚有許多未解之迷，有待研究。
39,吉爾伽美什&恩奇都,0,「我是流浪的劍豪……吉爾伽美什！」<hex:02100103>吉爾伽美什&恩奇都
40,伊弗利特,0,蜥蜴人族召喚的火神。外表猙獰的伊弗利特可謂兇猛狂暴，其吐息如業火一般，其爪可融化鋼鐵，其角能燃燒天空。挑戰它的人必定會被「地獄之火炎」燃身燒心。
41,泰坦,0,地靈族召喚的土神。泰坦本身性格非常溫和，對待自己的信徒地靈族如子嗣般疼愛。不過戰鬥中的泰坦卻截然不同。那巨大如山的身軀加上「大地之怒」，能讓整個大地都搖晃起來。
42,迦樓羅,0,鳥人族召喚的風神。雖然其在空中飛舞的姿態非常優雅，可本質則嗜血成性，無比殘忍。信徒們畏懼地稱她為「無情女王」。性情變得狂躁後，會放出暴風「大氣爆發」。
43,賢王莫古爾·莫古十二世,0,莫古力族召喚的傳說中的王。在故事中，他曾引領莫古力族從天界來到地上，是莫古力族最後的國王。他對部下關照有加，並因此被稱讚為賢王。
44,拉雅·奧·神納&阿·盧恩·神納,0,「嘉恩·艾·神納是我的姐姐。<hex:02100103>我還有個弟弟叫阿·盧恩·神納，<hex:02100103>我們三人被稱為幻術三皇。」<hex:02100103>幻術三皇：拉雅·奧·神納&阿·盧恩·神納
45,戈德伯特·曼德維爾,0,「我戈德伯特身為艾歐澤亞最強的雕金匠……<hex:02100103>竟搞成這樣，真是慚愧……」<hex:02100103>曼德維爾家族及曼德維爾集團代表：戈德伯特·曼德維爾
46,桑克瑞德,0,「關鍵時刻閃亮登場，<hex:02100103>也是展現個人魅力的好機會！」<hex:02100103>拂曉血盟：桑克瑞德
47,尼祿·托爾·斯卡艾瓦,0,「加隆德……我要讓你知道，<hex:02100103>我的魔導技術才是更好的。」<hex:02100103>第十四軍團幕僚長：尼祿·托爾·斯卡艾瓦
48,帕帕力莫&伊達,0,「伊達！來得太晚了！」<hex:02100103>「嘿嘿，你們沒事就好啦。」<hex:02100103>拂曉血盟：帕帕力莫&伊達
49,雅·修特拉,0,「那麼就幹掉眼前的敵人吧。<hex:02100103>我們兩個人聯起手來。」<hex:02100103>拂曉血盟：雅·修特拉
50,於里昂熱·奧居雷,0,「月明流散，拂曉驅暗……<hex:02100103>這是我已故友人的遺文……感謝我們的這次相會。」<hex:02100103>拂曉血盟：於里昂熱·奧居雷
51,究極神兵,0,加雷馬帝國軍第十四軍團用來對抗蠻神的兵器。原本是第三星曆時期古代亞拉戈帝國建造的兵器，卻因某種原因被長期埋藏在阿拉米格邊境的山中。後來由帝國軍將其挖掘出土，並進行了修復。
52,奧丁,0,彷徨於黑衣森林的上古蠻神。無人知曉究竟是誰、何時將其召喚出來的。傳聞奧丁騎著愛馬「斯萊普尼爾」闊步於黑衣森林，是為了找出自己的仇敵並將其打倒。
53,拉姆,0,妖精族信仰的雷神。傳說拉姆是通曉古代知識且非常理智的「森林長老」，可是他也有著嚴厲審判者的一面。對於侵犯森林聖域的敵人，會毫不留情的劈下「制裁之雷」。
54,利維亞桑,0,魚人族召喚的水神。潛藏在無光深海，能吞噬海上的一切，非常可怕。從前靠海生活的人們認為巨浪和海嘯都是利維亞桑的怨念所致，他們曾獻上活祭祈求利維亞桑的怒火平息。
55,希瓦,0,降臨於庫爾札斯的冰神。伊修加德正教聖典記載說希瓦與龍族私通，是歷史上第一個異端者。而異端者則將其推崇為聖女，認為希瓦是與龍族友好的象徵。
56,敏菲利亞,0,「我們的目的只有一個，<hex:02100103>那就是拯救艾歐澤亞這片眾神眷顧的大地。」<hex:02100103>拂曉血盟盟主：敏菲利亞
57,無影拉哈布雷亞,0,「所以和那顆水晶一起……就此消失吧！」<hex:02100103>暗之使徒：無影拉哈布雷亞
58,西德·加隆德,0,「這艘企業號，<hex:02100103>是為了將英雄送上戰場而造出來的船！」<hex:02100103>加隆德煉鐵廠代表：西德·加隆德
59,阿爾菲諾&阿莉塞,0,「目標都是一致的。以後一定會互相理解的吧。」<hex:02100103>「能理解倒好了！」<hex:02100103>阿爾菲諾·萊韋耶勒爾&阿莉塞·萊韋耶勒爾
60,路易索瓦·萊韋耶勒爾,0,「你是用自己的雙手開拓道路的人。<hex:02100103>道路上會聚集人群……<hex:02100103>人聚集到了一起，也就自然有了城邦。」<hex:02100103>賢人：路易索瓦·萊韋耶勒爾
61,巴哈姆特,0,封印於衛月的古代蠻神。因封印解除，使得巴哈姆特結束了長達數千年的沉睡，它用烈焰「百萬核爆」將艾歐澤亞燒盡，引發了第七靈災。
62,希爾迪布蘭德&娜修·瑪卡拉卡,0,「天知地知事件知，我乃漂泊的調查員……<hex:02100103>希爾迪迪迪迪迪迪布蘭德！！」<hex:02100103>調查員：希爾迪布蘭德&助手：娜修·瑪卡拉卡
63,娜娜莫·烏爾·娜莫,0,「人民的智慧、人民的勇氣、人民的笑顏。<hex:02100103>只有人民的生命，才是烏爾達哈無與倫比的至寶。」<hex:02100103>烏爾達哈第十七代國王：娜娜莫·烏爾·娜莫
64,蓋烏斯·範·巴埃薩,0,「為什麼愚昧的人民會依賴這些偽神？<hex:02100103>原因很簡單，就是因為那些長者、王者、執政者都是一群軟弱無能之輩！」<hex:02100103>第十四軍團軍團長：蓋烏斯·範·巴埃薩
65,梅爾維布·布魯菲斯維因,0,「勝利就像那變幻莫測的海面一般……<hex:02100103>只有熟知天候、讀懂潮汐變化，<hex:02100103>並能將其馴服支配化為己用的人才能得到眷顧。」<hex:02100103>黑渦團提督：梅爾維布·布魯菲斯維因
66,嘉恩·艾·神納,0,「我們要時而如柳枝般柔韌，時而如櫟木般強韌。<hex:02100103>經歷過風雨後，一定可以迎來和風拂面。」<hex:02100103>幻術三皇：嘉恩·艾·神納
67,勞班·阿爾丁,0,「哈哈哈哈！戰場是個好地方……<hex:02100103>你不知道會碰到什麼。眼前的敵人可能會成為自己的老師，而與自己並肩作戰的戰友則可能成為你的敵人。」<hex:02100103>恆輝隊局長：勞班·阿爾丁
68,光之戰士,0,「光明是不會消失的！」<hex:02100103>傳說中的英雄：光之戰士
69,弗利奧尼爾,0,「走自己認為正確的路！僅此而已！」<hex:02100103>傳說中的英雄：弗利奧尼爾
70,洋蔥劍士,0,「不要僅憑外表就下結論呀！」<hex:02100103>傳說中的英雄：洋蔥劍士
71,塞西爾·哈維,0,「我不是說過嗎？這也是我們的戰鬥。」<hex:02100103>傳說中的英雄：塞西爾·哈維
72,巴茲·克勞澤,0,「我老爸臨終前告訴我，<hex:02100103>要我到世界各地旅行，增長見識……<hex:02100103>而且……風在呼喚我！」<hex:02100103>傳說中的英雄：巴茲·克勞澤
73,蒂娜·布蘭福德,0,「別擔心，和平的未來一定已經近在咫尺了……」<hex:02100103>傳說中的英雄：蒂娜·布蘭福德
74,克勞德·斯特萊夫,0,「幻想已經結束了……我要活在我的現實中。」<hex:02100103>傳說中的英雄：克勞德·斯特萊夫
75,斯考爾·萊昂哈特,0,「我可不想被當成過去式！」<hex:02100103>傳說中的英雄：斯考爾·萊昂哈特
76,吉坦·特萊巴爾,0,「幫助他人需要理由嗎？」<hex:02100103>傳說中的英雄：吉坦·特萊巴爾
77,提達,0,「尤娜在那裡！那就去救她！就這麼簡單！」<hex:02100103>傳說中的英雄：提達
78,香托托,0,「哎呀！我可要爆發了哦！」<hex:02100103>傳說中的英雄：香托托
79,梵,0,「不管強不強，我們都一起走過來，<hex:02100103>也會一起走下去！」<hex:02100103>傳說中的英雄：梵
80,雷光,0,「不是能不能做到的問題。<hex:02100103>不做不行的話，就放手去做。」<hex:02100103>傳說中的英雄：雷光
81,風箏貓,0,該生物有著蝙蝠一樣的翅膀，以及貓一樣的四肢，並且智能也不算很差，謎團非常多。博物學者認為它是所屬百獸綱的魔物，而一部分妖異學者則認為它是排名第十一階級的下級妖異。
82,瓦努族,0,在阿巴拉提亞雲海浮島上生活的居民。因長期居住在與大地隔絕的雲海之上，所以與其他種族的交流幾乎為零。近些年來，地上的人們藉助飛空艇踏上了雲海，使得他們的警戒心也有所增強。
83,骨頜族,0,在龍堡參天高地南部地區居住的狩獵民族，外貌與昆蟲非常相似。他們發展出了獨特的煉金術與冶金術，可以通過焚燒一種能夠驅龍的香料來保護自己。在集體中有那麼一個類似王的個體，他與其他個體都進行了精神連結，統率起來非常方便。
84,霧中行者夕霧,0,「多瑪的忍者們，報恩的時候到了！」<hex:02100103>多瑪忍者：夕霧
85,胖陸行鳥,0,在幼鳥時期就暴飲暴食，結果長大後身體變得巨大無比的陸行鳥。在哥布林族的民間傳說中，這種胖陸行鳥在地底世界被稱作神鳥，受人崇拜……也不知是真是假。
86,獅鷲,0,棲息在阿巴拉提亞山脈深處的一種有翼魔獸。在高空以出色的視力鎖定獵物後，急速下落捕捉獵物的過程最為精彩。其兇猛的姿態早在古時就被作為勇猛的象徵了，所以阿拉米格的紋章也設計成了獅鷲的模樣。
87,刁曼,0,棲息在索姆阿爾靈峰山頂的大型龍族。因身上漆黑的鱗片，所以被伊修加德的人們稱為黑龍，是條非常可怕的龍。它與七大天龍中的尼德霍格相互結伴成雙成對，人們也恐懼地稱它為尼德霍格的伴龍。
88,埃斯蒂尼安,0,「尼德霍格，給我等著，我一定會將你親手了結……」<hex:02100103>蒼天之龍騎士：埃斯蒂尼安
89,露琪亞,0,「沉溺在過去的恩怨中是無法放眼看向未來的。」<hex:02100103>神殿騎士團副騎士長：露琪亞
90,伊塞勒,0,「我們已被眾神所拋棄，<hex:02100103>只有昔日的聖女能夠為我們帶來救贖！」<hex:02100103>冰之巫女：伊塞勒
91,希爾達,0,「這裡可沒有太多機會看到傳說中的英雄，<hex:02100103>你們有什麼事就直說吧。」<hex:02100103>反抗組織的領導人：希爾達
92,瑪托雅,0,「你們專程到這個偏僻角落裡來找我，<hex:02100103>肯定是遇到了你們這些小毛孩處理不了的問題了吧。」<hex:02100103>隱者：瑪托雅
93,埃德蒙·德·福爾唐,0,「我作為歷史悠久的福爾唐家族的一家之主，<hex:02100103>衷心歡迎各位的光臨。」<hex:02100103>福爾唐家家主：埃德蒙·德·福爾唐
94,比布魯斯,0,守護迦巴勒幻想圖書館禁書庫大門的大型妖異，應該是薩雷安的魔法師們從虛無界召喚出來的。由於被盟約所拘束，所以只好忠實地守護書庫。
95,奧爾什方,0,「……好……很好！<hex:02100103>啊……這久經鍛鍊的肉體！」<hex:02100103>福爾唐家的騎士：奧爾什方
96,艾默里克,0,「您就是那位德高望重的冒險者吧，果然一表人才。」<hex:02100103>神殿騎士團總騎士長：艾默里克
97,羅波那,0,骨頜族所召喚的尚武之神。性情豪放，以武為榮，以勇為耀，是位勇猛的蠻神。他將戰鬥看得非常神聖，每次都會手持變幻莫測的月光劍「明月之笑」進行決鬥。
98,俾斯麥,0,瓦努族所召喚的叢雲之神。在民間的傳說中，雲神的外形是一條在雲海中游曳的巨大白鯨。而在瓦努族的神話中，正是雲神引導他們的祖先到達了浮島之上，「氣泡吹息」則可以驅散世間的邪惡。
99,尼德霍格,0,塵世幻龍的七子之一，也就是七大天龍之一。在持續了千年的龍詩戰爭中，率領龍族的正是尼德霍格。因此，尼德霍格也是伊修加德人憎恨與恐懼的對象。
100,塵世幻龍,0,「無知之徒，休得猖狂。我乃原初之塵世幻龍！」<hex:02100103>塵世幻龍
101,深瞳,0,擁有巨大眼球的小型妖異。一般認為這種妖異是通過憑依在死不瞑目的生物的眼球上而誕生的。雖然根據妖異學者的分類，此妖異只是「妖異十二階」中排第十二階級的最下級妖異，但絕不可因此而輕視它的眼力和魔力。
102,古鳥,0,棲息於阿爾迪納德次大陸北部的有翼獸。雖然長期和其它鳥類一樣被分在有翼綱中，但在近年來，認為它們是繼承了古代種血統的甲鱗綱的學說也逐漸受到重視。另外古鳥似乎經常受到龍族的影響而眷屬化。
103,猴面雀,0,發現於阿巴拉提亞雲海上的一種水桶腰金魚眼的謎一般的生物。在博物學家之間流傳的最為有力的一種說法是，猴面雀應該是奧猴等猿猴的近親。另外，瓦努族似乎認為猴面雀是愚者的象徵。
104,長頸駝,0,生息在阿巴拉提亞雲海的浮島上的百獸綱草食野獸，長長的脖子是其特徵。有種說法認為它們的脖子如此發達是為了能吃到鄰接浮島的樹木。或許是因為棲息在樹木稀少的浮島上，它們對進入自己領地的入侵者會採取非常過激的反應。
105,斑攫獸,0,棲息在森林地帶的百獸綱肉食野獸。在狩獵陸行鳥等野生動物方面是極其優秀的獵人，彎刀一般的獠牙能夠輕易撕裂獵物的皮肉。其性格非常兇猛，一旦發狂便會不顧一切，甚至可能去襲擊龍族。
106,毛爬蟲,0,棲息在龍堡內陸低地的大型百蟲綱魔物。身體表面黑黃相間的警戒色格外顯眼地向外界昭示著它身為有毒生物的事實。雖說其肉可以食用，但如果不進行適當的處理就入口，可能會引發強烈的腹痛。
107,智蛙,0,薩雷安的魔法師們通過在蟾蜍上施加魔法而創造的使魔。擁有可以和人類對話的智能，甚至可以使用魔法。缺陷是一旦停止和人類接觸，便會逐漸喪失理性，最終回到原本的野生蟾蜍狀態。
108,維德佛爾尼爾,0,繼承了聖龍赫拉斯瓦爾格血統的高級龍族。與聖龍的大部分性格沉靜的眷屬不同，喜歡力量與力量的碰撞，性格剛猛。似乎與妄圖襲擊天極白堊宮的暗鱗黑龍是宿敵的關係。
109,長鬚豹女王,0,隨著年齡的增長而不斷積累，最終獲得令人驚異的龐大魔力的雷獸長鬚豹女王。通過巨大的角向大氣中散布的魔力，甚至能對周圍的天氣產生影響。作為傳說中的幻獸，一直在當地的獵人之間口耳相傳。
110,爆彈之母,0,由地靈族的煉金術士所發明的新型爆彈怪。要製造這種尺寸的爆彈怪，需要在能抗高壓的超硬鈷鐵所製成的培育爐中壓縮培養，並且伴隨著爆炸的風險。相對的，它的火力也是普通爆彈怪的十倍以上。
111,劇毒美人,0,生長於奧恩原生林的恐怖食獸植物。這種植物會將花瓣擬態為野獸的形象，引誘獵物靠近並捕食。根據聖茉夏娜植物園的研究結果，這種植物甚至經常將人類識別為獵物。
112,艾奇德娜,0,被封印於魔航船虛無方舟內的大型妖異。第五星曆時代興盛一時的魔法城邦「瑪哈」曾將其作為戰略兵器而使役。據妖異學者的看法，在「妖異十二階」中，該妖異相當於上級貴族級中的第二階級。
113,皮平·塔魯平,0,「我的養父勞班十分信任你們。<hex:02100103>因此，我也會相信你們，會盡全力幫助你們的。」<hex:02100103>恆輝隊協耀將：皮平·塔魯平
114,茱莉安·曼德維爾,0,「謝謝你一直那麼關照我兒子！<hex:02100103>我是小希爾迪的媽媽，我叫茱莉安！」<hex:02100103>茱莉安·曼德維爾
115,莫古靈,0,「所以就趁這段時間把大家不想做的麻煩事交給你們處理了庫啵！」<hex:02100103>雲海莫古力族長老：莫古靈
116,沙里貝爾,0,「所以我才不喜歡和蠢貨說話啊，<hex:02100103>頭腦簡單，一點就著。」<hex:02100103>蒼穹騎士：沙里貝爾
117,朗德洛克斯,0,「巨人的體內 有很多機械哥布！<hex:02100103>好想 在那裡 住一段時間哥布……」<hex:02100103>哥布林族小姑娘：朗德洛克斯
118,仙人刺先生,0,「招募性格開朗，<hex:02100103>喜歡給人們帶來歡樂的拉拉菲爾族，待遇優厚。<hex:02100103>工作地點：金碟遊樂場；保密協議：有。」<hex:02100103>摘自曼德維爾家族及曼德維爾集團的招聘廣告
119,雷古拉·範·休著斯,0,「讓我見識見識英雄的真正實力！」<hex:02100103>第六軍團軍團長：雷古拉·範·休著斯
120,托爾丹七世,0,「我們的目標是徹底解決千年來的禍根。<hex:02100103>為了這個，我已將生死置之度外。」<hex:02100103>伊修加德教皇：托爾丹七世
121,奧諾魯瓦,0,「啊——我該怎麼辦才好……<hex:02100103>這個勢頭讓我有種超級不好的預感，嗯。」<hex:02100103>埃馬內蘭的侍從：奧諾魯瓦
122,赫利·博爾達&庫爾特內,0,「赫利·博爾達！站起來！」<hex:02100103>「……是啊……我還……不能輸！」<hex:02100103>拂曉血盟：赫利·博爾達&庫爾特內
123,腕龍,0,雲冠群島中發現的古代生物。在雲海與世隔絕的環境中存活至今，給了以為它們已經滅絕的博物學家一個大大的驚喜。擁有強大的魔力，能夠操縱巨大的岩塊讓其像隕石般墜落。
124,暗鱗黑龍,0,繼承了邪龍尼德霍格血統的高級邪龍眷屬，擁有眾多的下屬。對不想參加龍詩戰爭的聖龍眷屬很不滿，屢屢與白龍維德佛爾尼爾發生衝突。
125,芬里爾,0,服從於異端者們的頭目——冰之巫女伊塞勒的古狼。是一種名為「霜狼」的古代種生物，因其讓人聯想起清冷月光的鬃毛和凜然雄姿，被以傳說中的幻獸芬里爾命名。
126,克拉肯,0,使無數船隻沉沒的海怪。幾十年前敗給大海盜霧鬚王以後，一直擔任基地的看門人。後來，敗給了來到島上的冒險者……在海上徘徊遊蕩的時候，遇到了意氣相投的麥迪遜船長。
127,審理神代言者,0,發掘喀恩埋沒聖堂的過程中，由於操作失誤被啟動的古代守護者。作為被供奉在同一聖堂的太陽與審理的女神阿澤瑪的代理人，為給盜墓者降下死刑的裁決，兩手持有恐怖的斷頭刀。
128,光鱗兄弟莫拉加加,0,輝鱗人傭兵團光鱗戰鬥團的團長兼副團長。居住在西方新大陸的獸人種族輝鱗人中，會有稀少的擁有雙頭的個體出現。他們的才能和肉體總的來說比普通個體優秀，因此成為領導者和武將、做出一番事業的比較多。
129,弗迪亞,0,出現在無限城古堡的妖異。過去曾為魔法城邦瑪哈的黑魔法師所召喚，聽從其命令攻打無限城，然而在遭到反擊後被封印了起來。是「妖異十二階」中位列第3階級的下級貴族級妖異。
130,卡爾克布莉娜,0,為守護薩雷安的魔法設施顛倒塔而創造出來的魔法人偶。為了給予其強大的力量，歷代魔法師長時間地為其注入魔力，最終變成了現在這種令人不舒服的容貌。
131,基路伯,0,無限城的白魔法師們創造出的古都守護者。運用了製作巨像兵的技術，石像的胸口和兩手中嵌入了作為核心的寶石。為了對抗妖異而生，會使用很多種白魔法。
132,提坦,0,第三星曆末期為反抗亞拉戈帝國的支配而戰的英雄。被亞蒙抓住後，他堅韌的肉體成為了長生不老計劃的實驗材料。失去了生前的記憶，變成了水晶塔防衛用的傀儡。
133,阿圖瓦雷爾·德·福爾唐,0,「我叫阿圖瓦雷爾·德·福爾唐，<hex:02100103>是福爾唐家的長子，<hex:02100103>光榮的伊修加德騎士。」<hex:02100103>福爾唐家長子：阿圖瓦雷爾·德·福爾唐
134,埃馬內蘭·德·福爾唐,0,「不必再擔憂，無需再恐懼，<hex:02100103>你的騎士埃馬內蘭來了！」<hex:02100103>福爾唐家次子：埃馬內蘭·德·福爾唐
135,贊德,0,被魔科學家亞蒙從永遠的沉睡中喚醒的亞拉戈帝國初代皇帝。為了實現長生不老計劃，他在贊德靈廟的遺體被巨大化了。並且在不死化以後被克隆出了替身。
136,殘暴正義號,0,守衛機神城的神秘合體士兵。是以防衛參謀突擊者為中心的魔法兵環旋者、算術兵欺詐者、忍術兵爆破者、武裝兵爭鬥者的合體。雖缺乏主體性，但忠誠於統帥萬事通奎克辛克斯。
137,薩菲洛特,0,三鬪神之一。被認為是世界最初的聖樹神化後的存在，受到居住在南方大陸美拉西迪亞的樹狀種族的崇敬。其操縱生命，使自己成長、巨大化的所作所為，很符合魔神之名。
138,芙·拉敏,0,「呵呵，孩子真是在不知不覺間就長大了啊。<hex:02100103>那個小小的阿希莉亞竟然變得這麼成熟了……」<hex:02100103>烏爾達哈的明星：芙·拉敏
139,維德弗尼爾,0,繼承了聖龍赫拉斯瓦爾格血統的龍族。連人類與龍族和平時期都了解的古老的龍，約束聖龍眷屬的長老般的存在。因其美麗的羽翼，又有白翼這一美稱。
140,暗黑之雲,0,統治虛無界的魔王之一。其實力深不可測，在妖異十二階中位列最強的第1階。與古代亞拉戈帝國的皇帝贊德結下了鮮血的契約，圖謀入侵物質界。
141,羅羅力特·納納力特,0,「人民與金錢都是國家的支柱，鞏固國家的基礎無法<hex:02100103>依靠風化的支柱，所以我們如今需要保存的應該是金<hex:02100103>錢財富。」<hex:02100103>東阿爾迪納德商會會長：羅羅力特·納納力特
142,吉布里隆,0,「要想把酒館經營好，<hex:02100103>秘訣就是不要隨便把客人的事情透露給他人。」<hex:02100103>忘憂騎士亭老闆：吉布里隆
143,拉妮艾特·德·艾因哈特,0,「原來你在呀？不好意思，我沒注意到。<hex:02100103>現在我正忙，你能把嘴閉上嗎？」<hex:02100103>薔薇騎兵團團長：拉妮艾特·德·艾因哈特
144,羅絲溫,0,「我們紅血聖女團最為注重的就是海盜的傳統。<hex:02100103>不為任何事物所束縛，自由地生存。<hex:02100103>我們認為這才是海盜應有的生活方式。」<hex:02100103>紅血聖女團頭領：羅絲溫
145,卡爾瓦蘭·德·戈爾加涅,0,「這種自由感讓我熱愛著這個城市，<hex:02100103>也是我成為百鬼夜行頭領的理由。」<hex:02100103>百鬼夜行頭領：卡爾瓦蘭·德·戈爾加涅
146,卡爾·米克,0,「沒辦法，從現在開始你就是我的朋友了！<hex:02100103>我叫卡爾·米克，多關照！」<hex:02100103>聖龍眷屬：卡爾·米克
147,招雷巨蛇,0,棲息在瓦努族的聖域不獲島的巨大騰雲蛇。它的鱗如同滋潤浮島的細雨一般，散發著溫潤的光澤。如果能夠從它身上剝下一片鱗帶回來，就可以做出一面如群雲般的面具了。
148,博物總管,0,博物戰艦無限迴廊中配備的無人機械。通過使用現實增強系統，讓來館者體驗亞拉戈充滿威脅性的技術，以此作為教育體感遊樂設施的一部分。不過除此之外，還擁有針對入侵者的防衛功能。
149,大海盜霧鬚王,0,「我正是大海盜霧鬚王！<hex:02100103>就讓傳說從海底甦醒一天吧！」<hex:02100103>傳說中的大海盜：霧鬚王
150,烏內&多加,0,「我們想要阻止贊德。<hex:02100103>那是真正的烏內與多加託付給我們的使命。」<hex:02100103>諾亞成員：烏內&多加
151,提亞馬特,0,塵世幻龍的七子之一，也就是七大天龍之一。與光龍巴哈姆特一起飛往南方大陸美拉西迪亞，並在那裡繁衍後代。至今仍在後悔將與亞拉戈抗爭而死去的巴哈姆特作為蠻神召喚一事。
152,卡洛菲斯提莉,0,在魔法城邦瑪哈的金字塔中，看守與妖異之間的契約石的守護者。曾經是瑪哈一名偉大的大魔法師，但自願使用將妖異血液注入到身體中的邪術加上藉助貯魔水晶的力量，讓自己變異成了永遠的守護者。
153,赫拉斯瓦爾格,0,塵世幻龍的七子之一，也就是七大天龍之一。曾經與聖女希瓦之間展開了一段超越種族的愛戀，並因此建立了人龍融合的契機。但是，人龍融合的歲月最終因人類的背叛而宣告結束。
154,碧企鵝,0,棲息在威爾布蘭德島沿岸的大型海鳥。雖然翅膀已經退化成鰭不再能飛行，但可以在海中自由游動捕食。為了將魚帶回去給小企鵝吃，能夠自由調節胃液，遇到危機時還會吐出胃液進行攻擊。
155,蜂鳥,0,南洋品種的羽毛色彩鮮豔的鳥類。為了吸食花蜜，長著形狀獨特的喙。對發光的物體感興趣，還會將貝類等整個吞下去。此外，聽說通過訓練可以模仿人類說話。
156,魔導死亡爪,0,將亞拉戈的古代兵器鋼鐵之爪改進後設計出的魔導兵器。可以使用軀體內部的葉輪在空中飛行。勾爪狀的肢體可以搬運各種各樣的物資，戰鬥時還可以用來捕捉敵兵。
157,液態火焰,0,是薩雷安的煉金術士在得知地靈族培養低級妖異爆彈怪一事之後，嘗試重現這種培養技術時偶然創造出的魔法生物。後來將其作為使魔使用。
158,迷途羊羔,0,大冰雪時代由高地之民馴化的羊。為了獲取更多羊毛不斷對其進行品種改良，最後變成了被棉花一樣厚厚的羊毛包裹的狀態。在拉諾西亞和庫爾札斯還能看到野生的這種品種的羊羔。
159,郵差莫古力,0,「雖然走出森林，前往未知的土地有點害怕，<hex:02100103>但是不知不覺就迷上了旅行庫啵！<hex:02100103>所以莫古就正式成為了郵遞員庫啵！」<hex:02100103>郵遞員：郵差莫古力
160,魔導巨兵,0,一種無人機魔導裝甲，融合了亞拉戈古代兵器鐵巨人的設計和魔導先鋒的機體控制技術。外形更加接近人型，使得更換武裝也更加容易，從而大幅度提升了其泛用性。
161,博學林鴞,0,在迦巴勒幻想圖書館最上層的珍秘書庫擔任守護者的使魔。它和斯卡尼特一樣，是被魔法賦予了知識的守衛者。其知識量相當驚人，甚至能夠熟練使用高級魔法。
162,晴天霹靂托佐爾·法托特爾,0,統治鳥人族社會的四大「天降之人」家族之一——法托特爾家族的人。同時也是少數可以進行「請神」儀式的高位祭司之一，曾在塞爾法特爾嘗試召喚迦樓羅。
163,至尊亞歷山大,0,守護亞歷山大機神城真正核心的最終要塞。它是控制核心的中樞機關的一部分，因此在一定條件下可以操縱時間。它會對給理想鄉造成威脅之人降下神聖審判。
164,直爽的三兄弟,0,「你可要變成一名出色的冒險者，<hex:02100103>好讓我今後為與你相遇而感到自豪啊！」<hex:02100103>直爽的三兄弟：布萊蒙達&布萊蒙迪&布萊蒙德
165,桑克瑞德（蒼穹）,0,「我把黑曜石削尖來代替匕首，<hex:02100103>每天依靠魔物的皮和肉過著野外生活……」<hex:02100103>拂曉血盟：桑克瑞德
166,雅·修特拉（蒼穹）,0,「瑪托雅老師一生都在追求『世界的真理』，<hex:02100103>在這條路上，我一定要比老師走得更遠。」 <hex:02100103>拂曉血盟：雅·修特拉
167,奈爾·範·達納斯,0,「淨化之時到來了……<hex:02100103>用我這絢麗的光芒將一切汙穢燃燒殆盡吧！」<hex:02100103>第七軍團軍團長：奈爾·範·達納斯
168,索菲婭,0,三鬪神之一。曾被美拉西迪亞的多民族國家信仰，是掌管智慧的女神。神話中說，她為了讓各個不同的種族和平相處，將「均衡」和「調和」的智慧灌輸給了人們。
169,奧猴,0,棲息在森林地帶的猴子。以首領奧猴為中心，由幾十隻奧猴組成集體過群居生活。用長長的尾巴和靈活的手掌在樹木之間穿梭。原本的主食主要是水果，但近年愛吃豆子的奧猴越來越多，甚至會去糟蹋人類的田地。
170,精金龜,0,原產於薩維奈島的巨大陸龜。在第六星曆末期，用以慶祝祭典而引進的渡渡鳥蛋中混入了精金龜的蛋，其中一部分蛋成功孵化，長成了野生的精金龜。在格里達尼亞，人們對於該不該驅逐這種外來物種各執一詞，爭論不休。
171,魔導先鋒,0,裝備有陶瓷合金鑽頭，以攻城破壁為主要功能的無人機魔導裝甲。除了上述用途，也能作為對抗攻城的兵器用於防衛。也有強化了裝甲的重裝型、增加了機動性的強襲型等其它型號。
172,魔導砲艇,0,加雷馬帝國軍製造的小型戰鬥用飛空艇。除了用於對地火力鎮壓，還可以利用機械臂輔助軍事設施建設，也能用於運輸數名士兵。從工兵隊到運輸隊，幾乎所有部隊都配備了它。
173,兔女郎,0,「歡迎來到金碟遊樂場。<hex:02100103>請在這美麗的夢幻世界中盡情享受吧！」<hex:02100103>曼德維爾金碟遊樂場：兔女郎
174,熔岩蠍,0,棲息在索姆阿爾靈峰最深處岩漿裡的大型生物。原本被龍族的魔力所封印，但由於一直守護著靈峰的龍族消失，熔岩蠍也變得活躍起來，受其影響，原本沉寂的靈峰火山也開始活動。
175,魔導獵手,0,加雷馬帝國軍開發的最新型騎乘用魔導裝甲。在「死神」型的基礎上安裝了機械臂以增加近戰能力。另外，為了投入量產，其裝甲也被簡化了。
176,魔導浮空裝甲,0,加雷馬帝國軍的單座式浮空裝甲。雖然至今為止的飛行型魔導裝甲大多是像帝國魔導主宰一樣的大型機，但最近通過引入「死神」型的技術，開發了這個靈活的單人浮空裝甲。
177,鐵面公卿,0,「這對眼睛不是人類可以觸及的？<hex:02100103>那我就變成惡鬼！」<hex:02100103>鐵面公卿：伊爾伯德
178,羅蘭德,0,「是的……這裡對所有人開放，是自由的天堂。<hex:02100103>客人們以今日的娛樂忘記憂愁，用最好的狀態面對明天。」<hex:02100103>曼德維爾金碟遊樂場副主管：羅蘭德
179,虛空迪亞波羅斯,0,吸收影之女王斯卡哈的力量後變得更加強大的迪亞波羅斯。不僅用硬質化的影子武裝了全身，還將影之手呈翼狀展開，強化了飛行能力。其力量足以躋身妖異十二階的最高階。
180,武裝重甲,0,加雷馬帝國軍配備的大型魔導裝甲。採用多足步行方式，增強了平衡性並且可以攜帶更多武裝。另外，駕駛席設定在裝甲內部，從而也增強了對駕駛員的保護。
181,吉吉,0,「就算我還是魔法人偶的樣子……<hex:02100103>父親也願意認我這個兒子嗎？」<hex:02100103>魔法人偶：吉吉
182,祖爾宛,0,三鬪神之一。南方大陸美拉西迪亞的人馬族所信仰的代表無限的神明，相傳其位於所有蠻神的頂點。其揮舞著戰斧毫不留情斬殺邪惡的形象作為勝利的象徵而受到崇拜。
183,鯰魚精,0,生活在東方地域的獸人種族。身材矮胖，擅長游泳，主要靠刺魚捕魚為生。雖然有一部分鯰魚精已經移居到其他種族的城市裡生活並掌握了文明，但還是有不少鯰魚精至今仍屬於野生。
184,甲人,0,自古以來就生活在紅玉海的海洋居民。擅長在水中活動，將豐富的海產當作日常食糧。信奉寄宿於萬物之中的普天諸神，熱衷收集能夠寄宿神明的奇珍異寶。
185,阿難陀族,0,生活在基拉巴尼亞邊區的原住民。特點是上半身為人形，下半身為蛇形，且種族之中只有女性。另外，這個種族代代相傳著利用魔法使金屬成型的技術，能夠製出美麗的首飾。
186,梅·娜格,0,「明白！<hex:02100103>保證完成任務！」<hex:02100103>阿拉米格解放軍：梅·娜格
187,琴風,0,「我會準備上好的美酒和佳餚，<hex:02100103>歡迎你們隨時過來。」<hex:02100103>潮風亭老闆娘：琴風
188,長毛象,0,生活在寒冷地帶及寒冷山區的大型食草動物。基本上性情溫和，但一旦有人貿然接近，它們就會陷入狂暴狀態，晃動巨大的象牙到處破壞。因此，就連大型食肉獸也很少將它們作為狩獵的對象。
189,弗巴德,0,在鹽湖等鹽產豐富的地方自然形成的一種巨像。在基拉巴尼亞地區流傳著一則軼事：很久以前破壞神告誡一位女子離開城市的時候不能回頭，然而那名女子卻沒能遵守諾言，最後就淪為了弗巴德。
190,須佐之男,0,由甲人族召喚來的豪勇之神。是甲人族所信仰的普天諸神之一，寄宿於三神器中的神明，同時也被稱為海神。將戰爭視為祭典般享受，任誰前來挑戰，他都會毫不留情地揮下神劍「天之叢雲」。
191,吉祥天女,0,阿難陀族召喚來的美豔之神。不僅美麗，還擁有豐收與治癒之力。據神話中記載，她還曾將自己的一部分力量賜予了阿難陀族。她是一位十分溫柔的神明，會用「魅惑擁抱」治癒所有信徒的心。
192,格林瓦特,0,「哇哈哈哈哈！<hex:02100103>今天我是走了大運了！」<hex:02100103>第十二軍團：格林瓦特
193,羅生,0,「……雖然有許多地方需要糾正，<hex:02100103>不過我們這些人本來就沒那麼多講究。」<hex:02100103>海賊眾頭領：羅生
194,其日娜,0,「我們模兒部<hex:02100103>是遵從神諭來生活的。」<hex:02100103>模兒部少女：其日娜
195,瑪格奈,0,「我們奧羅尼部乃是太陽神之子。<hex:02100103>僅憑一紙契約無法獲得神之子的身份。」<hex:02100103>奧羅尼部的長兄：瑪格奈
196,紗都,0,「沒錯，朵塔兒部都是最勇敢的戰士，<hex:02100103>我們對死亡沒有任何恐懼。」<hex:02100103>朵塔兒部族長：紗都
197,神龍,0,不依附於信仰的破壞之神，是伊爾伯德為了消滅帝國用同胞的犧牲與龍眼召喚來的。它的外表之所以呈現龍形，據推測是由於它能夠超越巴哈姆特。
198,夜露,0,「我的仇恨是永無止境的，<hex:02100103>現在這些還遠遠不夠……」<hex:02100103>多瑪代理總督：夜露
199,可露兒·巴爾德西昂,0,「哎呀呀，<hex:02100103>有求於人怎麼能用這種口氣呢？」<hex:02100103>拂曉血盟：可露兒·巴爾德西昂
200,莉瑟,0,「這還用說嗎？！<hex:02100103>我一定全力以赴來完成這個任務！」<hex:02100103>拂曉血盟：莉瑟
201,芝諾斯·耶·加爾烏斯,0,「盡全力取悅我吧！<hex:02100103>這樣還可以讓你多活一會兒！」<hex:02100103>第十二軍團軍團長：芝諾斯·耶·加爾烏斯
202,飛燕,0,「那麼，你們要作何選擇？<hex:02100103>是取走我的首級……還是成為我的利刃？」<hex:02100103>多瑪國主：飛燕
203,苔小妖,0,偏愛濕潤土地的草木綱魔物。外表如同球形的苔蘚並長有雙腳，在水分充足時會變得比平時更活躍。具有在察覺到即將變乾燥時，複數的個體會聚在一起防止水分蒸發的奇特習性。
204,洽普利蚱蜢,0,棲息於基拉巴尼亞等地的百蟲綱魔物。頭部長有刀片狀的角，用來切割作為食物的植物枝條和葉子。基本上屬於草食魔物，但是也具有興奮時會襲擊人畜的野性。超級發達的後腳能夠產生非常強力的跳躍力。
205,盧恩人食肉者,0,居住在基拉巴尼亞的盧恩族生性兇猛，有襲擊人類並食用的習慣。加雷馬帝國認為盧恩族並非人族而只是野生動物，因此盧恩族雖然是當地居民的威脅，但仍然被長期放置無人管理。
206,直言不諱赫羅德里克,0,曾經是阿拉米格最後的王——泰奧德里克的表兄弟、王位繼承權第5位的大貴族。正義感非常強烈，曾反覆諫言給失控的國王。但是反而被安上了叛國的罪名從而被幽禁，最終被咒術變成了怪物。
207,芙朵拉·雷姆·盧普斯,0,「我……不是阿拉米格人，是加雷馬帝國人！」<hex:02100103>骷髏連隊千夫長：芙朵拉·雷姆·盧普斯
208,人馬王洛弗卡勒,0,在拉巴納斯塔的地下深處等待著冒險者們到來的異形生物。應該是被「聖石」所變異的古代將軍，但是詳細經過不明。其外觀有如駕馭雙輪戰車馳騁於戰場的老將。
209,冷血劍阿加斯,0,手持「聖石」的貴族風貌的青年變異後的形態。會分別使用真實的面具與虛假的面具，舉動有如神明一樣尊大狂傲。原本應該是被封印在王都勒薩利亞的遺跡裡，看來是因為某種原因而覺醒了。
210,勞班&皮平,0,「哼……你長進了不少啊，皮平！」<hex:02100103>「您又拿我開玩笑……<hex:02100103>分明是您想考考我的身手，才故意給敵人留出可乘之機。」<hex:02100103>恆輝隊局長勞班/皮平協耀將
211,高加顱,0,將暫時的生命賦予給泥塑的身體而製作出來的東方式巨像。一般都是陰陽師或風水師用來使役的式神。據說其臉部造型源自身為古代宦官的初代發明者，但詳細不得而知。
212,安居鮟鱇,0,棲息於東方的鬼鮟鱇的近親。因其身體十分柔軟，又有一張一直張著大口的臉，所以看起來十分愚鈍，因此又得名暗愚魚。叫著叫著叫法就變成了鮟鱇魚。
213,導航系統,0,用來指引魔大陸設施的導航系統。其操作系統採用的乃是統合了軍用與民用規格的初代通用規格「系統2000」，但是據說其計算數值如果超過2的16次方就會引發系統出錯。
214,湛水,0,「身為海賊眾，我也不指望會遇到什麼好臉色。<hex:02100103>但是，我們收不到紅玉錢，<hex:02100103>可不能保證你們在海上的安全。」<hex:02100103>海賊眾副首領：湛水
215,玄武,0,「嚯嚯嚯。<hex:02100103>不愧是打敗豪神須佐之男的人。」<hex:02100103>四聖獸：玄武
216,白虎,0,「來鎮撫我的荒魂吧！」<hex:02100103>四聖獸：白虎
217,阿雷恩瓦爾德·倫提努斯,0,「阿巴和奧莉……為了救我而犧牲了。<hex:02100103>即使是為了這些拂曉的同伴，我也要好好戰鬥。」<hex:02100103>拂曉血盟：阿雷恩瓦爾德·倫提努斯
218,狼人族,0,起源為東洲奧薩德大陸的擁有狼頭的獸人種族。作為尚武之民而聞名，在戰亂時期部分部族與地方豪族結下了主從關係，最終成為了多瑪重要的成員。在帝國統治期，有相當一部分的狼人族被徵兵帶走了。
219,漢考克,0,「失敬、失敬。<hex:02100103>我們烏爾達哈人就是心直口快，<hex:02100103>我在這邊也因為這個壞毛病碰到了不少麻煩。」<hex:02100103>東阿爾迪納德商會掌櫃：漢考克
220,翡翠&紅,0,「如果不信，就離近點看看吧。<hex:02100103>看看我究竟是紅……還是翡翠？」<hex:02100103>紅玉公主：紅<hex:02100103>紅的友人：翡翠
221,輪入道&片輪車,0,在東方地域被製造出來的一種魔法人偶。其奇妙的外形之所以會是貼著男女兩張面具的牛車車輪，是因為再現了當地「會奪走看到之人的靈魂的妖怪」的傳說。似乎也有為了恐嚇非法入侵者的意圖。
222,旗本,0,戰死沙場的鎧甲武士的死靈。旗本原本是遠東之國的一種武士階級，戰亂時期常作為貴族們的近衛兵戰鬥，很多人會因此死在戰場上。據說東方地域時常能見到身著鎧甲的亡靈。
223,雪童子,0,葉小妖的近親。雪童子會收集禾本科植物的莖並將其蓋在身上，以此來抵擋積雪和嚴寒。這種行為被稱作圍席。順便一提，東方的人們模仿雪童子的習性，發展出了冬季用來保護樹木的園藝技術。
224,齊天大聖,0,活過千年得到了神通力的猿形瑞獸。為了防止其師製造出來的操控時間的神器——風水玉手箱被壞人惡用，一直住在岩燕廟周邊。另外，其名字似乎有「與天同高」的意思。
225,蛭子,0,天之御柱30層中的敵人。為了培育能夠對抗靈災規模的災厄的英雄，作為測試候選人實力的一關擋在了他們的面前。其生成過程似乎使用了已經失傳的禁忌之術。
226,幸福兔,0,傳聞中能夠帶來幸福的奇妙的小動物。雖不知其選擇標準為何，但據說會指引中意的人前往財寶所在之處。參加優雷卡調查的人們之間流傳著數條目擊情報，可其生態依然成謎。
227,婁希,0,在極寒的恆冰地帶被確認到的大型妖異。活用巨量魔力收束了環境乙太，以此做出冰刃來武裝自己。妖異學者的研究還在進行中，但由於其率領著大量部下，可以認為其身份高於下級貴族。
228,月讀,0,降臨於多瑪的蠻神。藉助帝國軍從紅甲族那裡得到的神器「白銅鏡」的力量得以現世。不過，根據東方傳說，月讀是統治夜晚和月亮之神，傳說中多是男性的姿態。
229,鬼龍雅茲瑪特,0,出現於機工都市高古的遺跡中的怪物。其真身是被度瑪聖石變為異魔的邦加莫南。雖然不知道聖石究竟反映了邦加莫南怎樣的願望，才能讓他變為可怕的鬼龍。
230,豪雪,0,「老夫乃是多瑪國武士大將豪雪！」<hex:02100103>多瑪國武士大將：豪雪
231,機關般若,0,應用了多瑪自古傳承下來的技術，由遠東之國的人偶師設計的武裝機關人偶。特徵是裝飾著有著強烈嫉妒和怨恨之心的女鬼的面具。不僅裝備有弩弓和金棒，部分個體還擁有自爆功能。
232,姆德斯德,0,渾身肌肉的大型妖異。在加雷馬帝國入侵的時候，阿拉米格的宮廷魔法師孤注一擲，將戰死的高地之民和紅焰之民男性士兵作為媒介召喚出了姆德斯德，因此經常能在基拉巴尼亞地區目擊到其身影。
233,枯腐泥妖,0,在聖茉夏娜植物園確認到的個體，真身其實是受到特殊泥土影響而異常活性化的葉小妖。頭上的葉子枯萎掉落，導致看起來像是戴著一頂王冠，因此又被稱為汙泥王。
234,霧龍,0,被古代亞拉戈文明拘束並接受了魔科學改造的龍族。至今仍然被束縛在終末焦土地帶。並且早已失去了理性，僅僅順著防衛本能在運用魔力操縱迷霧，襲擊任何來往的活物。
235,朱雀,0,「典膳……<hex:02100103>請你守望著我吧……」<hex:02100103>四聖獸：朱雀
236,帕祖祖,0,出現在常風地帶的大型妖異。因其擅長操控風屬性魔力，在那裡調查的冒險者們將其稱為暴風魔王。但究竟是怎樣顯現在物質界的，至今仍沒有結論。
237,彭忒西勒亞,0,出現在湧火地帶的大型妖異。因其擅長操控火屬性魔力，被人們稱為火焰女王。看來它是垂涎湧火之地具有強烈火屬性之力的乙太，而想要在這裡完成更進一步的進化。
238,朝陽·薩斯·布魯圖斯,0,「難道你要為了那個女人對我動手嗎？<hex:02100103>她可是你們的敵人！而我是帝國的全權大使！」<hex:02100103>全權大使：朝陽·薩斯·布魯圖斯
239,保鏢&大五郎,0,「景山身上已經抽不出油水……<hex:02100103>那也沒必要繼續為他賣命了……恕不奉陪！」<hex:02100103>保鏢&大五郎
240,歐米茄,0,從外星飛來的自我進化型自律兵器。在與強敵戰鬥中不斷積累戰鬥數據，有著利用數據進行自我強化、擴充兵裝的功能。據記載古代亞拉戈帝國通過研究這個墜落的兵器，在技術方面得到了飛躍般的提升。
241,塔塔露·塔露（紅蓮）,0,「就交給我塔塔露來負責收集情報吧！<hex:02100103>我得活用在伊修加德積累的經驗！」<hex:02100103>拂曉血盟接待員：塔塔露·塔露
242,矮儒,0,在妖異十二階中位居第四的高級妖異。在鍛冶和雕金上有著十分深厚的知識，在虛無界中也憑藉出色的工匠技術聲名遠揚。妖異們所使用的武器有很多都是矮儒一族製作的。
243,艾吉卡·岑吉卡,0,「所以我就說艾歐澤亞的野蠻人是……<hex:02100103>別管那麼多了快帶我去那座島！」<hex:02100103>巴爾德西昂委員會：艾吉卡·岑吉卡
244,普羅米修斯,0,加雷馬帝國軍開發的魔導兵器。原本是設計成用來破壞城牆的攻城兵器的，後來其挖掘能力被發掘，最終被用來挖基姆利特暗區的戰壕和迎擊敵軍。
245,起源守望者,0,在豐水地帶被發現的水晶龍。外形與高級龍族相似，生物種類則和泛光晶體之類的聚集了環境乙太的魔法生物相同。推測其外形為擬態。
246,青龍,0,「因此我立下了誓言。<hex:02100103>總有一天我要變得比典膳還要強大，<hex:02100103>守護他想要守護的事物。」<hex:02100103>四聖獸：青龍
247,阿爾法,0,「咕哎……咕哎！」<hex:02100103>加隆德煉鐵廠新人員工
248,金鯰大王,0,金色的鯰魚精族。金色的鯰魚精人偶被人們當成吉祥物而被近東地域的人所追捧，於是一隻鯰魚精為了過上不用工作的生活遠航拉札罕。他用煉金藥將自己變成了金色並自稱福神，成功獲得了寶物殿守護神的地位。
249,吉爾伽美什（紅蓮）,0,「為了再次挑戰冒險者，力量和名刀很重要吧？<hex:02100103>所以我就漫遊諸國，一邊修行一邊收集武器。」<hex:02100103>吉爾伽美什
250,聖天使阿爾蒂瑪,0,阿爾蒂瑪因她招牌的最強破壞魔法「究極」而得名。雖然最初的她純粹是只知道破壞的怪物，但隨著時間的流逝，人們對她的感情漸漸從恐懼轉變成了敬畏，這種感情中蘊含的力量使她逐漸誕生了自我。這一誕生自我的過程和人們通過願望召喚蠻神的機制基本一致。
251,阿爾菲諾&阿莉塞（紅蓮）,0,「但是組織人們團結起來，共同抗敵的話，我想我還是能幫上一些忙的。」<hex:02100103>「……唉，好吧。<hex:02100103>我知道我是攔不住你的，那你就自己多加小心。」<hex:02100103>阿爾菲諾·萊韋耶勒爾&阿莉塞·萊韋耶勒爾
252,諾克提斯·路西斯·切拉姆,0,「等一切都結束後，我們一起把路西斯變成一個人人平等、出身不分貴賤的國家吧！」<hex:02100103>傳說中的英雄：諾克提斯·路西斯·切拉姆
253,阿馬羅,0,在諾弗蘭特全域最為廣泛運用的騎乘用飛行獸。原本是類似卡瑪的獸類，古代隆卡帝國魔法師用魔法將其品種進行了改良。雖然此種技法已經失傳，可是偶爾還會出現繼承了古代血統表現出高度知性的個體。
254,惡魔兵裝,0,有著矮矮胖胖的身體，在其頭上飄浮著劍的奇妙魔物。其真實身份是將魔法賦予給劍後產生的魔法生物，其本體是頭上飄浮的劍。在拿巴示艾蘭王國，曾經特別流行使用這種使魔，因此至今仍有許多無主的個體彷徨在荒野之中。
255,采夫婦,0,「他是代達羅斯公司的繼承人！<hex:02100103>專門負責研發安穆·艾蘭開礦用的塔羅斯！」<hex:02100103>游末邦市民：杜麗雅·采&采·努茲
256,巨人掌,0,主要棲息在安穆·艾蘭之類的沙漠地帶的草木綱魔物。比起一般的仙人刺還要巨大，成長時會形成許多分枝。順便一提，其果實非常甜美，可是因為內含很多種子，所以吃起來非常麻煩。
257,菲奧·烏兒,0,「所以，從現在開始我們就像大樹和樹枝一樣沒有任何隔閡了！<hex:02100103>我就是你的<hex:021A020203>『美麗的小樹枝』<hex:021A020103>，<hex:02100103>你是我的<hex:021A020203>『可愛的小樹苗』<hex:021A020103>！」<hex:02100103>美麗的小樹枝：菲奧·烏兒
258,魯納爾,0,「當然可以！<hex:02100103>瑪托雅大姐的客人就是我們的客人。」<hex:02100103>夜之民導師：魯納爾
259,蓋雷諾爾特,0,「嗚喔喔喔喔喔！<hex:02100103>製作慾望與靈感都源源不斷地湧上來了！<hex:02100103>現在的我一定能行！肯定能行！」<hex:02100103>孤高的工匠：蓋雷諾爾特
260,斐利亞,0,雷克蘭德地區的靈光衛。原本是被收監在責罰監獄的菁靈族囚犯，其四肢上的鐵鎖彷彿就是在證明這一點。斐利亞這個名字的含義是「友誼之愛」，因為它襲擊了鄰里和睦的村落，並吞食了那裡的人們，所以人們給它起了這個諷刺的名字。
261,妖靈王緹坦妮雅,0,管理居住在伊爾美格妖靈們的妖靈王。過去曾經為了守護妖靈們而與靈光衛戰鬥過，並獲得勝利。可是卻受到了強烈的光之力影響，最終自身變成了靈光衛。從那以後，就一直被幽禁在夢羽城中。
262,艾洛斯,0,拉凱提卡大森林的靈光衛。讓人聯想起合成獸一樣的姿態，推測是在光之泛濫時複數的野獸被吞噬並結合在了一起。艾洛斯的含義是「情慾之愛」，這個名字主要因其無節制的繁殖行為而得。
263,斯托爾戈,0,安穆·艾蘭的靈光衛。推測可能是元精之類的妖靈綱生物食罪靈化後的產物。斯托爾戈的含義為「家庭之愛」，這個靈光衛佔據了馬利卡大井並吞食了王妃獻給已故國王的愛，或許可以說這是一個再合適不過的名字。
264,畏懼裝甲,0,古格家族的矮人族們運用了所有的技術製造出的超大型自走人偶。只為了誇示自己能夠造出不輸給圖爾家族的東西，而將自走人偶一味地進行了巨大化，其最終結果就是誕生出了完全失控的機器。
265,萊楠,0,「……勝利與黑暗常伴身邊。<hex:02100103>我們絕對要救出光之巫女！」<hex:02100103>水晶都衛兵團團長：萊楠
266,游末邦的小丑,0,「游末邦歡迎你！<hex:02100103>請你在這個幸福之城盡情發揮實力！」<hex:02100103>游末邦的小丑
267,無瑕靈君,0,游末邦元首沃斯里大王變異成的靈光衛。出生前便被植入的食罪靈因子終於覺醒，使他變成了與從前判若兩人的姿態。其力量遠遠凌駕於現存的靈光衛之上。完美無瑕，萬靈之君。
268,雅·修特拉（暗影）,0,「退？我可從來沒有臨陣脫逃的習慣。<hex:02100103>在<hex:02080DE905FF04>她<hex:FF04>他<hex:03>回來之前，我會守住這裡！」<hex:02100103>魔女瑪托雅：雅·修特拉
269,於里昂熱（暗影）,0,「無論是反抗命運還是接受命運，<hex:02100103>我們都無路可退了。」<hex:02100103>拂曉血盟：於里昂熱
270,蘭吉特,0,「不需要理由，更無需妖術，<hex:02100103>我只是贊同沃斯里的理想。」<hex:02100103>游末邦軍將軍：蘭吉特
271,哈迪斯,0,其究竟應該被視為是無影愛梅特賽爾克的本體呢？還是因他背負了眾多古代人的心願而生出的異形呢？不管怎樣，為了達成使滅絕後的同胞重新復活這一大願，他一直在戰鬥著。
272,阿爾博特,0,「這個世界現在還不能結束。<hex:02100103>我的冒險之旅今後也會繼續走下去！」<hex:02100103>光與暗的戰士：阿爾博特
273,大哥布林,0,棲息在諾弗蘭特的獸人種族。擁有進行對話和使用簡單道具的智慧，大多數大哥布林都很粗暴且沒有倫理觀念，依靠搶奪為生。此外，「你個大哥布林養的醜八怪！！」是對矮人族最大的侮辱。
274,仙子豬,0,恩莫族創造的使魔。用優質的泥土和水捏成的小豬，通過賦予含有仙子族魔力的仙子油燈，可以使其成為能夠自主行動的魔法生物。雖然吃起來味道不錯，不過別忘記它原本是用泥土捏製而成。
275,鬣蜥,0,棲息在珂露西亞島的爬蟲類生物。能夠靈活使用長長的舌頭捕捉獵物。隨著年齡增長食慾越強，因此也會變得更加喜歡狩獵，有時甚至會一口吞下一個矮人族。
276,恩莫,0,一種住在妖靈鄉伊爾美格的妖靈。是喜歡與人類打交道的溫和種族，曾與孚布特王國有著深厚的友誼。他們有著獨特的價值觀，將公平交易視為自身的名譽，所以被稱為等價的收藏家。
277,水妖,0,一種住在妖靈鄉伊爾美格的妖靈。它們將水邊視為自己的地盤，會對接近的人進行惡作劇，因此被稱為水妖。它們惡作劇的程度就連仙子族都覺得很過分。
278,涼南希,0,一種外觀像是人類女性的可移動性植物。這些能力都是為了將森林中的獵人和伐木工引誘到自己身邊，這樣才能吸收他們生命力。有時也會用自己的歌聲引誘獵物。
279,漆黑導師,0,生活在廢棄的菁靈族宮殿——宇宙宮的恩莫族隱者。一名靈魂研究者，擅長製作魔法生物。為了不讓人們靠近，他穿了一身令人懼怕的裝束，可實際上長得非常可愛。
280,光之巫女,0,「看來我的願望由你繼承了。<hex:02100103>我為你感到十分自豪。」<hex:02100103>光之巫女
281,古塔尼亞,0,出現在黑風海海底的大嘴巨獸。它的真實身份是曾經使古代文明毀滅的末日野獸之一。這是愛梅特賽爾克為了再現當時的災厄與恐怖而創造出來的嗎？其真相無人知曉。
282,9S,0,在複製工廠廢墟遇到的一身黑色裝束的少年。真實身份是仿照人類製作的自動步兵人偶，也就是人造人。他操控著機械生物，目前無法得知其真正目的。
283,花束籃筐,0,曾經孚布特王國的魔法師們為整理牧草地而創造的一種巨像。由於殘留下來的巨像周邊都變成了花田，所以仙子們對巨像進行了加工，使得它變成了會動的花籃。
284,奇塔利,0,藏身在拉凱提卡大飛流地區生活的如同老鼠的獸人。平均年齡僅為25歲，所以它們非常看重記憶的傳承。也正因為如此，在古代隆卡帝國時代，它們就作為記錄員為皇帝工作。
285,異豺,0,在光之泛濫之前的時代，侍奉於守舊派菁靈族貴族的騎士們的末路。想要使菁靈族在諾弗蘭特恢復權利的騎士們被影之王所騙，最後因魔法變成了狼一樣的姿態。
286,莉茲貝絲,0,「這裡沒有庫啵果哦！<hex:02100103>不過這裡倒是有庫啵好運道！」<hex:02100103>庫啵好運道接待員：莉茲貝絲
287,大腳野蝠,0,誤入奇坦那神影洞的巨大蝙蝠被驅逐盜墓者的機關抓住，就此被困在了神影洞中。因為被光之泛濫的無盡光燒毀了雙眼，所以聽覺變得異常發達，可以通過迴音進行定位以及操控超聲波。
288,得到寬恕的猥褻,0,沃斯里大王手下的上級食罪靈。有人說它是沃斯里的情婦變的，也有人說是蜂箱的明星變的，不過沒人知道真相。因為人們更傾向於前者，所以稱它為得到寬恕的猥褻。
289,華迦斯,0,古代隆卡帝國的魔法師為保護神殿創造出來的傑作。雖然看起來只是個普通的石像，但如果檢測到有人想要打開封印之門，便會成為魔法生物，對入侵者發起試煉，確定入侵者的真實身份。
290,不明物體,0,完全不知道是什麼。如果在這裡進行說明的話，就代表至少知道了些東西，就算不上不明物體了。非要說些什麼的話，那就只能說沒有比這更讓人摸不透的東西了。
291,紅寶石神兵,0,作為究極神兵的後繼機開發出來的試作型魔導兵器。除了能夠吸收蠻神外，還搭載了構造不明的「人造聖石系統」。為此，它擁有著和原型機完全不同的外觀，以及截然不同的戰鬥力。
292,至大災獸,0,於終末災難時出現，將壯麗的亞馬烏羅提變為火海的災獸之一。這些災獸之所以有著讓人們生理上產生厭惡的外觀，是因為它們是用人們的恐懼之心創造出來的。
293,瓦厲斯·耶·加爾烏斯,0,在西德的記憶中出現的登上皇位之前的瓦厲斯。雖然他當時處於統領各軍團的大將軍地位，但並沒有事實證明他與博茲雅堡壘蒸發事件有關。這只不過是對此事件有心理陰影的西德幻想出的一個幻影而已。
294,矮人,0,生活在珂露西亞島山岳地帶的矮小種族。擅長採掘、冶煉還有釀酒。戴著頭盔生活，絕不會讓家人以外的人看到自己的臉，因其獨特的習俗而廣為人知。
295,艾爾·圖,0,「像這樣只要龍與人類繼續交流，<hex:02100103>就會不斷地締造出新的龍詩吧。」<hex:02100103>「製作」的龍族：艾爾·圖
296,矮人戰車,0,沃茨之錘的爆款產品。跨世代的設計！匠心製作，多次改良！配備自動駕駛自走人偶和超大容量後備箱！現為您推出超值優惠套餐，快來搶購吧！
297,盧格斯,0,恩莫族的隱者拜克·拉各創造的火之使魔。為了提高仙子豬的生產速度，拜克·拉各改良了仙子油燈，結果從中冒出了舞動的火焰。盧格斯似乎就是他為了保護宇宙宮，將那團火焰進行調整之後的產物。
298,達溫,0,率領第四軍團魔獸大隊的千夫長萊昂·雷姆·赫爾索斯使役的魔獸。原產於伊爾薩巴德大陸中央山脈的野生種，性情極為凶暴。萊昂在征服這頭魔獸後獲得了獸王的稱號。
299,阿德拉梅里克,0,率領第四軍團術師大隊的千夫長薩德爾·雷姆·阿爾貝雷歐使役的召喚獸。似乎是利用從達爾馬斯卡遺跡中發掘的聖石的力量召喚出來的。古代碑文中將其記載為「憤怒的靈帝」。
300,無影艾里迪布斯,0,「如果你要結束一切，<hex:02100103>那麼我也會全力反抗。」<hex:02100103>調停者：艾里迪布斯
301,桑克瑞德（暗影）,0,「你是我們的驕傲，無論我在哪裡，<hex:02100103>都會為你的幸福祈禱。」<hex:02100103>琳的家人：桑克瑞德·沃特斯
302,藍寶石神兵,0,第七軍團開發的試作型魔導兵器。雖然使用紅寶石神兵的實戰數據進行了修改，但尚未調整完畢便出擊迎敵，最終被擊敗。它之所以擁有如同深海生物一般的外形和能力，似乎是因為吸收了科爾沃海峽的海洋居民召喚的蠻神。
303,2P,0,在機械遺跡坑道遇到的一身白色裝束的女性。自稱是自動步兵人偶，也就是人造人。率領著白色人造人，似乎和黑色人造人處於敵對關係，但其言行中充滿了謎團。
304,光之戰士（暗影）,0,艾里迪布斯將想要拯救世界的純粹願望聚集於自己的靈魂之中，形成了英雄「光之戰士」的總體。其樣貌應該和在某個時代拯救了某個世界的英雄非常相似吧。亦或者他認為英雄就應該是這種形象。
305,藍色假面,0,「比蒼空還要鮮豔……比碧海還要深沉……<hex:02100103>就將今夜為你們渲染成此等青色吧。<hex:02100103>藍色假面登場！」<hex:02100103>天青鬥場人氣鬥士：藍色假面
306,仙子豬之母,0,在瑪托雅工作室燒製成的使魔。這個使魔是為了量產出能夠治療信徒的仙子豬而設計出來的。身上穿配的王冠以及奢華的衣服都是瑪托雅在捏黏土時根據自己的喜好加入的。
307,求道之三位一體,0,被鬪神天佑女王精煉後的女王之刃們。原本是同屬於翠青門的熱氣拳阿姬、豪情劍韋利博爾、慈悲為懷布拉茲三人，如今肉體已經發生變異並融合在了一起。
308,誓約之三位一體,0,被鬪神天佑女王精煉後的女王之刃們。三位一體，同時具有魔天將澤文、風花舞伊索爾德、不動羅刹斯塔尼克的特性。
309,啟示者,0,出現在鬥技場「天青鬥場」的鬥士。宣傳語是「來自地獄的邪惡青魔法師」。其真實身份是秘術師公會的魔法學研究員瓦斯特拉哈，他已經掌握了從瓦拉其族學到的青魔法。
310,齊格弗里德,0,活躍在鬥技場的明星劍鬥士，有著超高的人氣。他的戰鬥風格獨特，會利用帝國製的武器進行戰鬥，有著不凡的實力。其真實身份則是沙蠍眾菲厄蓋斯的長子，同時也是鐵燈團團長的吉恩貝爾克。
311,模仿師格格,0,在黃金港舉辦的表演活動——蒙面鬥將大會中擁有著超高的人氣，在當地被人稱為黃金頭巾。只憑一眼就能看穿對戰對手的動作以及招數的本質，並用模仿這一獨特的戰鬥技術進行戰鬥。
312,綠寶石神兵,0,第七軍團開發的試作型魔導兵器。吸收了伊爾薩巴德大陸中央山脈的山岳民族所召喚的未知蠻神，能夠操控複數的腕狀攻擊終端。此外據說還搭載了漆黑的王狼蓋烏斯的戰鬥數據。
313,琳,0,「蓋婭，我就在這裡！<hex:02100103>就在這裡等著你！<hex:02100103>我們不是約定好了嗎？！」<hex:02100103>邁向明日之人：琳
314,蓋婭,0,「那是當然，我什麼時候忘記過約定呢？」<hex:02100103>邁向明日之人：蓋婭
315,伊甸之約,0,無影米特隆與無影阿洛格裡夫的融合體利用伊甸的屬性操控能力創造出的「永遠的理想鄉」的守護者。為了避免再次離別，基於曾經許下的約定而被創造了出來。
316,不死鳥,0,加爾提諾戰役剛結束後有人目擊到了傳說中的不死鳥。雖然靈災後遺症引起了記憶混亂，導致沒有一致的證詞，不過有一部分人主張是重生的象徵——不死鳥拯救了艾歐澤亞。
317,寶庫守護者,0,在夢羽城的迷宮內徘徊的巨大魔物。水妖族佔領了夢羽城的地下空間，並改造成了寶物庫。這個魔物有可能是被水妖族留下用來看守寶物的。不知是不是因為受到水妖族詛咒的影響，它的皮毛顏色變得十分異常。
318,真月巴哈姆特,0,終末使徒在南方大陸捕獲龍族並利用它們的祈禱，在異形之塔內召喚出的異形蠻神。但其外形十分怪異扭曲，與第七靈災時出現的龍神並不相同。 
319,瓦倫斯·範·瓦羅,0,「加油！加油！」<hex:02100103>第七軍團軍團長：瓦倫斯·範·瓦羅
320,真月伊弗利特,0,終末使徒綁架蜥蜴人族並利用他們的祈禱，在異形之塔內召喚出的異形蠻神。雖然擁有不遜於火神伊弗利特的戰鬥力，但卻無法像火神一樣精煉他人。
321,第四軍團謝米哈扎,0,第四軍團魔導僧兵大隊的異端僧兵在聖石碎片的影響下，外表變成了神似伊瓦利斯傳說中登場的告密者謝米哈扎。據記載，謝米哈扎擁有操控飄蕩在異界中的靈魂的能力。
322,第四軍團丘庫雷因,0,第四軍團魔導僧兵大隊的異端僧兵在聖石碎片的影響下，外表變成了神似伊瓦利斯傳說中登場的不淨王丘庫雷因。順便一提，有個同名的大妖異也是因這則伊瓦利斯傳說而得名，但和這個僧兵所化的丘庫雷因並沒有什麼關係。
323,究極戰士G型,0,亞拉戈帝國在進行「究極兵器開發計劃」的途中開發出了對蠻神兵器「究極戰士」。加隆德煉鐵廠以「究極戰士」為基礎，將其改修後製作出了究極戰士G型。在維爾利特強襲作戰中，解放者乘坐這架機體打敗了藍寶石神兵。
324,鑽石神兵,0,第七軍團開發的試驗型魔導兵器。鑽石神兵是神兵計劃中最初也是最完美的機體，它統括其他3架神兵的數據，搭載了名為「超負荷思維繫統」的新型控制系統。 
325,迪亞布羅魔兵,0,梅內紐斯率領的聖遺物搜尋隊在扎杜諾爾高原挖掘出來的遺物。看起來像是古代亞拉戈帝國從虛無界中召喚出高位貴族級大妖異後，再將其進行了魔科學改造。據推測很可能是當時用來作為攻略南方大陸時的殺手鐧而開發出的兵器。
326,2B,0,自稱是「寄葉機體二號B型」的人造人。其外表與2P十分相似，不過卻穿著黑色的裝束並與白色人造人和機械生物處於敵對關係。與同為黑色人造人的9S關係密切。
327,巨魔,0,原產北洋原初島的巨獸。上半身覆蓋著蓬亂硬質毛髮的同時，下肢卻是沒有體毛的松果狀皮膚。在北洋當地的魯加族傳統中，魯加族的成年禮就是獨身一人打倒巨魔，只有完成這項壯舉的魯加族人才能獲得大家的認可，被允許登上長船出海。
328,畢舍遮,0,棲息在薩維奈島的甲鱗綱魔物。畢舍遮是一種非常兇猛，攻擊性極強的野獸，在當地經常發生畢舍遮襲擊人類的事故。它們的全身都覆蓋著札甲一般的堅硬鱗片，爪子尖銳鋒利，舌頭則像是皮鞭一般細長危險。在薩維奈島的神話裡，人們把畢舍遮描繪成了一種恐怖的惡鬼。
329,異亞,0,梅蒂恩在天外天垓重現的智慧種族之一。異亞曾擁有極其發達的文明，甚至連「永生」這個究極課題對他們來說也只是小菜一碟。然而無盡的研究和探索之後，異亞們發現他們窮盡所有努力都無法阻止宇宙走向終結。這個殘酷事實擊潰了異亞，在絕望中他們選擇了自我銷毀，走向了滅亡。
330,悌陽象族,0,體型較大的種族，形似大象，是象魔族中的一個派系。悌陽象族的祖先作為薩維奈島的原住民，通過與之後移居至島上的敖龍族合作，將與他們對立的派系魔邪象族驅逐。後來這兩個種族又與人類移民締結了友好關係，共同興建了現在的拉札罕。
331,兔兔族,0,生活在嘆息海，擁有兔子樣貌的種族。他們其實是海德林作為「月球」這艘移民船的船員而創造出來的魔法生物。多年以來，兔兔族都與薩雷安人保持聯繫，時刻戒備著末日捲土重來。
332,阿爾戈斯,0,古代人維涅斯創造的使魔。阿爾戈斯看似是一隻擁有金黃色毛皮，毛髮順滑的大型犬，實際上它的身體卻是由純粹的乙太構成的。世界被分為十四個之後，它一直生活在月亮上，作為使魔協助月面上的管理者。
333,赫爾墨斯,0,掌管厄爾庇斯的古代人赫爾墨斯變身之後的姿態。擅於創造飛行生物的他最為擅長的就是使用各種各樣的風屬性魔法。赫爾墨斯手中持有的權杖被稱為「使者權杖」，他依靠這柄手杖與他送往星空深處的使者梅蒂恩進行聯繫。
334,邪執外道的亞蒙,0,沉澱在星海的最深處，曾經的魔科學者亞蒙的靈魂碎片。這份靈魂在遙遠的過去曾屬於古代人赫爾墨斯，後來則隨著世界在海德林的一擊之下分裂為了十四份，這一份經歷了無數次的轉生，最終成為了魔科學者亞蒙。然而你要記得的，出現在你眼前的他既不是古代人赫爾墨斯，也不是無影法丹尼爾，只是當年的那個亞拉戈的亞蒙本人。
335,埃里克特翁尼亞斯,0,萬魔殿的獄卒埃里克特翁尼亞斯變身後的樣子。看到前來調查萬魔殿異變的特彌斯和光之戰士後，他突然發起了攻擊。埃里克特翁尼亞斯似乎很擅長使用鐐銬魔法，然而……
336,梅加斯三姐妹,0,潛藏於薩維奈島佐特塔中的終末之獸。人們猜測獸的原型取自薩維奈島傳統神話中人趣諸神的三姐妹神，是基於對多格神、馬格神、拉格神的信仰而形成的。
337,梅蒂恩,0,古代人赫爾墨斯創造的生物，擁有在宇宙中翱翔的能力。作為擁有自我意識的圓滿實體，她能夠干涉潛能量，將情感轉化為切實的現象。梅蒂恩在赫爾墨斯的指示下前往星空中探求生命的意義，因此不幸地目睹了無數蔓延在宇宙中的絕望。
338,富爾什諾·萊韋耶勒爾,0,「身為哲學家議會的一員，<hex:02100103>我當時已經知曉了末日的預言。<hex:02100103>我不想讓這災難奪走你們的未來……」<hex:02100103>哲學家議會議員：富爾什諾·萊韋耶勒爾
339,阿尼瑪,0,佔據了巴別塔的蠻神。以加雷馬帝國的末代皇帝瓦厲斯·佐斯·加爾烏斯的遺骸為媒介，以帝國市民的愛國心為「食糧」召喚出來的蠻神。阿尼瑪是終末使徒建立的乙太收集系統的中樞，他們正是通過阿尼瑪實現了對世界各地的「末日塔」控制。
340,昆圖斯·範·秦納,0,「這些差異必然會引發爭執和衝突，<hex:02100103>而建立在妥協上的和平本質<hex:02100103>就是為了消除差異而限制自由。<hex:02100103>這個世界無法令所有人都獲得幸福，<hex:02100103>只有勝利者才能制定規則。」<hex:02100103>第一軍團軍團長：昆圖斯·範·秦納
341,阿爾菲諾&阿莉塞（曉月）,0,「因此，我們才能繼續前進！」<hex:02100103>阿爾菲諾·萊韋耶勒爾&阿莉塞·萊韋耶勒爾
342,希斯拉德,0,「你自己的戰鬥還在未來等著你，<hex:02100103>而且沒有任何人能代替你。」<hex:02100103>古代人：希斯拉德
343,弗栗多,0,塵世幻龍的七子之一，也就是七大天龍之一。弗栗多雖然在薩維奈島隱居，卻並非不問世事。它作為中間人協調了薩維奈島的三大種族和平共處，也參與了拉札罕這個城邦的建立。自那時以來，它就與總督一族合作，默默地守護著拉札罕人。
344,佐迪亞克,0,為了應對末日之劫，古代人們創造出來的最古老最強大的蠻神。召喚佐迪亞克是為了編織新的行星之理，從末日中拯救這個星球，而佐迪亞克的召喚也確實成功阻止了末日蔓延。之後，海德林的一擊導致佐迪亞克的力量被分割，至今仍未完全覺醒。
345,海德林,0,由維涅斯率領的一派古代人為了與佐迪亞克對抗而創造出來的蠻神。儘管獻祭給海德林的古代人靈魂要遠遠少於佐迪亞克，但海德林精妙至極的一擊還是成功地將佐迪亞克連同世界一同分割，並且順勢地將佐迪亞克封印在了月亮上。海德林呈現出的外貌與化作了它核心的維涅斯十分相似。
346,芝諾斯·加爾烏斯,0,「有覺得，開心嗎？<hex:02100103>我……」<hex:02100103>渴望摯友的人：芝諾斯·加爾烏斯
347,鐵壁,0,阿爾扎達爾海底遺跡群配備的全自動傳送裝置。儘管鐵壁實際上是薩維奈煉金術的產物，但從博物學的角度判斷，鑒於鐵壁的動力主要仰賴它的核心輝石，它應當被分在咒具綱而非機關綱。鐵壁本身並沒有戰鬥力，在面對入侵者時，它會將附近的生物傳送到身邊，驅使這些生物擊退敵人。
348,河馬車,0,值得信賴的只有河馬！河馬騎手團的配送服務能安全準時送達任何貴重物品，解決您的煩惱。我們會小心翼翼地運送您重要的包裹。現在可以免費沐浴祝福的色粉，同時還有開業大吉優惠活動哦！
349,魔邪象族,0,曾經生活在薩維奈島的象魔族。在輸給敖龍族與悌陽象族的聯盟後，被趕出了薩維奈島。之後由於心懷對敖龍族的憎恨，他們在大陸各地鬧事，最終流落至太陽神草原，成了當地敖龍族的心腹大患。
350,拉爾戈,0,拉爾戈是司掌彗星與破壞的男神，他有著雷屬性的神力。他經常被描繪為一位手持黃銅手杖的聰慧魔法師。冒險者在神域遇到的這位拉爾戈之所以表現出這般虎背熊腰的形象，可能是受到了拉爾戈星導教武僧信仰的影響。
351,阿澤瑪,0,阿澤瑪是司掌太陽與審理的女神。她經常被描繪為一位手持黃金扇的貴婦。冒險者在神域遇到的這位阿澤瑪女神有著與神話傳說中相當的美貌，同時卻也表現出了神話中鮮有的勇猛。她的這種戰鬥力可能是由於她還司掌審理，因此對試煉這件事格外嚴肅嚴格。
352,納爾,0,納爾札爾是司掌地底與商貿的男神，同時也是烏爾達哈城邦的守護神。他們有著火屬性的神力。納爾和札爾有時被視為一位神的不同化身，有時則被視為二位一體的雙子神。神域中納爾札爾稱量人類靈魂的這一行動，從一個直觀的角度上展現出了其作為商貿神的神性特徵。
353,札爾,0,納爾札爾是司掌地底與商貿的男神。根據納爾札爾教團的教義，現世神納爾守望著活人的世界，而來生神札爾則掌管死者的世界。冒險者在神域遇到的這兩位神來回交替的姿態，也從某種程度上呼應了納爾札爾教團信奉的「輪迴轉生」的觀念。
354,希,0,希是阿爾法坦星人創造的侵略兵器之一。它在屠戮了無數生命後脫離了阿爾法坦星指揮系統的控制。在那之後，失控的希一直在星空中獨自徘徊尋找侵略目標。阿爾法坦星人認為希的記憶體文件中保留了大量的資料，甚至有可能包含了奧密克戎繼續進化的關鍵，但這種可能性具體是什麼尚未有定論。
355,明燈天王,0,明燈天王是從佐特塔中出現的異形之神之一。明燈天王在神話中屬於獸道諸神，原本是一條擁有三個頭的大蛇，神話中，明燈天王為了尋求智慧，將三個蛇頭中間的那個換成了人趣諸神的頭顱。出現在若那海上智壇的這個明燈天王，恐怕和梅加斯三姐妹一樣，只是末日塔偽造的蠻神而已。
356,謳歌終結之物,0,遨遊星空的群鳥見證了無數星球的滅亡，這其中無數的絕望在旅途的盡頭將她們扭曲成了如今的模樣。在天外盡頭築巢的群鳥懷揣最後的溫柔向著群星謳歌所見所聞。她們的思緒與受到感情推動的能量扭結於一處，她們的絕望乘著潛能量的風為群星與萬物帶去終結。
357,N-7000,0,「沙沙沙……全身毛絨絨的有機生命體的提案<hex:02100103>真是莫名其妙。」<hex:02100103>奧密克戎：N-7000
358,征服者革律翁,0,百臂巨人族過去曾被薩納蘭地區的執政者當做奴隸驅使。它便是那些巨人奴隸的後代。革律翁胸懷大志，渴望有朝一日建立自己的帝國，因此流浪在烏爾達哈的地下尋找實現野心的機會。在這個過程中，它不幸地在希拉狄哈水道深處遭遇了冒險者。它短暫的征服之路因此夭折。
359,希拉狄哈劍鬥士,0,於希拉狄哈遺跡中發現的古代角鬥士雕像。其外觀與阿澤瑪神殿中的守護者十分相似，或許是使用了與貝拉哈迪亞時代相同的技術製造的。不過，二者的用途並不相同。這座雕像似乎並非用於守護神殿，而是被製作出來參與劍鬥的。
360,索恩自走人偶,0,這台以討伐殭屍為目的的魔法兵器建造於索恩朝時代。它有著極強的火屬性親和力，體內融合了死去的蜥蜴人族戰士的手臂。又及，雖然它的外觀與魔法人偶十分相似，但其實是更為古老的咒術造物，從本質上來看更像是巨像兵。
361,貝雅特麗齊,0,冒險者在第十三世界遇到的上級妖異。根據某個妖異提供的消息，貝雅特麗齊似乎曾是掌管特羅亞這個國家的8名神官之首，成為妖異之後，她在自己的領域裡重建了當時的特羅亞城堡，賦予了自己城主的身份繼續統治這個「國家」。
362,比爾格,0,執掌建築及工藝的男神。他有著雷屬性的神力，經常被描繪為一位手持雙頭鐵錘的老實鐵匠。冒險者在神域中遇到的比爾格是一位勁骨豐肌的大個子男人，考慮到建築和製造業的相關人士對於肌肉都有一種迷信般的狂熱，這種形象也可以視為對比爾格和肌肉信仰的佐證。
363,鬼陰火澤雷斯·夏,0,死於約230年前的蜥蜴人族勇士。擅長獨特的結界術。澤雷斯·夏自願遠赴烏爾達哈加入討伐殭屍的救援任務。它在掩護友軍的行動中不幸負傷，自己也成了殭屍的一員。
364,斯卡米留尼,0,高貝扎四天王中的土天王。他的貪婪驅使他吞噬了無數的妖異，也導致了他肉體的扭曲變形。如今有著無比醜惡身姿的斯卡米留尼以他可怕的恢復力和毒氣為武器，迫使冒險者一行陷入了苦戰，幸而有零挺身而出用憶晶封印了他。
365,巴爾巴莉希婭,0,高貝扎四天王中的風天王。她最大的武器就是那些充滿魔力的頭髮。那些頭髮不但能用來攻擊，還能轉化為鎧甲纏在身上，令巴爾巴莉希婭的力量大幅增強。不過在頭髮纏身的時候，她的性格和語氣也都會發生巨大變化，這一點好像和她身為人類時的一些經歷有關。
366,拉哈布雷亞,0,「那個傢伙所說的全都是他臆想出來的。<hex:02100103>他被負面感情支配，早就失去了理性。<hex:02100103>目前的所作所為，也不過是源於本性的衝動罷了。」<hex:02100103>十四人委員會：創造者之座拉哈布雷亞
367,赫淮斯托斯,0,誕生自拉哈布雷亞分離出的記憶和感情，也可以說是拉哈布雷亞的半身。赫淮斯托斯曾被拉哈布雷亞所封印，但後來被神秘的幫手解救了出來。重獲自由之後，他就一直在圖謀掌控萬魔殿，復活愛妻雅典娜。半神化之後的赫淮斯托斯掌握了創造魔法的真理，暫時擁有了直接操控生物概念的強大能力。
368,機關陰陽師&機關保鏢,0,遠東之國設計製造的機關人偶。艾歐澤亞城邦軍事同盟以訓練用機關人偶的名目訂購了這批機關人偶。製造方為了避免技術洩露，安裝了防盜設施，如果不經過管理者認證就打開人偶的心臟部位，人偶就會直接自爆。
369,夢明威,0,「人類大人太溫柔了！<hex:02100103>我一定會找到一個最棒的夢想的！」<hex:02100103>追夢的兔兔族：夢明威
370,貓耳小員,0,「嘿喲……喵……嗯……這下就都準備好了喵。」<hex:02100103>貓型魔法人偶：貓耳小員
371,安登,0,「嗯？對頭部進行外部刺激？<hex:02100103>可是我現在沒有手啊，只能拜託你了。」<hex:02100103>會說話的草人：安登
372,超威盧格,0,魔導技師盧格的末路。在將自己機械化又敗於冒險者手下之後，又經歷了這樣那樣的事故，最終只剩下一個腦袋的盧格將自己與他最愛的兒子巴爾納伯的身體組合在一起，從盧格搖身一變成了超威盧格。
373,蜜言妖,0,蔓德拉魔科學改良後誕生的小妖種。蜜言妖是這些改良品種被選做隊長培育的個體。然而，可能是它的智力被培育得過於優秀了，蜜言妖竟然產生了贊同革命參與叛亂的想法。因此，它被重新教育，並貶謫至正統優雷卡擔任守衛。
374,梅茵菲娜,0,梅茵菲娜是司掌雙月與慈愛的女神。有著冰屬性的神力的她經常被描繪為一位手持平底鍋的侍女。神域中出現的這位梅茵菲娜女神身邊還跟著一條巨大的獵犬，這條獵犬大概是源於傳說中月球的衛星達拉伽布是梅茵菲娜的忠實獵犬這個說法。
375,凱納槽,0,高貝扎四天王中的水天王。從他的舉動中不難看出他粗魯好戰的魯莽性格。他在率領妖異大軍從冥魂石洞襲擊加雷馬的過程中，與他眼中的強者即冒險者進行了一場殊死搏鬥後，被冒險者消滅。
376,盧比坎特,0,高貝扎四天王中的火天王。他有著威風凜凜的武者般的身姿，即使肩負使命也不會焦躁，有著非凡的耐力的同時卻也有著狂熱之心。在冒險者與他的對峙過程中，他將潛藏在心底的煉獄具現出來，以其中的烈火為武器與冒險者戰鬥。
377,維涅斯,0,「人類已經得到了足以對抗絕望的力量……<hex:02100103>那我們就去擊敗那謳歌終結之物吧。<hex:02100103>去告訴她人類的回答——我們的旅途還遠沒有結束！」<hex:02100103>前任阿謝姆：維涅斯
378,妖怪提燈,0,人們若是經常使用一個提燈，又對它足夠愛惜，提燈就會獲得靈性變成付喪神。這個妖怪提燈就是高僧豪雷收集來的有名提燈之一，它受到六根山靈氣的影響，大量分裂增殖。同時，受到被主人拋棄的怨念影響，它變成了渴望吞噬人類靈魂的妖怪。
379,鐵鼠豪雷,0,這可怖的妖怪曾經是一位名叫豪雷的高僧。豪雷在紫州的著名寺廟聖淨院中修行，他有著堪稱執念的可怕的收集欲，據說只要遠遠看一眼自己弄來的古董珍寶，豪雷就會咧嘴笑個不停。他後來不幸被收藏品中的不祥之物蠱惑，變成了可怖的妖怪。
380,怨靈猛虎,0,猛虎是一名武將的怨靈，寄宿在一套被視為不祥之物的鎧甲之中。猛虎活著的時候是戰國時代天下聞名的勇猛武將，瞬息之間拔刀收回的居合之術曾幫助他斬落了無數敵將的頭顱。然而他卻因此功高震主有了謀反之嫌，猛虎的主君派出刺殺者用猛虎的愛刀斬落了他自己的頭顱。
381,八足巨妖,0,形似章魚的大型水棲生物，經從海中的地下洞窟來到了哈姆島，並將噴出乙太的間歇泉附近作為了自己的領地。在被冒險者討伐後，近海的海難事故明顯下降，於是有人推測部分海難事故的原因與該生物有關。
382,原型寶石獸,0,被收監於萬魔殿的創造生物。其創造理念是可以將部分身體結晶化轉換成剛玉狀，並藉此儲存更為濃密乙太的生物。但由於其具有異常的狂暴性以及無盡的食慾，而被烙上了失敗作的烙印。
383,金德爾,0,於天青鬥場颯爽登場的謎之黃金鬥士。其真身乃是初代藍色假面馬丁本人，馬丁在比賽中施展了種類繁多的魔法，輔以花樣百出的特殊裝置，以全新的身份作為對手為觀眾們奉上了精彩對決。
384,獅子王,0,遠東之國的最可怕的大妖怪之一，歷史文獻中遍布人們對它的恐懼。關於它的來歷有數百種不同說法，一些傳說中，它是瑞獸奴延們的王，另一些傳說中，它被認為是人們恐懼之心的化身。當你行走在夜間的深山之中，身邊窸窸窣窣的詭異聲響誘生的畏怖之心化為實體之後就成了獅子王。
385,特彌斯,0,「但在無數的繁星之中，<hex:02100103>出現在我面前的是你，我覺得我很幸福。」<hex:02100103>古代的引導者：特彌斯
386,煙煙羅,0,想給主人帶來前所未有的幸福，卻也導致了主人走向家破人亡的不幸。大煙管的付喪神煙煙羅就誕生在這樣的矛盾之中。然而說到底，幸運與否不過是思考方式的不同而已。面對那些渴望為自己的下場尋找借口的人，煙煙羅會毫不留情地用煙霧吞噬他們，顯然煙煙羅的立場就像是它的煙霧一般善變。
387,高貝扎,0,謎團重重的黑鎧騎士。他帶領著以四天王為首的眾多手下，蹂躪併吞並了多個領域，擴大了自身在虛無界的勢力。其目的似乎是打算進攻原初世界……
388,雅典娜,0,初代萬魔殿的管理者，雅典娜的記憶在得到了被稱為「神的素材」——克勞狄恩的肉體後顯現的超常生命體。她妄圖成為可以自由創造靈魂的「神」，但其野心在最後關頭被冒險者阻止。
389,凱圖嘟凱,0,在阿羅阿羅島遇到的海洋生物。南洋群島上流傳著眾多像是能飛在天上的鯨魚「肖科莫」等傳說，凱圖嘟凱也是其中之一。傳說雲，其乃神使，將馱著善良的人們跨過遠古之水與狂風之夜前往新的天地。
390,拉拉魯,0,在阿羅阿羅島遇到的守護像。通常這類巨像都是用堅固的石材製作而成，但拉拉魯卻是由木材製成。由此推斷拉拉魯應該是源於秘術的前身——算術的產物，特點是具備利用魔紋進行複雜控制的機關。
391,斯塔緹絲,0,喜歡惡作劇的無主小仙女。在其主人死後乙太卻未消散，一個人孤獨地流浪了很長時間。她本質上十分喜歡和人類相處，但在相處的方式上卻存在不少的問題。她總是會從收集到的遇難船的貨物或者漂流物中找到稱心的東西來表現自己扭曲的喜愛之情。
392,可幽可幽,0,「可幽可幽……我……可幽可幽……<hex:02100103>從很遠的星球……可幽……來到這裡。」<hex:02100103>外星朋友：可幽可幽
393,羅庫羅庫伊,0,在阿羅阿羅島供奉著的「被遺忘之民」的神子像。據推測是以負責傳達神諭的神子為形象製作的。但任何記錄中都沒有留下這究竟是怎樣的一種信仰，後來到訪島上的人們心懷敬意用意味著「訴說之人」的名字稱呼它為羅庫羅庫伊。
394,諾菲卡,0,諾菲卡是司掌大地與豐饒的女神，她經常被描繪為一位手持鋼鐵鐮刀的開朗農民。森都當地居民對這位神明的信仰尤其廣泛而深厚。其作為雙蛇黨募兵海報上的形象也廣為人知。此外部分版本的神話中描述她與戰爭神哈羅妮相處並不融洽，但實際上在神域遇見的兩位神明並沒有絲毫這類跡象。
395,阿爾基克,0,阿爾基克是司掌重力與光陰的男神，他有著土屬性的神力，經常被描繪為一位手持秘銀大斧的帝王。在神域遇見的這位神明雖然第一印象的確和神話傳說中的一樣，靜靜地散發著神明應有的威嚴，但他對於妹妹行星神妮美雅卻表現出十分溺愛的態度。
396,妮美雅,0,妮美雅是司掌行星與命運的女神，她經常被描繪為一位披戴著白色面紗的紡織人，在神域內與光陰神阿爾基克一起對人類發起了試煉。此外被冠以妮美雅之名的妮美雅百合是由於這種花的花瓣形似白色面紗而得名。
397,哈羅妮,0,哈羅妮是司掌冰河與戰爭的女神，她經常被描繪為一位裝備著青銅巨盾的強大戰士。在伊修加德正教中被視為絕對的主神。她在神域中充分發揮了勇猛戰神的本領，靈活運用銳利的尖槍享受著與冒險者們的激戰。
398,沙利亞克,0,沙利亞克是司掌河流與知識的男神，他經常被描繪為一位手持白蠟木手杖的學者。此外，在薩雷安，人們經由票選將沙利亞克選為了守護神後，還為他建造了兼顧美觀與雄偉的巨大石像。在神域顯現時的風貌也與該石像十分相似。
399,利姆萊茵,0,利姆萊茵是司掌海洋與航海的女神，她經常被描繪為一位手持長尖漁叉的健壯漁民。神話中被描述為放浪神奧修昂的戀人。雖然也有傳說提到她在沐浴時，曾遭到奧修昂的偷窺，於是奮力將劍扔向了奧修昂，不過我們寧願相信這是後世之人捏造的故事。
400,奧修昂,0,奧修昂是司掌山岳及放浪的男神，他經常被描繪為一位手持紫杉木弓的悠閒獵人，神話中是他創造了美麗的群山，讓世界有了流動的風。同時奧修昂也是探險家迪裡克的真正姿態，為了實現眾神的願望，引導冒險者來到了翁法洛斯。
401,杜蘭特,0,在高貝扎記憶中對峙過的憶晶師劍士。一直與黑鎧魔法師高貝扎一起為了拯救世界而四處旅行，但最終他們的願望還是破滅了。之後他為了阻止因敵人的奸計而失去理智的好友，不得不揮下手中的利刃。
402,歐羅基亞,0,十二神融合後的樣子。其本質是深愛著人類的眾神，打算將祝福賜予人類的決意。在至高神域星天，歐羅基亞賦予了人類最後的試煉。今後將是一個不存在神明的世界，活在這個世界上的人們的堅定意志讓其感受到了無比的喜悅。
403,阿修羅,0,薩維奈的人們自古以來所信仰的人趣諸神之一，擁有著三頭六臂的外形。因為其司掌「戰鬥」以及嚴酷的一面被人們熟知，市民之中信奉阿修羅的人並不多。但將「人生就是一場圍繞著金錢的戰鬥」奉為信條的梵胡狄卻經常向阿修羅獻上祈禱。
404,澤羅姆斯,0,在遙遠的古代，佐迪亞克被分割並封印在第十三世界月球的一部分乙太，從其剩餘的殘渣中誕生的超魔王級大妖異。通過吞噬了阿珠達雅，獲得了想要回歸原初世界的思鄉之念，最終擁有了破壞次元壁的力量。
405,克萊夫·羅茲菲爾德,0,「那一定是……<hex:02100103>要創造一個『人人都能活得有尊嚴的地方』吧。」<hex:02100103>傳說中的英雄：克萊夫·羅茲菲爾德
406,佩魯佩魯族,0,體格矮小的種族，主要生活在奧闊帕恰山。因騎著羊駝在圖拉爾大陸各地行商而被人們所熟知。全族都戴著一款很有特點的面具，據說是以幻獸豔翼蛇鳥為原型設計的。
407,羊駝,0,原產於圖拉爾大陸山岳地帶的四足動物。好奇心旺盛，但同時也很膽小。隨意靠近羊駝可能會被吐一身臭氣熏天的口水。據說生活在溪谷地帶的野生種群的警惕心比普通羊駝還要更強一些。
408,莫布林族,0,棲息在克扎瑪烏卡濕地的密林地帶，與哥布林族有著共同祖先的種族。作為擅長採集的種族，他們會與其他種族的工匠簽訂契約，為採集到的素材尋找用武之地。那些簽訂契約的工匠被稱為「罐子工」，不但會得到莫布林族提供的絕佳創作環境，還會得到生活上的照顧。罐子工製作出的成品是莫布林族的主要收入來源。
409,擬鳥枝,0,出現在亞克特爾樹海低地的奇異魔物。遠遠望去像是有翼綱陸鳥，但仔細觀察的話會發現它其實是草木綱的移動性植物。它擬態成鳥類，吸引肉食性動物靠近，上鉤的狩獵者反而會變成獵物的養分。
410,犎牛,0,棲息在薩卡圖拉爾草原區域的大型食草動物。平時動作遲緩，但一旦興奮起來就很難馴服。巨大的軀體會將任何擋在面前的東西撞倒。臉上長著鮮明的紋樣，據說是在同族間用來識別個體的標誌。
411,哨兵R,0,新生亞歷山德裡亞聯合王國引以為傲的機器兵。最新的哨兵系列中存在代號為「G」的槍手型和代號為「S」的劍士型等多種型號。代號為「R」的是騎手型，可以乘坐軍用飛梭。
412,外勤機,0,新生亞歷山德裡亞聯合王國製造的多功能自控機器。戰爭及災難導致人口驟減，為了補充缺失的勞動力，人們開發出了這種機器。從日常清掃到維護等雜務均能勝任，甚至還能充當卡牌遊戲的對戰對手。
413,古魯加加,0,「無知引發衝突，理解建立友誼。」<hex:02100103>圖萊尤拉初代聯王：古魯加加
414,瞌睡怪,0,巨魔的近親嗚嚕怪的其中一員。它會刻意將黏液怪吞入腹中在體內飼養。雖然被黏液怪吸走體內營養會導致它終日睡眼朦朧，但危急時刻將藏在體內的黏液怪放出體外加入戰鬥卻是個實打實的保命妙招。
415,遼刻特特雪精,0,棲息在靈峰沃刻佐莫山的雪精。人們偶爾會看到它與同伴一起快樂玩耍的情景，甚至還會邀請人們一起玩雪。遼刻特特雪精這個名字在尤卡巨人族的語言的含義為「從月亮上飄下，向人們訴說的雪精」。
416,錘顱巨兵,0,鎮守深空天坑最深處的巨像。從錘狀的頭部可以推測出這是尤卡巨人族製造的挖掘用巨兵。但不知什麼人篡改了控制巨兵的魔紋，把它變成了迎擊入侵者的守護者。
417,安布羅斯,0,在靈魂工廠「創生設施」中遇到的實驗體。從安布羅斯的狀態可以推測出，研究人員似乎想要將過量靈魂資源注入到屍體中，以實現一種具有實用性的死靈操控技術。此外，被用於實驗的人好像是遭到逮捕的忘斷軍成員。
418,豔翼蛇鳥,0,無人不畏懼的蛇鳥，人稱「擁有生命的天災」。它在漫長的生命中獲得了強大的力量，長期在圖拉爾大陸橫行霸道。大約80年前，古魯加加一行人將其封印，但如今卻在繼位儀式的過程中甦醒了過來。
419,佐拉加,0,「這場戰鬥將會決出真正的王者！」<hex:02100103>新生亞歷山德裡亞聯合王國武王：佐拉加
420,永恆女王,0,中央終端內生成的機器單元，繼承了斯菲因的所有許可權。斯菲因選擇了從其他鏡像世界奪取生命的道路，於是她抹去自己的記憶，化作毫無感情的機器，只為維持永久人繼續存在下去。
421,黑貓,0,在九號解決方案最大的娛樂場所——登天鬥技場中大放異彩的新銳鬥士。她將有著銳利爪子的黑色怪貓——凱西·帕魯格的靈魂注入到了自己體內，以驚人的速度在場內縱橫馳騁。
422,歐提斯,0,「為了守護斯菲因大人和親愛的人民，<hex:02100103>我絕不會讓你通過這裡！」<hex:02100103>亞歷山德裡亞王國騎士團長：歐提斯
423,喀赫奇瓦,0,「所以，把頭抬起來吧。<hex:02100103>帶上我的記憶，繼續走下去！」<hex:02100103>忘斷軍首領：喀赫奇瓦
424,烏克·拉瑪特,0,「一定要再見啊！我們永遠都是同伴！」<hex:02100103>圖萊尤拉武王：烏克·拉瑪特
425,斯菲因,0,「我是繼承了亞歷山德裡亞斯菲因女王記憶之人。<hex:02100103>我的人民就是我的家人，我守護他們的心願超過一切！」<hex:02100103>新生亞歷山德裡亞聯合王國理王：斯菲因
426,卡尼洛喀站長,0,機密研究所的站長。追隨佐拉加的外征派成員，世界融合之後學習了雷轉質技術，並將這項技術融會貫通於新兵器的開發之中。他雖然早已死去，但研究受阻抱憾而死的執念又使他化作死靈復生。
427,方舟天使MR,0,基於異界瓦納·迪爾的水晶戰士的記憶生成的迴響的殘滓。樣貌酷似米斯拉族，司管內心中的「嫉妒」。
428,方舟天使TT,0,基於異界瓦納·迪爾的水晶戰士的記憶生成的迴響的殘滓。樣貌酷似塔魯塔魯族，司管內心中的「怯懦」。
429,方舟天使GK,0,基於異界瓦納·迪爾的水晶戰士的記憶生成的迴響的殘滓。樣貌酷似加爾卡族，司管內心中的「憎惡」。
430,方舟天使HM,0,基於異界瓦納·迪爾的水晶戰士的記憶生成的迴響的殘滓。樣貌酷似休姆族，司管內心中的「無知」。
431,方舟天使EV,0,基於異界瓦納·迪爾的水晶戰士的記憶生成的迴響的殘滓。樣貌酷似艾爾凡族，司管內心中的「驕慢」。
432,得酷熱涅,0,有著蛇王之稱的恐怖圖拉爾威爪。毀滅了許多村落，連前去討伐它的蝰蛇劍士都難逃折戟沉沙。在崇靈之民的語言中，得酷熱涅這個詞的意思是「沙暴纏身的吃犎牛怪物」。
433,畝鼠米卡,0,活著的記憶這座娛樂設施的吉祥物。原型是一種叫畝鼠的小動物。最初製作者希望它能為大家帶來像雲母一樣晶晶亮的笑容，但長年缺乏維護導致它的行為出現了很大的問題。
434,遙遠的咒縛普利修,0,基於異界瓦納·迪爾的一位名叫普利修的少女的記憶生成的迴響的殘滓。或許是創造者為了滿足自己的目標肆意扭曲了一部分記憶，她的外貌與原型有所不同。
435,暗之王,0,基於異界瓦納·迪爾的暗之王的記憶生成的迴響的殘滓。暗之王曾率領獸人聯軍掀起大戰襲略諸國，為許多人留下了恐怖回憶。
436,靈變柱,0,配置於舊亞歷山德裡亞王城內的防衛兵器。卡琉克斯重新啟動了它，用於測試冒險者的實力。從安置在附近的子機處吸收了魔力團「妖紅珠」後，靈變柱能使用出種種充滿了隨機的攻擊。
437,奧利爾,0,「感謝您平日裡經常光顧金碟遊樂場。<hex:02100103>我是遊樂場的工作人員奧利爾。」<hex:02100103>金碟遊樂場工作人員：奧利爾
438,澤蓮尼婭,0,提取出斯菲因記憶數據中關於亞歷山德裡亞王國騎士團副團長澤蓮尼婭的部分後，根據澤蓮尼婭的戰鬥技術重現的兵器。雷光大戰期間，澤蓮尼婭投身於守護亞歷山德裡亞，號稱守護背後的一切時能展現出戰無不勝的強大力量。
439,劍嚎,0,娛樂性鬥技演出——登天鬥技場阿卡狄亞的中量級王者。驅使著卓越的劍術及魔狼芬里爾之魂貢獻的控制土石和幻影的能力，一直佔據著王者寶座未嘗敗績。他相貌端正，是一位十分受觀眾喜愛的正派鬥士。
440,魔陶洛斯,0,在力之塔上層遇到的妖異。這般巨大的妖異通常很難被召喚出來，因此可以懷疑召喚它的過程中使用了魔法城邦瑪哈創造的上級召喚術。看來應該就是島主召喚並與它簽訂了契約，為其提供特殊武器，以驅使它守護力之塔安全。
441,藍葉靈,0,偽裝成樹葉的草木綱魔物。棲息在亞克特爾樹海中的這個品種受到隕石放射的乙太影響，葉片變成了藍色。當地的輝鱗族視它們為「遭到詛咒後變形了的同族」，是不祥之兆，對它們十分避諱。
442,犀蜴,0,原產圖拉爾大陸的甲鱗綱四腳獸。輝鱗族通過獨有的方法馴服了這種兇猛有力的猛獸，將它們作為馱獸、戰鬥用的坐騎或者攻城兵器使用。另外，在艾歐澤亞看到的犀蜴大多是輝鱗族傭兵團運到艾歐澤亞的。
443,朵普羅族,0,輝鱗人的部族之一，特徵是帶斑紋的鱗片。因為人口遠少於霍比格、布涅瓦兩族而只得接受無法佔據主流的命運，但他們從未受到過排擠忽視。倒不如說，因為朵普羅族擅長馴養以犀蜴為首的各種坐騎，他們在輝鱗人中是個很有話語權的部族。
444,幻卡王埃爾默,0,「其實幻卡王真正的職責類似於考官，<hex:02100103>我會適當放水，讓真正的高手能夠獲勝。<hex:02100103>戰勝幻卡王的玩家就有資格挑戰世界各地的強者了。」<hex:02100103>幻卡王埃爾默
445,某些人的記憶,0,保全院的領導者卡琉克斯將人們保存在中央終端的記憶收集起來製作出了「某些人的記憶」。他通過使安置在房間裡的雷轉質設備連攜，以模擬重現了這些集體性質的記憶，並將其轉做了攻擊之用。
446,卡姆拉納特,0,以異界瓦納·迪爾的英雄人物卡姆拉納特的記憶為基礎生成的迴響的殘滓。與現代的人類不同，他其實是古代吉拉特人的倖存者，從如永遠般漫長的沉睡中醒來之後，他成了管理朱諾大公國的君主。
447,埃爾德納修,0,以異界瓦納·迪爾的傑出人才埃爾德納修的記憶為基礎生成的迴響的殘滓。他的真實身份其實是卡姆拉納特的兄長，古代吉拉特王國的第一王子，為了達成吉拉特人創造「真世界」的夙願曾在暗中策劃了眾多活動。
448,永遠之暗,0,新生亞歷山德裡亞聯合王國的國民對於死亡的恐懼凝聚起來形成的蠻神。將對死者的記憶都收集起來保存到雲端，以此來避免離別之苦至今的人們直面死亡時心中迸發出的恐懼就是永遠之暗。
449,強力機兵,0,為實現宇宙探索計劃在異星的惡劣環境中也能正常施工的需求而開發出來的重型工程機械，除了活躍在粉碎水晶等工作的前線之外，也有部分卸除了特殊裝備的機體被作為報酬，以供相關方面用於獎賞參與了宇宙探索的協助者。
450,命名威,0,「是我是我就是我！<hex:02100103>漂泊日久，歷盡滄桑，我命名威終於回來啦！！」<hex:02100103>傳說中的流浪者：命名威
451,洛洛特雪精,0,棲息在靈峰沃刻佐莫山的雪精。遼刻特特雪精的小弟。除了時不時地就會看到它與同伴一起快樂玩耍的情景之外，也有不少人被捲入它們的遊戲弄得一身雪。另外，洛洛特雪精這個名字在尤卡巨人族的語言的含義為「受到月光照耀的小小雪精」。
452,花人,0,「朝聖交錯路」是通往諾弗蘭特各地的朝聖之路，冒險者在途經伊爾美格附近的朝聖路時發現了這隻生物。雖然不難猜到它是受到妖靈族詛咒的人類，但具體經過卻是個未解之謎。而它之所以會這麼的兇猛好戰，應該是被變形之前的人影響吧。
453,法臘法,0,「接下來的日子，<hex:02100103>我會和達托戈還有雪精們一起度過。」<hex:02100103>尤卡巨人族「雪棱拜壇修復團」
454,可露兒（金曦）,0,「多虧你們當初保護了我，我才能有現在的幸福生活」<hex:02100103>拂曉血盟：可露兒·瑪伊雅·巴爾德西昂
455,雷獅鷲,0,以特雷諾近郊為領地的怪鳥，是位於第九世界食物鏈頂端的捕食者。一旦發現大型野獸或出現在障壁之外的人類，就會高速俯衝而下擊殺獵物。而它之所以能在電閃雷鳴中來去自由地飛翔，是因為它擁有控制雷電的能力。
456,格萊楊拉波爾,0,雷光大戰末期，大國林德布魯姆開發的裝甲列車，能在魔法生物附身的影響下自主運行是這輛列車最大的特徵。曾經的工作主要是為戰場輸送軍用魔物，失控之後的數百年間，一直引領著大群的魔物肆虐。
457,林德布魯姆,0,擋在冒險者面前的敵人，最強大的反派，其真實身份正是阿卡狄亞的老闆。他將以大國林德布魯姆為名的大蛇之魂注入自己體內，擁有了強大「自愈因子的同時，也變成了可怕的怪物。
458,,,
459,,,
460,,,
461,,,
462,,,
463,,,
464,,,
