key,2,3
#,Name,Description
offset,0,4
int32,str,str
0,,
1,使魔的主人,　　母后的使魔羽衣精過去曾負責王宮的保潔工作。考慮到帕帕夏恩對母后在世時的經歷十分了解，朕認為他或許會知道羽衣精出現在那扇門後的原因，因此朕試著與他談及了這件事。當然了，朕沒有向他透露這次的秘密探索，朕只是旁敲側擊地向他打聽了這件事。<hex:02100103>　　根據帕帕夏恩所言，朕的母后十分愛乾淨，即使入宮成為了王妃，也堅持要親自打掃衛生。撞見王妃行動的侍女大驚失色，把所有的保潔工具都藏到了母后看不見的地方。面對這一結果，母后召見了來自知識之都的魔法師學習魔法，與那位魔法師一起創造了一隻巨大的保潔使魔。但凡發現些許汙漬，這隻使魔就會雷霆出擊，連銀胄團的近衛騎士都得對它退避三舍，任它盡情打掃。使魔忙碌清潔、眾人紛紛躲閃的樣子在當時堪稱王宮一景，但不知何時，王宮中忽然不見了使魔的蹤影。<hex:02100103>　　朕猜測，或許是當時王室與共和派對立日益激化，父王與母后很難擠出時間探訪追憶之地。因此，母后選擇將羽衣精派遣至此，讓它來守護打掃追憶之地。話雖如此，母后可真是個敢想敢為的人。不提創造保潔使魔這事如何，光從這使魔本身的實力就能窺見母后的些許能力……奔放不羈竟能到如此程度，著實讓朕震驚。
2,高潔戰士的行事作為,　　出於對今後探險進行上的考慮，朕在王宮的藏書庫中查找了一番關於希拉狄哈的記錄，想要找到解開謎團的線索。然而，可能正因為是王宮的藏書庫吧，朕找到的資料大都是早已經知道了的內容。但也不能說全無值得矚目的情報。朕發現了一份狩獵殭屍時期的報告。內容提到了蜥蜴人族與烏爾達哈士兵共同參與的一場戰鬥。報告者認為蜥蜴人勇士的戰鬥方式與烏爾達哈士兵的差異太大，雙方很難配合。<hex:02100103>　　當時的希拉狄哈水道中充斥著大量的殭屍，這些殭屍的能力良莠不齊。報告中提到的那些士兵們認為戰鬥應該首先從能力不強的殭屍開始，以盡可能減少殭屍的總數為目的行動。而蜥蜴人族的勇士卻有不同的看法，他們渴望挑戰那些即使以蜥蜴人的角度來看也過於強大的敵人。對此表示困惑的人們詢問了蜥蜴人族，對方回以「只有與強大的敵人戰鬥才能展現自己的力量，與弱的敵人爭鬥就像是膽小的懦夫。」<hex:02100103>　　後來，雙方選擇了尊重對方的想法，各自按照自己的方針戰鬥。也就是說，烏爾達哈的士兵們的工作變成了盯著弱小的敵人掃蕩。朕不確定是否有能用到這些情報的地方，姑且是在這裡記了下來。
3,暖陽之中,　　多年以前，王宮曾為了增進與商人之間的交流舉辦了一場晚宴，貴為王族的父王與出生在小商人家庭的母后在這場晚宴中偶遇相識。一見鐘情的兩位由此開始了他們的浪漫故事。據說兩人在婚前經常會在一個不為眾人所知的秘密花園中約會。那是一個深埋於大地深處，卻有暖陽照耀的美麗花園……不會錯了，定是這次冒險者和朕在探索中找到的地方。<hex:02100103>　　當二位的婚約公開之後，這處秘密花園就成了坊間傳聞中的求婚之地，一時流言四起。甚至有大量的不法商人以此伺機撈錢，屢禁不絕。這麼多年過去了，烏爾達哈商人可真是一點都沒變，時時刻刻都不忘記他們的生意。不過外界始終沒能找到真正的秘密花園，朕也是多虧了與冒險者的這場探險，才能解開這個謎題。<hex:02100103>　　朕彷彿能想像出當時的情境。被薩納蘭的乾燥砂礫埋沒了的地底深處，鮮花綻放草木萌芽，陽光之中年輕的父王和母后彼此了解、愛慕。這幻想中的畫面讓朕感到由衷的快樂。朕可花了這麼長的時間才再次回憶起了二位的微笑是如何的模樣……
4,鑰匙與約定,　　這把用白銀製作的精緻鑰匙是朕5歲生日時，父王和母后贈送給朕的禮物，二位並沒告訴朕這鑰匙的使用方法。母后只對朕說，等朕長大成為一位淑女時，她將會帶著朕去這把鑰匙守護著的回憶之地。隨後父王也對朕說起，那裡除了是他們二位的回憶之地以外，也保存了烏爾達哈這個國家的無數回憶。對於尚且年幼的朕來說不能立刻到手的禮物著實惱人，一時還和父王母后鬧起了彆扭。現在回想起來，這一切竟成了如此珍貴的回憶。<hex:02100103>　　在那之後不久，父王和母后就蒙札爾神恩召棄朕而去了。朕驟然間失去雙親成了孤兒，只得於百感交集中倉促加冕為王，在悲傷和不安中勉強度日。蹣跚前行於沙漠的嚴寒與酷熱之間，已然耗費了朕的一切精力。朕不得不將約定、鑰匙以及回憶之地等等束之高閣。<hex:02100103>　　朕的雙親為何要將鑰匙送給才剛五歲的年幼女兒。他們是否是對不久之後的蹊蹺事故有所預感，還是……朕已經無從得知二位的想法，但朕相信，朕現在手中的這把鑰匙一定寄託有父王和母后想要告訴朕的秘密。
5,父王的夙願,　　在與烏爾達哈共同討伐希拉狄哈水道殭屍的過程裡，參戰的蜥蜴人族設立了不悔戰陣。假設不悔戰陣是蜥蜴人族當時的大本營，那麼朕和冒險者這次找到的據點遺跡想來就是蜥蜴人族的前哨基地了。考慮到這個位置藏在父王和母后交給朕的鑰匙之後，父王留給朕的日記裡又提到了「與蜥蜴人族攜手共鬥的證據」，朕堅信這二者之間一定有什麼聯繫。<hex:02100103>　　父王在世時一直反對公布獸人驅逐令。儘管如此，共和派的人為了獲取更多的權益，仍執意以沙蠍眾的身份推動議程，在父王的抗拒中強行公布了新法令。父王似乎曾打算發動輿論應對共和派的蠻橫之舉。不是用那些捏造的文獻和記錄，而是將這不容反駁的「與蜥蜴人族攜手共鬥的證據」公之於眾，推進人類與蜥蜴人之間的融合之路，但這項計劃卻因為父王遭遇蹊蹺的事故不幸離世而未能實現。<hex:02100103>　　那項證據是什麼，如今又在哪裡，朕也無從得知。然而，有一點是朕能夠確定的……如果這座據點的遺跡確實是找到證據的線索，那麼在如今兩族融合的時機已至之時，朕作為父王之女，必將繼承父王的遺志，達成父王夙願，以全孝道。如果朕與冒險者真的能在那裡找到「證據」就好了。
6,烏爾達哈之罪,　　那位安眠於棺槨之中的蜥蜴人勇士也是一具殭屍。恐怕他是在與殭屍戰鬥的過程中受了傷，不幸感染，最終被侵蝕成了殭屍吧。<hex:02100103>　　這種能將活人轉化為死靈的禁忌秘藥「來生神之淚」是烏爾達哈國內的咒術師創造的秘藥。當時的烏爾達哈國王薩薩加恩三世將這種罔顧人倫的秘藥投入戰爭擊潰了希拉狄哈之後，還四處散布謠言，宣稱是希拉狄哈人開發了這種秘藥將自己的臣民變成了不死士兵。所幸天網昭昭，不久之後索恩家就告發了薩薩加恩三世的惡行，結束了第一烏爾朝的罪惡統治……可如今薩薩加恩三世編造的謊言，卻仍是眾人熟知的事實。<hex:02100103>　　王族們為了保全烏爾王室的權威，又有咒術師組成的納爾札爾教團從中作梗，無數人抱守私利，偽造了無數的謊言，就這樣一代代傳承下來編造了如今的歷史。大多數烏爾達哈人恐怕是不願接受自己生活的都城竟然建立在另一個國家的都城之上吧，更勿論那個國家還是毀於自己國家的非人惡行之下了。然而不能正視歷史就無法走向未來。朕越是想起那位蜥蜴人的身姿，就越是感到自己作為繼承烏爾之名的女王責任之重大。終有一天，即使過程是困難的，朕也希望烏爾達哈能像是伊修加德那樣正視歷史的真相。
7,焚香祈禱,　　朕就希拉狄哈水道中發現的種種徵詢了蜥蜴人方面的意見。不過，此事到底是無法作為議題在烏爾達哈與蜥蜴人一族的定期會議中討論的。朕總不能將偷偷離宮調查一事透露出去嘛，不然就是在為難那些為朕提供幫助的眾人了。<hex:02100103>　　正因如此，朕在會議結束之後，與出席會議的酋長進行了一場別無二心的「閒聊」。朕向他說明了在烏爾達哈領內發現的棺槨，以及其中不幸淪為了殭屍的蜥蜴人族勇士，並表示希望能悼念祭拜他，詢問了酋長該如何以蜥蜴人的方式悼念。聽聞此消息的酋長強調說，最重要的一點就是不能妨礙勇士的安眠。發現者絕不能打開棺槨查看其中的情況。「英雄豪傑，生榮死哀。應鞠躬致敬、默哀悼念，歡慶報捷，誠心叩拜。」……這也是蜥蜴人族悼念戰死同胞時用的方法。在那之後，還需要為他焚香，撫慰他逝去的英靈。<hex:02100103>　　經過這一番談話，朕痛感自己應該對蜥蜴人族的文化有更多了解和認知。只有更多地接觸他們的文化習慣，才是加深理解促進融合的正道。
8,烏爾達哈與希拉狄哈,　　貝拉哈迪亞一分為二，成了對立中的兩國烏爾達哈與希拉狄哈。正如歷史所述，來生神之淚毀滅了希拉狄哈為兩國之爭畫上了永遠的句號。不久之後烏爾達哈就遷都至希拉狄哈舊日都城所在的地方，因此，如今在烏爾達哈王都的周邊和地下深處還有大量的希拉狄哈遺跡。建造上下水道時，借用了當時的遺跡，因此得名「希拉狄哈水道」……多麼諷刺啊，要知道當年兩國大規模戰爭的導火索正是水源地之爭。<hex:02100103>　　既然水道借用了希拉狄哈的遺跡，那麼會通往另一座遺跡自然不算怪事，但朕沒想到竟然能一路通到那座似乎是希拉狄哈王宮的地方。如果這座遺跡當年是暴露在地面上的，大約早被薩納蘭的烈日和風沙吞噬，風化殆盡了。正是恰好被深埋於地下，才讓它能像如今這樣，彷彿時間都停止了一般，完好地保存下來。<hex:02100103>　　平常是很難發現保存得這樣好的遺跡的吧。對歷史學者來說，那肯定是一座極其重要的調查目標。然而，進入水道通往遺跡的方法實在是令人頭大，這樣下去恐怕是很難保證每次都能到達那座遺跡的吧。朕現在最先要做的，就是修整前往那裡的道路。
9,國旗飄揚,　　每當看到希拉狄哈的國旗，就不由得會想起烏爾達哈和希拉狄哈兩國的初代國王是一對雙胞胎。不過，兩國的國旗之所以會如此相似，並不是因為這個原因。回到貝拉哈迪亞時代，國旗上的審理之天平兩端安放著的還是聖火和葡萄。後來，烏爾達哈繼承了象徵力量的聖火，希拉狄哈則傳承了象徵智慧的葡萄，雙方又各自選用了代表財富的寶石和代表力量的頭盔平衡天平。兩國均高舉己方那面與貝拉哈迪亞已一脈相承的國旗，宣稱本國作為天命所歸的繼承者的正當性。<hex:02100103>　　雖然兩國的國旗都帶有「力量」這個要素的象徵，但烏爾達哈的力量指的是「魔法」，希拉狄哈的力量指的是「武力」，這二者的性質大有不同。希拉狄哈國旗所描述的「力量」，更像是雲集於我國的鬥技場的那些劍鬥士所擁有的力量。<hex:02100103>　　現在回想起來，最後守在那裡的那台粗魯的守護者，正是希拉狄哈的風格。守護它頭部的那頂頭盔上還裝飾著纖細精美的葡萄花樣。而且它的身體也是與希拉狄哈白銀天平相似的顏色，即使在採光不佳的地底，也反射著炫目的銀光。可希拉狄哈早已毀滅了，它卻仍在那裡，守護著失去了主人的王宮，著實令人心生惋惜。
10,母親的眼瞳,　　可真沒想到，連這種常年封閉的地下遺跡都能有盜墓的人闖進來。朕看遍了一路，愣是沒找到除了入口以外能進去的地方。當然，考慮到遺跡的構造這麼複雜，還有朕沒能發現的入口也不算怪事。<hex:02100103>　　話又說回來了，關於這些盜墓者留下的塗鴉……朕現在回想起來，覺得他們指的是「娜夏孔雀石」。朕認為，那應該就是前往隱藏之地的鑰匙。不過，沒想到竟然是娜夏孔雀石，這讓朕該如何平靜地看待此事呢。<hex:02100103>　　為了應對第七靈災後復興的需求，而再次開發銅鈴銅山……在這個過程中出產的高品質孔雀石，被烏爾達哈的寶石商人命名為「娜夏孔雀石「。母后若是健在倒還好說，母后都離世這麼多年了，那群商人竟然還為了利益將寶石冠上母后的名字，這種行為自然讓朕深感不快。<hex:02100103>　　但讓朕沒想到的是，當商人們把娜夏孔雀石進獻給朕時，朕確實從寶石柔和的微光中看到了母后那雙溫柔地注視著朕的眼瞳。面對如此美妙的顏色，即使不滿，朕也只有接受這個命名了……
11,索恩朝的寶庫,　　在遺跡裡找到的那張紙的背面，朕找到了「希拉狄哈水道」、「索恩朝」、「寶物庫」這幾個單詞的塗鴉。那些盜墓者似乎認為索恩朝的寶庫就藏在希拉狄哈水道的某處。然而索恩朝向來以他們清廉節儉的政風而聞名。若不是索恩朝的國王願意禪位，現在的第二烏爾朝都不會存在。朕從未聽說過索恩朝有任何將王室寶物擅自帶走藏匿的傳聞……假設索恩一族的人真的將財寶藏在了某個地方，他們也定然知會了烏爾一族。若這個設想成立，那就可以假定烏爾家的歷代國王都對此知情，而朕的父王當然也對此有所了解。<hex:02100103>　　父王將鑰匙贈送給朕時曾說過，這把鑰匙能打開保管了烏爾達哈重要回憶的寶庫。並且，父王希望能在朕長大之後，將其中的一切展示給朕看……莫非，父王指的就是這個寶庫？<hex:02100103>　　雖然朕思考了很多，但說到底這些都不過是朕的假設。至少這次探訪的希拉狄哈王宮遺跡中並沒有類似的場所。考慮到父王當時所表述的意思，朕認為這個寶庫如今仍藏在一個不為人知的地方。
12,父王和母后的信,　　在希拉狄哈水道的深處發現了裝滿財寶的倉庫。保存在其中的目錄頂上寫有「願烏爾王室能為了民眾與近鄰繼承這一切」的宣言，落款則是索恩朝末代國王的名字，後續的頁面上還有歷代國王的簽字。這本目錄的最後，由朕的父王簽名的那一頁夾著一張已然褪色的信件。「願愛女娜娜莫能讀到此信」……這封用父王的筆跡寫就的信件上留下了如此的字眼。<hex:02100103>　　這封信介紹了這座寶庫，將這裡描述為只有王位繼承者才能知道的禁地，並提到了從索恩朝時代保存至今的「人類與蜥蜴人攜手共鬥的證據」。這本是國王與國王之間代代相傳的機密，但父王考慮到自己遭遇不測的可能性，提前寫下了這封信有備無患。<hex:02100103>　　「娜娜莫，不知你長成了怎樣的一位淑女。女王對你來說應該是一條滿是坎坷的道路吧。作為父母，我們有一件事希望你能一直記得。在作為一個女王之前，你永遠是我們最愛也最驕傲的女兒。我們只希望能在你的臉上看到柔和的粉桃色，在你的口中聽到你靦腆的笑聲。你能健康快樂，我們就能放心了。」……信的結尾，父王和母后在寫完這句話後留下了他們的署名。<hex:02100103>　　父王、母后……請你們一定一定放心。朕如今的每一天，包括此刻，都很開心……
13,陰陽師的失物騷動,　　曾經有一位本領高超的男性陰陽師。他雖然在製作咒具方面頗具才能，但不知為什麼，製作出來的東西經常會丟失。因此他又製作了一個「防止丟失的箱子」，上面施加了必定會回到主人身邊的咒術，用於保管咒具。多虧如此，每次箱子被偷走時都能順利物歸原主，但也僅限於箱子……裝在裡面的咒具每次都會被洗劫一空。<hex:02100103>　　時守先生曾說過聖淨院有多個這位陰陽師製作的防止丟失的箱子。據說這些箱子上還施加了可以抑制咒具力量的咒術，其中管理著諸如吸血妖刀和萌木土偶這樣的物品。我此次回收的是用來裝吸血妖刀的箱子，而用來裝萌木土偶的箱子則因騷動下落不明。這裡提到的萌木土偶，據說如果能在將其放進祠堂之前先對祠堂表達敬意，它就會發揮出相應的力量，令周圍的草木恢復活力。因此聖淨院一直在用它來保護御神木。不過，如果使用不當可能會導致土偶的力量失控，對大山造成惡劣影響，所以發現之後最好能及時回收。
14,染血的妖刀,　　遠東之國還處於亂世的時候，曾出現過一位一夫當關的猛士取下過無數敵將首級。其名為猛虎，猛虎戰鬥時正如其名字一般威猛無比，無往不勝，但也正因為這份強大，其主君擔心他會謀反，對他起了戒心……最終他遭到了暗算，被人用從他手中奪走的愛刀砍掉了頭顱。不知是這位猛士無盡的遺恨，還是被那把刀斬殺的人們的怨念所致，整個刀身被染成了血紅色，不論是用紙擦還是重新打磨，那把刀都無法恢復原來的顏色。後來有人嘗試用靈山的清水進行淨化，結果適得其反，反倒讓那把刀獲得了靈力，變成了一把妖刀，會驅使使用者不自覺地犯下惡行。<hex:02100103>　　這個故事中提到的靈山，不言而喻指的就是六根山。其實時守先生也曾提到過山裡有一個被清水填滿的湖。那一帶的靈力尤為濃厚，供奉著重要物品的神社也被安置在那裡。因此可以說那裡出現不祥之物的可能性很高。但知道前往神社方法的只有高僧……況且此次涉足的地方也並沒有看到神社的蹤影。現在唯一能做的，也只有找找其他地方了。
15,鎧甲不語,　　擁有著戰國時期最強之名的猛士——猛虎。他生前穿著的那套裝備，被其子孫很好地繼承了下來。但有一天早上，一直被好好保管的猛虎的裝備在沾滿血的狀態下被人在宅邸庭院中發現，而且旁邊還躺著一個疑似盜賊的男性屍體……人們紛紛猜測是祖先的靈魂依附在了裝備上，保護了家族的財物，而身為持有者的猛虎子孫則非常不安，擔心這套裝備在不久的將來會引發什麼事端。最終，子孫們決定將這套傳家寶供奉給聖淨院。<hex:02100103>　　在東方有個說法叫「萬物皆有神靈」，人們認為像自然產生的巨像兵和元精，或者妖異和死靈之類，又或者是獲得了靈性的瑞獸這種，都被涵蓋在了其中。或許猛虎的那套裝備就是其中的一種。如今討伐已經結束，其真偽已無從得知，但畢竟那裡是靈力豐富的六根山，也有可能是吸收了濃密的環境乙太，然後依附在裝備上，膨脹成了巨大的妖怪。慶幸我們沒有像故事中的小賊一樣丟了性命。
16,刀匠出人頭地,　　在紫州北部有一位製作農具的名為七種的男子，後來成為了刀匠並且聞名天下，這段成功的個人經歷也成為了遠東之國家喻戶曉的經典故事。其中最為有名的要數以四聖獸為原型構想出來的四把刀……其中兩把刀為鎧甲妖怪擁有的「赤帝」和「青帝」，剩下的兩把刀則為「白帝」和「黑帝」。這四把刀擁有著極其美麗的刀身，為七種提供了嶄露頭角的契機，而主人的出人頭地也為自身帶來了名氣，可謂互相成就。另外白帝經常會被拿來和那把名刀「風斷」進行比較。<hex:02100103>　　按照椿小姐所說，受到七種在六根山附近設定鍛鐵場的影響，紫州北部彙集了大量鍛鐵匠，如今已經成為了名刀的一大產地。而伴隨著與火為伍的工匠的聚集，與火之神相關的祭祀活動也在不斷增加。其中最著名的，要數鍛鐵匠們在3個燈籠中點火的「三燈祭」……這似乎是一種向火之神祈願，期盼過去、現在、未來的作品都能充滿力量的儀式。也有說法稱「三」是一個吉利的數字，這樣做也是為了討一個好彩頭。
17,樂器工匠和美麗的演奏者,　　很久很久以前……有一位工匠傾注了自己全部心血製作了「琵琶」。因做工過於出色，所以他堅持要把這個琵琶交給足夠出色的演奏者，然而伴隨著時光的不斷流逝，這個願望始終未能達成。等找到能讓自己滿意的演奏者時，這位工匠已經到了老態龍鐘的年紀了。這位突然出現的女性演奏者，在他面前演奏了一首如明月般美妙動聽的曲子，贏得了工匠的青睞。之後她帶著琵琶頻繁前往遠東之國，在一次次精彩演出的過程中收穫了大批忠實追隨者，不過在工匠天壽之際，她卻和琵琶一起失去了行蹤。人們在懷念她的演奏的同時，也有傳言說她會不會就是琵琶的付喪神。<hex:02100103>　　付喪神的存在多種多樣，不僅顯現方式不同，引發的事情也有好壞之分。一般來說像這種不祥之物，多是比較有名或者做工精良的物品，所以在收藏家當中人氣很高，如果有付喪神依附其中的話，價值會更高。但也僅限於像琵琶這種依附著好的付喪神的情況。如果是壞的付喪神的話，還是先進行一下驅魔儀式之類的才更容易找到買家。
18,輸給慾望的姑娘,　　過去在某個村子裡有一個信仰虔誠的姑娘。即便是在收成不好的年份，姑娘自己餓著肚子也要向神明上供，並期盼著來年能有一個好收成。某晚，神明出現在了姑娘的夢裡，等她醒來之後，發現床頭放著一個神奇的小槌子，這就是萬寶槌。據說姑娘一邊祈禱一邊揮舞小槌子的話，就會有米源源不斷地流出來。姑娘因此解決了吃飯問題，但很快她就忘記了曾經的祈禱，開始變得傲慢，四處放縱，肆意揮霍。如此高調自然鬧得人盡皆知，很快，姑娘就被前來奪取小槌子的赤鬼殺害。<hex:02100103>　　也許因為我是商人，所以在我看來沒有小槌子也有辦法增加財富。我突然想起了自己還是孤兒時候的事，那時我在烏爾達哈的小巷子裡苟活，第一次見到羅羅力特會長那天，他給了我很多金幣。會長當時對我說：「我聽說這裡有一個獨具慧眼的小鬼，應該就是你吧。給你一天時間，把那些金幣翻倍。」因為我知道對方是什麼人，所以很爽快地便答應了，並完成了對方交給我的任務，然後會長就把我招進了東阿爾迪納德商會。如果我像那個故事裡的姑娘一樣利慾熏心，肆意揮霍的話……不知道下場會如何呢？
19,燈籠妖怪照亮前方,　　那是一個伸手不見五指的夜晚，巡夜的武士們正走在昏暗的道路上，突然看到遠方出現了燈籠的亮光。他們好奇大半夜的會是誰在那裡，於是便上前查看。但是那裡沒有人影，唯有一個點亮的燈籠靜靜地放在那裡。眾人雖然覺得不可思議，但因為擔心會引發火災，還是準備把燈籠拿走。可正當武士伸手之時，周圍突然出現了無數的鬼火。緊接著又出現了彷彿嘲笑武士們一般的笑聲，原本以為會發生什麼更可怕的事情，可突然之間光亮就消失了，周圍又恢復了一片黑暗。<hex:02100103>　　這就是流傳於遠東之國的「妖怪提燈」的故事。這原本只是為了嚇唬人而虛構出來的形象，如今這種妖怪真的出現在了六根山並且還襲擊了人類，我多少還是感到有些意外。據時守先生說，這是高僧代代相傳的物品，或許是因為認定我們為入侵者，為了保護聖淨院才開始活動的。另外我還重新調查了不再動彈的燈籠，在上面找到了一些東方文字，寫的是「在夜色中發光的指示燈，遵循火之神的祭祀活動，照亮黃金之路」。這句話到底是什麼意思，我還是多少有些在意的。
20,勞動者的勇氣,　　在六根山附近的某個村子裡，有一位勤勞的青年在勤勤懇懇地耕田。突然他停止了手中的工作，只因聽到了某人的呼喊聲。他抬起頭，看到可怕的野獸正在襲擊村民。一想到最近附近的多個村落都出現了食人野獸的事，青年也慌張了起來。這樣下去同伴會有生命危險……所以他鼓起勇氣將手中的農具扔向了野獸。好在農具成功擊中了野獸的要害，野獸因此受到驚嚇，快速往山裡逃去。以此事為契機，村子裡推出了新的祭祀活動，向代替野獸的稻草捆投擲農具，祈禱驅除厄運和豐收。<hex:02100103>　　話說今天帶回來的農具上面居然刻著「七種」的字樣。這個人如今已經成為了遠近聞名的刀匠，不過他年輕時則是靠為當地的農民提供工具為生。我聽說羅薇娜商會手下的鍛鐵匠經常會為了還欠下的酒錢而幫別人打水壺，感覺七種那邊就和這種情況一樣。另外關於七種流傳著很多故事，還聽說他特別喜歡四聖獸，還專門在鍛鐵場的四個角落為它們打造了氣派的雕像。
21,武人的榮耀,　　遠東之國在各地都設定了楔石以有效控制地震的發生。我們造訪過的六根山當中也有楔石，還流傳有這樣一個故事。曾經有一位巡禮的武人嘗試將手放在楔石上，結果突然出現了一隻身上插著農具的野獸向他襲來。武人反應迅速，立刻開始應戰並刺出了自己心愛的薙刀，被刺中的野獸疼得滿地打滾，撞上了楔石……結果引發了可怕的大地轟鳴。武人擔心這樣下去會發生大地震，便鬆開了手中的武器，野獸就這樣帶著扎在身上的薙刀一口氣逃走了。隨後武人擦拭了被野獸的血沾染的楔石，轟鳴聲就此停了下來，災害沒有進一步擴大。<hex:02100103>　　關於這個故事有著很多的說法，有人說武人成功討伐了野獸，還有人說是野獸可怕的叫聲引發了轟鳴。或許是因為遠東之國自古便是一個地震頻發的地方，所以有很多將自然災害神魔化與異形對戰的故事。甚至在薩雷安魔法大學的研究者當中，也有人積極主張楔石是一種魔器，通過將其配置在地脈的結節點中，可以讓地脈的流動變得穩定。
22,修行僧的封印術,　　那一天，有一位修行僧正在六根山的深處冥想。當時四下安靜，連風吹過葉子的聲音都聽不到，卻突然傳來了踩踏草叢的腳步聲。修行僧以為是誰有事找他，結果睜眼一看，映入眼簾的是身上插著農具和薙刀的妖怪。修行僧認出這正是瑞獸奴延之王——獅子王，於是便拿起了錫杖。身負重傷的獅子王雖然試圖拚命逃脫，但修行僧怎會輕易放過這個襲擊了眾多人類的妖怪。在經歷了一波激烈的攻防戰之後，修行僧刺出錫杖，將獅子王封印在了岩石中。據傳修行僧為了方便監視封印，於是開設了聖淨院。<hex:02100103>　　原來那個錫杖並不是單純的手杖，還可以通過聲音來驅魔，有時甚至是可以護身的武器。即便是沒有那位修行僧那般實力的我，至少也可以拿來支撐身體，有了那樣一根手杖，相信在爬六根山時也能輕鬆一些。總之，沒什麼體力的我也能順利度過這樣的冒險真是謝天謝地。要是在此次探索中遇到需要攀爬堆積的木箱或者絕壁那樣的情況的話，那我可就束手無策了。
23,櫻花樹下的許願,　　有一位年紀輕輕就失去了愛妻的陰陽師。即使過去多年，這份離別的悲痛也始終無法癒合，伴隨著他的不斷老去，二人結婚時種下的櫻花樹上的花也在逐年減少。如今的他只期盼著這充滿回憶的櫻花能生長得茁壯一些。結果，與他同為陰陽師的妻子生前製作的土偶開始發光，讓櫻花樹重新煥發了活力。陰陽師彷彿是感受到了來自妻子的撫慰一般，又重新振作了起來，把櫻花樹打理得井井有條，安穩地度過了餘生。<hex:02100103>　　一提到櫻花，我想到的是曾經擋住了我們去路的名為夜櫻的忍者。椿小姐曾說過，夜櫻是花隱一族的後裔，是繼承了與花相關的特殊忍術的高手。她似乎還是埋火大人派往六根山的臣子之一。據時守先生所說，曾在騷動當中為人們提供過避難支援的她，為了幫助來不及逃走的小孩子，最終慘遭妖怪殺害……如果其屍首是遭到了他人操控的話，那真是著實令人痛心。
24,古董「大煙管」,　　長久以來，大煙管都有著能讓擁有者幸福或者不幸這兩種截然相反的說法。但是我認為，大煙管其實並沒有這樣的力量，只是擁有者單純地把自己的幸福或不幸都歸咎在了大煙管身上，以尋求一種心理上的平衡而已。但無論關於大煙管的那些說法是真是假，只要有了豪雷那深不見底的慾望，再加上六根山豐富的靈力，也足以讓付喪神依附其中。那麼問題在於，得到了大煙管的豪雷，直到生命的最後都能被自己喜愛的古董包圍，這到底算不算是一種幸福呢？還是說，自己的慾望沒能得到滿足，就這樣變成了妖怪，算是一種不幸嗎？<hex:02100103>　　到頭來，幸福或者不幸，其實都是當事者的一種主觀感受。就拿我來舉例，我是一個孤兒，那麼從一般的角度來講，我應該算是不幸吧，可我自己卻從來沒這樣想過。反倒覺得我從年少時起就開始學習經商，見過很多人和事……積累了很多知識和見聞，有一種「前半生真是沒白活」的感覺。以前從沒有想過自己到底是幸福還是不幸，但就目前來看，我應該算是幸福的吧。
25,使魔與襲擊者的真實身份,　　「有個奇怪的人引來了像洞虎一樣的會動的木像，太嚇人了！」<hex:02100103><hex:02100103>　　聽說是會動的木像時，剛開始還以為是巨像兵之類的東西。我還聽說在東方地區，有那種木製的機關巨像兵會用於戰鬥中……我在說出自己的想法後，卡利卡回答了我的疑問。阿羅阿羅島上留存有一種由過去的居民創造的名為庫阿庫阿的古老使魔。會動的木像可能就是這個庫阿庫阿。另外島上還有其他類似庫阿庫阿的存在，如果不小心接觸到了它們，可能會遭到攻擊，所以要多加小心。<hex:02100103>　　在發祥於南洋群島的秘術當中，寶石被視為「介於物質與生命之間的東西」。所以眾所周知，使魔的內核用的就是寶石。同理，木材也可以和寶石一樣視為「介於物質與生命之間的東西」。在開始使用寶石之前的更早的古式秘術當中，使魔的內核更多使用的是木材。從這個角度來看，能夠引來如此古老的使魔，那麼襲擊摩提夏他們的這個奇怪的人，應該是掌握了秘術。
26,阿羅阿羅島的遷入者,　　「阿羅阿羅島自然生態豐富，周邊的漁場甚至不輸薩維奈島……但是，為什麼沒人住在這裡呢？」<hex:02100103><hex:02100103>　　阿羅阿羅島雖然是個美麗的島嶼，但是土地面積狹小，環境變化頻繁，天然資源也很有限。這樣的環境自然也是難以抵擋自然災害。因此這個島的歷史，就是一個有人遷入和搬走無人的循環往復。<hex:02100103>　　據卡利卡從過去的島民那裡了解的情況來看，能確認到的最早的居民是在第四星曆末期。不過伴隨著被稱為大冰雪時代的第五靈災的降臨，他們在島上留下了神子像，然後就突然消失了。雖然留有生活過的痕跡，但他們的真實身份卻無從得知，也就是說我們所說的「被遺忘之民」。<hex:02100103>　　時光流逝，到了第五星曆時代，彼時的人們已經掌握了航海術。後來他們當中的一部分人前往了威爾布蘭德島，與尼姆這個城邦國家的建國有著千絲萬縷的聯繫。但是尼姆在第六靈災中被毀滅，島民的子孫們又再次逃回了阿羅阿羅島。到了第六星曆時代，算術得到了大力發展，一部分島民又再次回到了威爾布蘭德島，並將秘術發揚光大。然後就到了100年前，海底火山噴發，阿羅阿羅島再次變成了無人島。但既然說歷史是會重覆的，那相信終有一天還會有人再次遷入那裡。
27,司掌大海與天空之神,　　「遭遇的巨大鯨魚，擁有著薩維奈織物一般美麗的顏色……但卻是個殘暴可怕的生物。」<hex:02100103><hex:02100103>　　南洋群島上至今仍流傳著關於飛天鯨魚的傳說。其中尤以「肖科莫」這個名字最為出名，而據卡利卡所說，阿羅阿羅島上通常稱呼其為「凱圖嘟凱」，並將其視為神明使者，還特意為它製作了雕像。也就是說摩提夏他們所遭遇的，或許就是這個凱圖嘟凱。摩提夏在了解到這些之後，擔心打倒神明使者會造成什麼不好的影響。對此，卡利卡提議如果有所擔心可以向鯨魚的雕像獻上祈禱，並為摩提夏等人寫下了具體的流程。<hex:02100103>　　先是找到眾神鵰像所在的位置，接著在鯨魚雕像的面前詠唱「跨越水平線的神明啊」，繼而獲得祝福。接下來順時針繞眾神鵰像轉一圈，再逆時針轉一圈，然後在鯨魚雕像面前跳舞，就能完成祈禱儀式了。雖然細節上有些不同，但將自然界的動物視為聖物這點，跟信奉多個神明的薩維奈多少有些相似之處。
28,食毒之魚,　　「因為是很有力量的魚，所以即便是對於身為捕魚人的我來說也是一場惡戰！」<hex:02100103><hex:02100103>　　摩提夏釣到的這條龍梭魚，會將食物中獲得的毒素積蓄在體內，因此不適合食用。但又因不是與生俱來的有毒生物，所以也不是所有個體均不適合食用，還是會有人願意冒著生命危險去挑戰……不，有的煉金術士為了調查其功效，不惜冒著生命危險嘗試未知素材，甚至因此殞命，所以會有人願意吃這種魚也不算奇怪吧。但好在代米爾遺烈鄉保管的煉金素材的圖鑑中有關於這種魚的記錄，我才得以成功避開這種無謀的冒險。<hex:02100103>　　似乎就跟從桓娑鳥的毒腺中獲得的毒液一樣，這種魚積蓄的毒也可以作為煉金素材使用。由於此地有著讓自然資源更加豐富的力量，因此它會吃下各種不同的食物，從而積蓄大量的毒素。而且據卡利卡所說，這種魚可以幫忙吃掉有毒的海藻和小魚等，所以過去的島民們都很感謝它。如果不小心釣到了，會送上感謝的話語，並把它送回到海裡……不知道把它帶回去合不合適呢？
29,算術與秘術的痕跡,　　「滿眼都是綠色，中間如果有一朵紅色的花就會格外顯眼……我正看得投入呢，結果走著走著突然遇見了一個木製的神奇人偶，著實嚇了一跳！」<hex:02100103><hex:02100103>　　距今約100年前，阿羅阿羅島的近海發生了海底火山噴發。這場噴發不僅引發了海嘯，噴出的煙灰長時間遮擋著陽光，導致環境發生了巨變，當時的島民們只能無奈選擇離開了已經居住多年的故鄉。有的船隻雖然倖免於海嘯的襲擊，但也遭到了火山噴髮帶來的大量碎石的阻攔，大大增加了居民離島的難度。<hex:02100103>　　而且阿羅阿羅島上有大量的運用算術的研究記錄和後來成立的秘術有關的魔導書等文獻成果。想將它們全部帶走難度太大，所以包括摩提夏等人之前遭遇的木製人偶「拉拉魯」在內，很多東西都必須要選擇放棄。卡利卡表示，雖然拉拉魯得以保存了下來，但書籍類的東西幾乎都被自然所吞沒，伴隨著歲月的流逝消失得無影無蹤。<hex:02100103>　　雖然目前阿羅阿羅島是個無人島，不過南洋群島上如今還是有一些有人類居住的島嶼。這些島上或許至今依然保留著當初人們逃難時帶走的資料和文獻。
30,聚集在大樹下的人們,　　「雖然薩維奈島上也有大樹，但也沒大到那個份上。那也是受到了讓自然資源更加豐富的力量的影響嗎？」<hex:02100103><hex:02100103>　　那棵巨大的樹在誕生之時就已經存在於阿羅阿羅島了。那周圍聚集了很多志在學習算術的島民，並形成了一個村落。他們試圖通過算術解開神子寶玉擁有的「讓自然資源更加豐富的力量」的秘密，夜以繼日地刻苦鑽研。而作為研究的副產物誕生的，便是刻在大樹上的眾多魔紋。卡利卡提到過其中有種魔紋可以從魔物的血中提取乙太，促進植物生長。據說四隻魔物的血就足以讓大樹的樹枝變長，妥善運用的話或許可以開闢新道路。<hex:02100103>　　不過既然是要調查祭場，那當初為何沒有將擁有寶玉的神子像所在的祭場設為據點呢？在問過卡利卡後了解到，祭場擁有著一種神奇的力量……或許是曾經的島民「被遺忘之民」施加的魔法，造成了那裡長年被濃霧環繞。為了準備出能抑制這種霧的魔具，於是選擇了將大樹作為據點。但或許又因為在那裡的感覺太舒服了，研究結束之後就一直住在大樹裡面了。
31,用愛心對待小小朋友,　　「我原本以為在枝繁葉茂的地方，說不定會有像卡利卡一樣能說人類語言的文鳥，可結果卻沒找到。」<hex:02100103><hex:02100103>　　聽到這話後卡利卡一臉得意地說「能說人類語言的文鳥只有我！」。不過普通的文鳥自古便存在，在阿羅阿羅島更是成為了信仰對象。也當是為了拉近與卡利卡的關係，我詢問了有沒有向文鳥獻上的祈禱，卡利卡勉為其難地教給我。為了避免遺忘，還是記錄一下吧。<hex:02100103>　　找到眾神鵰像所在的位置後，在文鳥的雕像前詠唱「飛舞在空中的神明啊」，就可以獲得祝福。接下來再向文鳥的雕像獻上飛吻，圍繞著眾神鵰像順時針轉一圈，最後在文鳥雕像面前跳舞，就能完成祈禱儀式了。我嘗試著向卡利卡獻上了飛吻，看看是不是真的能得到祝福，結果卡利卡卻深深地嘆了一口氣，把頭轉向了一邊。我明明那麼喜歡卡利卡，那麼用心地照顧它，真是令人痛心。是我為它準備的飯菜不夠美味嗎？還是應該不知疲倦地天天對它獻上飛吻？又或者……（後面全是對卡利卡深沉的愛意）
32,智慧的魚,　　「沒想到居然能從樹上釣到魚……雖然我平時都是海釣，不過釣淡水魚也別有一番風味啊！」<hex:02100103><hex:02100103>　　據卡利卡所說，摩提夏釣上來的是一種名為「霍羅凱羅魚」的品種。過去人們曾將其堅硬的鱗乾燥打磨，用來製作算盤的算珠。不過這種魚用作食材也非常美味，過去的島民們似乎還認為「吃了它可以變得聰明」。也不知道這是真的能讓頭腦變得清晰，還是只是單純因其與算盤有關的緣故，身為煉金術士著實很感興趣。<hex:02100103>　　摩提夏把魚存到我這裡之後，我立刻開始對其進行調查……不過很可惜，從可食用的部分中只能檢測出普通成分，並沒有什麼重要發現。反倒是魚鱗上具有藥效，小心翼翼將其剝下來進行乾燥後可作為煉金素材使用。如果想食用後變得聰明的話，就不要去鱗，整隻烤製然後食用，不過它的鱗實在是太硬了，味道也不好。如果期待藥效的話，可以將鱗製成粉末，然後煉製成藥丸吞服食用。
33,使魔的歷史,　　「那個小仙女把我害得好慘。嗚嗚，我再也不想見到她了！」<hex:02100103><hex:02100103>　　那個小仙女似乎是名為「斯塔緹絲」的獨行使魔。卡利卡對於她的橫行霸道也是感到很頭疼，還曾試圖用奇妙的道具捕獲她。她真是即殘忍又可怕……有沒有什麼辦法可以避開她設的陷阱？<hex:02100103>　　據卡利卡所說，威爾布蘭德島的城邦國家尼姆遭到了第六靈災的毀滅之後，有多位軍事學者逃到了阿羅阿羅島。以史為鑒，身為軍事學者使魔的小仙女來到了島上也是完全有可能的。不過通常來講，主人死後乙太的供給便會被切斷，使魔也將不復存在。但是斯塔緹絲卻可以獨自行動，說明她一定是有什麼供給乙太的手段。這或許也跟「讓自然資源更加豐富的力量」有關係。<hex:02100103>　　順便一提，創造小仙女這類使魔的技術，似乎就是後來的秘術師創造寶石獸的技術的原型。那麼反過來追溯到很久以前生活在島上的被遺忘之民的木像型使魔，便可以深刻感受到歷史的聯繫，著實令人感興趣。
34,信仰的殘留,　　「到達的像是遺跡一樣的地方，可以感受到一股神聖的氛圍。或許這就是阿羅阿羅島的神明們所在的地方……」<hex:02100103><hex:02100103>　　這應該就是類似薩維奈島的眾僧林園中的神我寺一樣的地方……摩提夏說的話引起了無限遐想，不過按照卡利卡所說，那裡其實是阿羅阿羅島的信仰之地。那個遺跡的某處有類似儀式場地的地方，那裡擺放著眾神的雕像。比如海洋生物「海龜」就是作為神聖的存在為人們所敬仰，所以那裡也有「海龜」的雕像。卡利卡提議說，身為捕魚人的摩提夏與大海有緣，因此發現雕像之後向海龜獻上祈禱也不失為一件好事。為了讓摩提夏能順利完成祈禱，我刻意記下了具體的流程。<hex:02100103>　　找到眾神鵰像之後，首先在海龜雕像的面前詠唱「生於陸地投身大海的神明啊」，便可以獲得祝福。隨後繞著眾神鵰像逆時針轉兩圈，最後對著海龜雕像行禮，就能完成祈禱儀式了。<hex:02100103>　　眾神鵰像零星分布在居住地遺址中，或許其排列順序也蘊含著某種意義……總之可以看出，阿羅阿羅島和拉札罕一樣，信仰深深地扎根在人們心中。
35,曾為拉拉菲爾族的魚,　　「感覺釣到了一種很神奇的魚！看上去像是長著一張人類的面龐，非常可愛的傢伙！」<hex:02100103><hex:02100103>　　雖然我也希望今後可以跟摩提夏一直保持好友關係，不過可惜的是，這次我與他意見不合。他在阿羅阿羅島上釣到的魚，老實說我覺得有些可怕。我認為可愛的應該像是卡利卡那樣的孩子，看來我跟摩提夏在可愛的標準上無法做到相互理解。<hex:02100103>　　與舊友之間的可悲的裂痕先暫且不說。按照卡利卡的說法，阿羅阿羅島過去的居民曾將這種神奇的魚稱作拉拉魚。據說是在一個狂風大作的日子裡掉入水中的拉拉菲爾族變成的魚，大人們常跟孩子們講，如果不想變成像它一樣的話，那麼千萬不要在大風天氣裡靠近水邊。如果關於拉拉菲爾族變的這件事萬一是真的，那麼將其作為煉金素材使用多少還是會有所忌憚。雖然我也想相信這是為了讓孩子們老實一點而編出來的故事，不過心情確實複雜。
36,金黃色的回憶,　　「我釣到了在薩維奈島從未見過的金黃色的魚……這肯定就是阿羅阿羅島的釣場之王了！」<hex:02100103><hex:02100103>　　據說過去在阿羅阿羅島上，曾有一段時期在幼兒之間流行過熱病。此時將在祭場釣到的魚製成湯，讓得病的孩子服下，便可快速恢復。而且之後也不會再得同樣的病，可以一直健康茁壯地成長。自那之後，每次島上有新生兒誕生時，人們就會將在祭場釣到的金黃色的貢貝薩魚製成湯，讓嬰兒服下。因為神子像的祭場更容易體現出寶玉的力量，所以推測更能提升這種魚的功效。其作為煉金素材的價值也非常高。<hex:02100103>　　我與摩提夏打小便認識，但或許也有工作不同的原因，我們很少有機會一起完成一件事。所以這次能和他合作，還認識了卡利卡這樣一位可愛的朋友，還有機會分析珍貴的煉金素材，開心的事實在是太多了……這份手記原本只是想著能為摩提夏他們提供點幫助才開始寫的，結果一不留神就寫了整整一本。這都是多虧了卡利卡和摩提夏，還有幫忙實現了造訪阿羅阿羅島的冒險者閣下，真心地感謝你們。
37,,
38,,
39,,
40,,
41,,
42,,
43,,
44,,
45,,
46,,
47,,
48,,
49,,
